S/N,Order #,Tracking #,AWB,Carrier,Company,Order Sources,Creation Date,Pending Since,Delivery Date
"1",="260112STWT6EAE","CLL3MNE115566491 $","","SPX Express","Monde Nissin","Shopee Philippines (Monde Nissin Shopee)","12 Jan, 2026","3 days ago","13 Jan, 2026 11AM - 8PM"
"2",="260112T09WJV1J","CLL3MNE115568758 $","","SPX Express","Monde Nissin","Shopee Philippines (Monde Nissin Shopee)","12 Jan, 2026","3 days ago","13 Jan, 2026 11AM - 8PM"
"3",="260112T2TH9QD2","CLL3MNE115569432","","J&T Cargo","Monde Nissin","Shopee Philippines (Monde Nissin Shopee)","12 Jan, 2026","3 days ago","13 Jan, 2026 11AM - 8PM"
"4",="1072688342772109","MP1426012029 $","MP1426012029","LEX","Monde Nissin","Lazada Philippines (Monde Nissin Lazada)","12 Jan, 2026","3 days ago","16 Jan, 2026 11AM - 8PM"
"5",="260113V1H0CUQ6","CLL3MNE115587887","","SPX Express","Monde Nissin","Shopee Philippines (Monde Nissin Shopee)","13 Jan, 2026","2 days ago","14 Jan, 2026 11AM - 8PM"
"6",="260113V57VJKHW","CLL3MNE115589385","","SPX Express","Monde Nissin","Shopee Philippines (Monde Nissin Shopee)","13 Jan, 2026","2 days ago","14 Jan, 2026 11AM - 8PM"
"7",="260113VC6450CF","CLL3MNE115592672","","SPX Express","Monde Nissin","Shopee Philippines (Monde Nissin Shopee)","13 Jan, 2026","2 days ago","14 Jan, 2026 11AM - 8PM"
"8",="260113VG8DJKSB","CLL3MNE115595089","","SPX Express","Monde Nissin","Shopee Philippines (Monde Nissin Shopee)","13 Jan, 2026","2 days ago","14 Jan, 2026 11AM - 8PM"
"9",="260113VGC019UK","CLL3MNE115595226","","SPX Express","Monde Nissin","Shopee Philippines (Monde Nissin Shopee)","13 Jan, 2026","2 days ago","14 Jan, 2026 11AM - 8PM"
"10",="1072852182376615","MP1426347917","MP1426347917","LEX","Monde Nissin","Lazada Philippines (Monde Nissin Lazada)","13 Jan, 2026","2 days ago","16 Jan, 2026 11AM - 8PM"
"11",="260113VGV4X1EK","CLL3MNE115595524","","SPX Express","Monde Nissin","Shopee Philippines (Monde Nissin Shopee)","13 Jan, 2026","2 days ago","14 Jan, 2026 11AM - 8PM"
"12",="260113VH7PXXMH","CLL3MNE115595887 $","","SPX Express","Monde Nissin","Shopee Philippines (Monde Nissin Shopee)","13 Jan, 2026","2 days ago","14 Jan, 2026 11AM - 8PM"
"13",="260113VHAGKH16","CLL3MNE115596025 $","","SPX Express","Monde Nissin","Shopee Philippines (Monde Nissin Shopee)","13 Jan, 2026","2 days ago","14 Jan, 2026 11AM - 8PM"
"14",="260113VJMTU7MR","CLL3MNE115596318","","SPX Express","Monde Nissin","Shopee Philippines (Monde Nissin Shopee)","13 Jan, 2026","2 days ago","14 Jan, 2026 11AM - 8PM"
"15",="260113VKDXQH85","CLL3MNE115596970 $","","J&T Cargo","Monde Nissin","Shopee Philippines (Monde Nissin Shopee)","13 Jan, 2026","2 days ago","14 Jan, 2026 11AM - 8PM"
"16",="260113VMQSREXS","CLL3MNE115597580 $","","SPX Express","Monde Nissin","Shopee Philippines (Monde Nissin Shopee)","13 Jan, 2026","2 days ago","14 Jan, 2026 11AM - 8PM"
"17",="260113VNWRNTQT","CLL3MNE115597911","","SPX Express","Monde Nissin","Shopee Philippines (Monde Nissin Shopee)","13 Jan, 2026","2 days ago","14 Jan, 2026 11AM - 8PM"
"18",="260113VR9F13NK","CLL3MNE115598950","","SPX Express","Monde Nissin","Shopee Philippines (Monde Nissin Shopee)","13 Jan, 2026","2 days ago","14 Jan, 2026 11AM - 8PM"
"19",="260113VSJ7NA8F","CLL3MNE115599508","","J&T Cargo","Monde Nissin","Shopee Philippines (Monde Nissin Shopee)","13 Jan, 2026","2 days ago","14 Jan, 2026 11AM - 8PM"
"20",="1072883591070552","MP1426376646","MP1426376646","LEX PH","Monde Nissin","Lazada Philippines (Monde Nissin Lazada)","13 Jan, 2026","2 days ago","16 Jan, 2026 11AM - 8PM"
"21",="260113VSVJJ0E5","CLL3MNE115599726","","J&T Cargo","Monde Nissin","Shopee Philippines (Monde Nissin Shopee)","13 Jan, 2026","2 days ago","14 Jan, 2026 11AM - 8PM"
"22",="260113VSJ4TKM1","CLL3MNE115599743 $","","SPX Express","Monde Nissin","Shopee Philippines (Monde Nissin Shopee)","13 Jan, 2026","2 days ago","14 Jan, 2026 11AM - 8PM"
"23",="260113VT2P4CY3","CLL3MNE115599942 $","","SPX Express","Monde Nissin","Shopee Philippines (Monde Nissin Shopee)","13 Jan, 2026","2 days ago","14 Jan, 2026 11AM - 8PM"
"24",="260113VU9PF800","CLL3MNE115600334","","SPX Express","Monde Nissin","Shopee Philippines (Monde Nissin Shopee)","13 Jan, 2026","2 days ago","14 Jan, 2026 11AM - 8PM"
"25",="1072895153448737","MP1426379241 $","MP1426379241","LEX PH","Monde Nissin","Lazada Philippines (Monde Nissin Lazada)","13 Jan, 2026","2 days ago","16 Jan, 2026 11AM - 8PM"
"26",="260113VUUNG6N5","CLL3MNE115600571","","SPX Express","Monde Nissin","Shopee Philippines (Monde Nissin Shopee)","13 Jan, 2026","2 days ago","14 Jan, 2026 11AM - 8PM"
"27",="260113VVPRE6S4","CLL3MNE115600918","","SPX Express","Monde Nissin","Shopee Philippines (Monde Nissin Shopee)","13 Jan, 2026","2 days ago","14 Jan, 2026 11AM - 8PM"
"28",="260111PJ5BB0WB","CLL3MNE115601209","","SPX Express","Monde Nissin","Shopee Philippines (Monde Nissin Shopee)","13 Jan, 2026","2 days ago","15 Jan, 2026 11AM - 8PM"
"29",="260111P5ENGT71","CLL3MNE115601379","","SPX Express","Monde Nissin","Shopee Philippines (Monde Nissin Shopee)","13 Jan, 2026","2 days ago","15 Jan, 2026 11AM - 8PM"
"30",="260113VXVWAMQJ","CLL3MNE115601914","","SPX Express","Monde Nissin","Shopee Philippines (Monde Nissin Shopee)","13 Jan, 2026","2 days ago","14 Jan, 2026 11AM - 8PM"
"31",="582098846086300696","CLL3MNE115602236","","J&T Express","Monde Nissin","Tiktok Philippines (Monde Nissin Tiktok)","13 Jan, 2026","2 days ago","16 Jan, 2026 11AM - 8PM"
"32",="260113W23PKTX4","CLL3MNE115603404","","SPX Express","Monde Nissin","Shopee Philippines (Monde Nissin Shopee)","13 Jan, 2026","2 days ago","14 Jan, 2026 11AM - 8PM"
"33",="260113W38XP19F","CLL3MNE115604235 $","","SPX Express","Monde Nissin","Shopee Philippines (Monde Nissin Shopee)","13 Jan, 2026","2 days ago","14 Jan, 2026 11AM - 8PM"
"34",="582099922087085632","CLL3MNE115604492","","Flash Express Philippines","Monde Nissin","Tiktok Philippines (Monde Nissin Tiktok)","13 Jan, 2026","2 days ago","16 Jan, 2026 11AM - 8PM"
"35",="582099878516589570","CLL3MNE115604610 $","","J&T Express","Monde Nissin","Tiktok Philippines (Monde Nissin Tiktok)","13 Jan, 2026","2 days ago","16 Jan, 2026 11AM - 8PM"
"36",="582100655238448692","CLL3MNE115605794 $","","J&T Express","Monde Nissin","Tiktok Philippines (Monde Nissin Tiktok)","13 Jan, 2026","2 days ago","16 Jan, 2026 11AM - 8PM"
"37",="260113044YGRVG","CLL3MNE115606034 $","","XDE Logistics","Monde Nissin","Shopee Philippines (Monde Nissin Shopee)","13 Jan, 2026","2 days ago","15 Jan, 2026 11AM - 8PM"
"38",="26011305HFBJ44","CLL3MNE115606543","","SPX Express","Monde Nissin","Shopee Philippines (Monde Nissin Shopee)","13 Jan, 2026","2 days ago","14 Jan, 2026 11AM - 8PM"
"39",="26011305GNMUY0","CLL3MNE115606549","","SPX Express","Monde Nissin","Shopee Philippines (Monde Nissin Shopee)","13 Jan, 2026","2 days ago","14 Jan, 2026 11AM - 8PM"
"40",="26011307GGCFJT","CLL3MNE115607347","","SPX Express","Monde Nissin","Shopee Philippines (Monde Nissin Shopee)","13 Jan, 2026","2 days ago","14 Jan, 2026 11AM - 8PM"
"41",="582101785333302923","CLL3MNE115607503","","J&T Express","Monde Nissin","Tiktok Philippines (Monde Nissin Tiktok)","13 Jan, 2026","2 days ago","16 Jan, 2026 11AM - 8PM"
"42",="2601130ACWQV15","CLL3MNE115608603","","SPX Express","Monde Nissin","Shopee Philippines (Monde Nissin Shopee)","13 Jan, 2026","2 days ago","14 Jan, 2026 11AM - 8PM"
"43",="260112T28H9U8F","CLL3MNE115610050","","SPX Express","Monde Nissin","Shopee Philippines (Monde Nissin Shopee)","13 Jan, 2026","1 day ago","14 Jan, 2026 11AM - 8PM"
"44",="2601130HP37K6K","CLL3MNE115611106","","SPX Express","Monde Nissin","Shopee Philippines (Monde Nissin Shopee)","14 Jan, 2026","1 day ago","14 Jan, 2026 11AM - 8PM"
"45",="1064630472522816","MP1426560414","MP1426560414","LEX","Monde Nissin","Lazada Philippines (Monde Nissin Lazada)","14 Jan, 2026","1 day ago","16 Jan, 2026 11AM - 8PM"
"46",="2601140K67E5TP","CLL3MNE115611657 $","","SPX Express","Monde Nissin","Shopee Philippines (Monde Nissin Shopee)","14 Jan, 2026","1 day ago","14 Jan, 2026 11AM - 8PM"
"47",="26011306UH11VA","CLL3MNE115611972 $","","SPX Express","Monde Nissin","Shopee Philippines (Monde Nissin Shopee)","14 Jan, 2026","1 day ago","14 Jan, 2026 11AM - 8PM"
"48",="582105134956316535","CLL3MNE115612096 $","","Flash Express Philippines","Monde Nissin","Tiktok Philippines (Monde Nissin Tiktok)","14 Jan, 2026","1 day ago","16 Jan, 2026 11AM - 8PM"
"49",="2601140T62FS3T","CLL3MNE115613146 $","","SPX Express","Monde Nissin","Shopee Philippines (Monde Nissin Shopee)","14 Jan, 2026","1 day ago","14 Jan, 2026 11AM - 8PM"
"50",="2601140YJK9AKY","CLL3MNE115613799 $","","J&T Cargo","Monde Nissin","Shopee Philippines (Monde Nissin Shopee)","14 Jan, 2026","1 day ago","16 Jan, 2026 11AM - 8PM"
"51",="26011412HDVAXU","CLL3MNE115614136 $","","SPX Express","Monde Nissin","Shopee Philippines (Monde Nissin Shopee)","14 Jan, 2026","1 day ago","14 Jan, 2026 11AM - 8PM"
"52",="2601141AA84KD7","CLL3MNE115615769","","SPX Express","Monde Nissin","Shopee Philippines (Monde Nissin Shopee)","14 Jan, 2026","1 day ago","14 Jan, 2026 11AM - 8PM"
"53",="2601141AYK07NT","CLL3MNE115615891","","SPX Express","Monde Nissin","Shopee Philippines (Monde Nissin Shopee)","14 Jan, 2026","1 day ago","14 Jan, 2026 11AM - 8PM"
"54",="2601141BJS5UK0","CLL3MNE115616243 $","","SPX Express","Monde Nissin","Shopee Philippines (Monde Nissin Shopee)","14 Jan, 2026","1 day ago","14 Jan, 2026 11AM - 8PM"
"55",="2601141BSEQT3G","CLL3MNE115616316 $","","SPX Express","Monde Nissin","Shopee Philippines (Monde Nissin Shopee)","14 Jan, 2026","1 day ago","14 Jan, 2026 11AM - 8PM"
"56",="2601141DG8JKNT","CLL3MNE115616785","","SPX Express","Monde Nissin","Shopee Philippines (Monde Nissin Shopee)","14 Jan, 2026","1 day ago","15 Jan, 2026 11AM - 8PM"
"57",="582107175136101727","CLL3MNE115616905","","J&T Express","Monde Nissin","Tiktok Philippines (Monde Nissin Tiktok)","14 Jan, 2026","1 day ago","16 Jan, 2026 11AM - 8PM"
"58",="582107239676478592","CLL3MNE115617192","","J&T Express","Monde Nissin","Tiktok Philippines (Monde Nissin Tiktok)","14 Jan, 2026","1 day ago","16 Jan, 2026 11AM - 8PM"
"59",="582107563286234280","CLL3MNE115617918 $","","J&T Express","Monde Nissin","Tiktok Philippines (Monde Nissin Tiktok)","14 Jan, 2026","1 day ago","16 Jan, 2026 11AM - 8PM"
"60",="1073044531661268","MP1426692362","MP1426692362","LEX","Monde Nissin","Lazada Philippines (Monde Nissin Lazada)","14 Jan, 2026","1 day ago","16 Jan, 2026 11AM - 8PM"
"61",="2601141G39G3FE","CLL3MNE115618226 $","","SPX Express","Monde Nissin","Shopee Philippines (Monde Nissin Shopee)","14 Jan, 2026","1 day ago","15 Jan, 2026 11AM - 8PM"
"62",="2601141H1MBK6Y","CLL3MNE115618321","","SPX Express","Monde Nissin","Shopee Philippines (Monde Nissin Shopee)","14 Jan, 2026","1 day ago","15 Jan, 2026 11AM - 8PM"
"63",="2601141H9UHEAA","CLL3MNE115618477","","SPX Express","Monde Nissin","Shopee Philippines (Monde Nissin Shopee)","14 Jan, 2026","1 day ago","15 Jan, 2026 11AM - 8PM"
"64",="582107775674188851","CLL3MNE115618668 $","","Flash Express Philippines","Monde Nissin","Tiktok Philippines (Monde Nissin Tiktok)","14 Jan, 2026","1 day ago","16 Jan, 2026 11AM - 8PM"
"65",="582108113080452660","CLL3MNE115619389 $","","J&T Express","Monde Nissin","Tiktok Philippines (Monde Nissin Tiktok)","14 Jan, 2026","1 day ago","16 Jan, 2026 11AM - 8PM"
"66",="582108356629399049","CLL3MNE115620016","","Flash Express Philippines","Monde Nissin","Tiktok Philippines (Monde Nissin Tiktok)","14 Jan, 2026","1 day ago","16 Jan, 2026 11AM - 8PM"
"67",="582108721228711215","CLL3MNE115620933","","J&T Express","Monde Nissin","Tiktok Philippines (Monde Nissin Tiktok)","14 Jan, 2026","1 day ago","16 Jan, 2026 11AM - 8PM"
"68",="2601141NR889XF","CLL3MNE115621142 $","","SPX Express","Monde Nissin","Shopee Philippines (Monde Nissin Shopee)","14 Jan, 2026","1 day ago","15 Jan, 2026 11AM - 8PM"
"69",="2601141PPRT58K","CLL3MNE115621403","","SPX Express","Monde Nissin","Shopee Philippines (Monde Nissin Shopee)","14 Jan, 2026","24 hrs ago","15 Jan, 2026 11AM - 8PM"
"70",="2601141Q69P6X9","CLL3MNE115622109 $","","SPX Express","Monde Nissin","Shopee Philippines (Monde Nissin Shopee)","14 Jan, 2026","24 hrs ago","15 Jan, 2026 11AM - 8PM"
"71",="2601141RDRA2W7","CLL3MNE115622573","","J&T Cargo","Monde Nissin","Shopee Philippines (Monde Nissin Shopee)","14 Jan, 2026","23 hrs ago","15 Jan, 2026 11AM - 8PM"
"72",="2601141RGHYS7J","CLL3MNE115622574","","J&T Cargo","Monde Nissin","Shopee Philippines (Monde Nissin Shopee)","14 Jan, 2026","23 hrs ago","15 Jan, 2026 11AM - 8PM"
"73",="582109489233167761","CLL3MNE115622884","","J&T Express","Monde Nissin","Tiktok Philippines (Monde Nissin Tiktok)","14 Jan, 2026","23 hrs ago","16 Jan, 2026 11AM - 8PM"
"74",="582109533619914094","CLL3MNE115623031","","Flash Express Philippines","Monde Nissin","Tiktok Philippines (Monde Nissin Tiktok)","14 Jan, 2026","23 hrs ago","16 Jan, 2026 11AM - 8PM"
"75",="582109549227509693","CLL3MNE115623061 $","","J&T Express","Monde Nissin","Tiktok Philippines (Monde Nissin Tiktok)","14 Jan, 2026","23 hrs ago","16 Jan, 2026 11AM - 8PM"
"76",="2601141T12H2A9","CLL3MNE115623894 $","","SPX Express","Monde Nissin","Shopee Philippines (Monde Nissin Shopee)","14 Jan, 2026","23 hrs ago","15 Jan, 2026 11AM - 8PM"
"77",="582110010610059141","CLL3MNE115624481","","J&T Express","Monde Nissin","Tiktok Philippines (Monde Nissin Tiktok)","14 Jan, 2026","23 hrs ago","16 Jan, 2026 11AM - 8PM"
"78",="2601141URBJG6A","CLL3MNE115624720","","SPX Express","Monde Nissin","Shopee Philippines (Monde Nissin Shopee)","14 Jan, 2026","22 hrs ago","15 Jan, 2026 11AM - 8PM"
"79",="1064746657884145","P1903GJJ2H7AP","P1903GJJ2H7AP","LEX","Monde Nissin","Lazada Philippines (Monde Nissin Lazada)","14 Jan, 2026","22 hrs ago","16 Jan, 2026 11AM - 8PM"
"80",="pendingLCS-13918-FAUDHXBMY","CLL3BAN115625938","","PRIMER","Lego","Www.Bankeebricks.Ph","14 Jan, 2026","22 hrs ago","15 Jan, 2026 11AM - 8PM"
"81",="2601141Y9W2TN4","CLL3MNE115627234 $","","SPX Express","Monde Nissin","Shopee Philippines (Monde Nissin Shopee)","14 Jan, 2026","21 hrs ago","15 Jan, 2026 11AM - 8PM"
"82",="582111369346516696","CLL3MNE115627560","","Flash Express Philippines","Monde Nissin","Tiktok Philippines (Monde Nissin Tiktok)","14 Jan, 2026","21 hrs ago","16 Jan, 2026 11AM - 8PM"
"83",="26011420S7JNQ7","CLL3MNE115627751","","SPX Express","Monde Nissin","Shopee Philippines (Monde Nissin Shopee)","14 Jan, 2026","21 hrs ago","15 Jan, 2026 11AM - 8PM"
"84",="26011420HXU9V4","CLL3MNE115627817 $","","J&T Cargo","Monde Nissin","Shopee Philippines (Monde Nissin Shopee)","14 Jan, 2026","21 hrs ago","15 Jan, 2026 11AM - 8PM"
"85",="2601142178P1U7","CLL3MNE115627904","","SPX Express","Monde Nissin","Shopee Philippines (Monde Nissin Shopee)","14 Jan, 2026","21 hrs ago","15 Jan, 2026 11AM - 8PM"
"86",="2601141CFJBWU6","CLL3MNE115628137 $","","SPX Express","Monde Nissin","Shopee Philippines (Monde Nissin Shopee)","14 Jan, 2026","21 hrs ago","15 Jan, 2026 11AM - 8PM"
"87",="582112030969792269","CLL3MNE115628857 $","","J&T Express","Monde Nissin","Tiktok Philippines (Monde Nissin Tiktok)","14 Jan, 2026","20 hrs ago","16 Jan, 2026 11AM - 8PM"
"88",="582112089993283431","CLL3MNE115629097","","J&T Express","Monde Nissin","Tiktok Philippines (Monde Nissin Tiktok)","14 Jan, 2026","20 hrs ago","16 Jan, 2026 11AM - 8PM"
"89",="260114241DKRT9","CLL3MNE115629451","","SPX Express","Monde Nissin","Shopee Philippines (Monde Nissin Shopee)","14 Jan, 2026","20 hrs ago","15 Jan, 2026 11AM - 8PM"
"90",="2601142426DE99","CLL3MNE115629455","","J&T Cargo","Monde Nissin","Shopee Philippines (Monde Nissin Shopee)","14 Jan, 2026","20 hrs ago","15 Jan, 2026 11AM - 8PM"
"91",="26011424R56BE3","CLL3MNE115629780","","SPX Express","Monde Nissin","Shopee Philippines (Monde Nissin Shopee)","14 Jan, 2026","20 hrs ago","15 Jan, 2026 11AM - 8PM"
"92",="582112831546230682","CLL3UCH115630474 $","","J&T Express","Cloud Mart","Tiktok Philippines (Cloud Mart Tiktok)","14 Jan, 2026","19 hrs ago","16 Jan, 2026 11AM - 8PM"
"93",="2601142775EXBH","CLL3MNE115631036","","J&T Cargo","Monde Nissin","Shopee Philippines (Monde Nissin Shopee)","14 Jan, 2026","19 hrs ago","15 Jan, 2026 11AM - 8PM"
"94",="1073145155876008","MP1426790678 $","MP1426790678","LEX","Monde Nissin","Lazada Philippines (Monde Nissin Lazada)","14 Jan, 2026","19 hrs ago","16 Jan, 2026 11AM - 8PM"
"95",="pendingMCO-151-UNUZLYEPM","CLL3LGM115631776","","PRIMER","LAGUNA MAIN COMPANY","Www.Mccormick.Com.Ph","14 Jan, 2026","19 hrs ago","16 Jan, 2026 11AM - 8PM"
"96",="26011429CCRYEB","CLL3MNE115632180","","J&T Cargo","Monde Nissin","Shopee Philippines (Monde Nissin Shopee)","14 Jan, 2026","18 hrs ago","15 Jan, 2026 11AM - 8PM"
"97",="2601142B4DQJT3","CLL3MNE115632927","","SPX Express","Monde Nissin","Shopee Philippines (Monde Nissin Shopee)","14 Jan, 2026","18 hrs ago","15 Jan, 2026 11AM - 8PM"
"98",="2601142CKQ74KM","CLL3MNE115634539 $","","J&T Cargo","Monde Nissin","Shopee Philippines (Monde Nissin Shopee)","14 Jan, 2026","17 hrs ago","15 Jan, 2026 11AM - 8PM"
"99",="2601142E8RRXKV","CLL3MNE115634660","","SPX Express","Monde Nissin","Shopee Philippines (Monde Nissin Shopee)","14 Jan, 2026","17 hrs ago","15 Jan, 2026 11AM - 8PM"
"100",="2601142H3X0DBS","CLL3MNE115635613","","SPX Express","Monde Nissin","Shopee Philippines (Monde Nissin Shopee)","14 Jan, 2026","16 hrs ago","15 Jan, 2026 11AM - 8PM"
"101",="582115501616956791","CLL3MNE115635646 $","","J&T Express","Monde Nissin","Tiktok Philippines (Monde Nissin Tiktok)","14 Jan, 2026","16 hrs ago","16 Jan, 2026 11AM - 8PM"
"102",="582115619352512300","CLL3MNE115635836 $","","J&T Express","Monde Nissin","Tiktok Philippines (Monde Nissin Tiktok)","14 Jan, 2026","16 hrs ago","16 Jan, 2026 11AM - 8PM"
"103",="2601142H14CXF0","CLL3MNE115635843","","SPX Express","Monde Nissin","Shopee Philippines (Monde Nissin Shopee)","14 Jan, 2026","16 hrs ago","15 Jan, 2026 11AM - 8PM"
"104",="2601142HHVBC0R","CLL3MNE115635854","","SPX Express","Monde Nissin","Shopee Philippines (Monde Nissin Shopee)","14 Jan, 2026","16 hrs ago","15 Jan, 2026 11AM - 8PM"
"105",="2601142TP092DG","CLL3MNE115640445 $","","SPX Express","Monde Nissin","Shopee Philippines (Monde Nissin Shopee)","14 Jan, 2026","13 hrs ago","15 Jan, 2026 11AM - 8PM"
"106",="2601142U7Y9VMC","CLL3MNE115640450","","J&T Cargo","Monde Nissin","Shopee Philippines (Monde Nissin Shopee)","14 Jan, 2026","13 hrs ago","15 Jan, 2026 11AM - 8PM"
"107",="2601142TVXEP6D","CLL3MNE115640719 $","","J&T Cargo","Monde Nissin","Shopee Philippines (Monde Nissin Shopee)","14 Jan, 2026","13 hrs ago","16 Jan, 2026 11AM - 8PM"
"108",="2601142UTAS4VH","CLL3MNE115640765","","J&T Cargo","Monde Nissin","Shopee Philippines (Monde Nissin Shopee)","14 Jan, 2026","13 hrs ago","15 Jan, 2026 11AM - 8PM"
"109",="2601142UWKQFNV","CLL3MNE115641085 $","","SPX Express","Monde Nissin","Shopee Philippines (Monde Nissin Shopee)","14 Jan, 2026","13 hrs ago","15 Jan, 2026 11AM - 8PM"
"110",="2601142W387V2F","CLL3MNE115641379","","XDE Logistics","Monde Nissin","Shopee Philippines (Monde Nissin Shopee)","14 Jan, 2026","13 hrs ago","16 Jan, 2026 11AM - 8PM"
"111",="582119016440497713","CLL3MNE115641569","","J&T Express","Monde Nissin","Tiktok Philippines (Monde Nissin Tiktok)","14 Jan, 2026","12 hrs ago","16 Jan, 2026 11AM - 8PM"
"112",="2601142WEA0BF5","CLL3MNE115641594","","SPX Express","Monde Nissin","Shopee Philippines (Monde Nissin Shopee)","14 Jan, 2026","12 hrs ago","15 Jan, 2026 11AM - 8PM"
"113",="1064907204540365","CLL3MNE115641783 $","","LEX","Monde Nissin","Lazada Philippines (Monde Nissin Lazada)","14 Jan, 2026","12 hrs ago","16 Jan, 2026 11AM - 8PM"
"114",="1064905418220790","CLL3MNE115641784 $","","LEX","Monde Nissin","Lazada Philippines (Monde Nissin Lazada)","14 Jan, 2026","12 hrs ago","16 Jan, 2026 11AM - 8PM"
"115",="1073263709584584","CLL3MNE115642198 $","","LEX","Monde Nissin","Lazada Philippines (Monde Nissin Lazada)","14 Jan, 2026","12 hrs ago","16 Jan, 2026 11AM - 8PM"
"116",="26011430J2WYGK","CLL3MNE115642763","","SPX Express","Monde Nissin","Shopee Philippines (Monde Nissin Shopee)","14 Jan, 2026","11 hrs ago","15 Jan, 2026 11AM - 8PM"
"117",="2601142X7MM1PR","CLL3MNE115642837","","SPX Express","Monde Nissin","Shopee Philippines (Monde Nissin Shopee)","14 Jan, 2026","11 hrs ago","15 Jan, 2026 11AM - 8PM"
"118",="26011430EASBFY","CLL3MNE115642855 $","","SPX Express","Monde Nissin","Shopee Philippines (Monde Nissin Shopee)","14 Jan, 2026","11 hrs ago","15 Jan, 2026 11AM - 8PM"
"119",="26011430XMC2M9","CLL3MNE115642982 $","","SPX Express","Monde Nissin","Shopee Philippines (Monde Nissin Shopee)","14 Jan, 2026","11 hrs ago","15 Jan, 2026 11AM - 8PM"
"120",="1064901092431143","CLL3MNE115643084","","LEX","Monde Nissin","Lazada Philippines (Monde Nissin Lazada)","14 Jan, 2026","11 hrs ago","16 Jan, 2026 11AM - 8PM"
"121",="26011431H5JBVY","CLL3MNE115643190 $","","SPX Express","Monde Nissin","Shopee Philippines (Monde Nissin Shopee)","14 Jan, 2026","11 hrs ago","15 Jan, 2026 11AM - 8PM"
"122",="26011431X3GM92","CLL3MNE115643291","","SPX Express","Monde Nissin","Shopee Philippines (Monde Nissin Shopee)","15 Jan, 2026","11 hrs ago","15 Jan, 2026 11AM - 8PM"
"123",="26011431HXCH6J","CLL3MNE115643297 $","","SPX Express","Monde Nissin","Shopee Philippines (Monde Nissin Shopee)","15 Jan, 2026","11 hrs ago","15 Jan, 2026 11AM - 8PM"
"124",="26011532BMFP1E","CLL3MNE115643344","","SPX Express","Monde Nissin","Shopee Philippines (Monde Nissin Shopee)","15 Jan, 2026","11 hrs ago","15 Jan, 2026 11AM - 8PM"
"125",="1073271518526382","CLL3MNE115643364 $","","LEX","Monde Nissin","Lazada Philippines (Monde Nissin Lazada)","15 Jan, 2026","11 hrs ago","16 Jan, 2026 11AM - 8PM"
"126",="1073263180304249","CLL3MNE115643374 $","","LEX","Monde Nissin","Lazada Philippines (Monde Nissin Lazada)","15 Jan, 2026","11 hrs ago","16 Jan, 2026 11AM - 8PM"
"127",="26011532BAXCWN","CLL3MNE115643428","","SPX Express","Monde Nissin","Shopee Philippines (Monde Nissin Shopee)","15 Jan, 2026","11 hrs ago","15 Jan, 2026 11AM - 8PM"
"128",="26011532F41FEQ","CLL3MNE115643457","","SPX Express","Monde Nissin","Shopee Philippines (Monde Nissin Shopee)","15 Jan, 2026","11 hrs ago","15 Jan, 2026 11AM - 8PM"
"129",="26011532HGC02K","CLL3MNE115643491","","SPX Express","Monde Nissin","Shopee Philippines (Monde Nissin Shopee)","15 Jan, 2026","11 hrs ago","15 Jan, 2026 11AM - 8PM"
"130",="26011532BU3K50","CLL3MNE115643518","","SPX Express","Monde Nissin","Shopee Philippines (Monde Nissin Shopee)","15 Jan, 2026","11 hrs ago","15 Jan, 2026 11AM - 8PM"
"131",="26011532BFMJD7","CLL3MNE115643902 $","","J&T Cargo","Monde Nissin","Shopee Philippines (Monde Nissin Shopee)","15 Jan, 2026","11 hrs ago","15 Jan, 2026 11AM - 8PM"
"132",="26011532H7Q2U3","CLL3MNE115643901 $","","SPX Express","Monde Nissin","Shopee Philippines (Monde Nissin Shopee)","15 Jan, 2026","11 hrs ago","15 Jan, 2026 11AM - 8PM"
"133",="26011532W920PS","CLL3MNE115643900","","SPX Express","Monde Nissin","Shopee Philippines (Monde Nissin Shopee)","15 Jan, 2026","11 hrs ago","15 Jan, 2026 11AM - 8PM"
"134",="26011532EKTVAK","CLL3MNE115643905 $","","SPX Express","Monde Nissin","Shopee Philippines (Monde Nissin Shopee)","15 Jan, 2026","11 hrs ago","15 Jan, 2026 11AM - 8PM"
"135",="26011532BGP1RF","CLL3MNE115643906 $","","J&T Cargo","Monde Nissin","Shopee Philippines (Monde Nissin Shopee)","15 Jan, 2026","11 hrs ago","15 Jan, 2026 11AM - 8PM"
"136",="2601143283VE9H","CLL3MNE115643920 $","","SPX Express","Monde Nissin","Shopee Philippines (Monde Nissin Shopee)","15 Jan, 2026","11 hrs ago","15 Jan, 2026 11AM - 8PM"
"137",="26011532CVEY4A","CLL3MNE115643923 $","","SPX Express","Monde Nissin","Shopee Philippines (Monde Nissin Shopee)","15 Jan, 2026","11 hrs ago","15 Jan, 2026 11AM - 8PM"
"138",="26011532DARVPD","CLL3MNE115643927 $","","SPX Express","Monde Nissin","Shopee Philippines (Monde Nissin Shopee)","15 Jan, 2026","11 hrs ago","15 Jan, 2026 11AM - 8PM"
"139",="26011532VJ4076","CLL3MNE115643946","","SPX Express","Monde Nissin","Shopee Philippines (Monde Nissin Shopee)","15 Jan, 2026","11 hrs ago","15 Jan, 2026 11AM - 8PM"
"140",="260115331FF54D","CLL3MNE115643954","","SPX Express","Monde Nissin","Shopee Philippines (Monde Nissin Shopee)","15 Jan, 2026","11 hrs ago","15 Jan, 2026 11AM - 8PM"
"141",="260115331UX37V","CLL3MNE115643974","","J&T Cargo","Monde Nissin","Shopee Philippines (Monde Nissin Shopee)","15 Jan, 2026","11 hrs ago","15 Jan, 2026 11AM - 8PM"
"142",="26011532YFK1YE","CLL3MNE115643976","","SPX Express","Monde Nissin","Shopee Philippines (Monde Nissin Shopee)","15 Jan, 2026","11 hrs ago","15 Jan, 2026 11AM - 8PM"
"143",="26011532XBC8MS","CLL3MNE115643989","","SPX Express","Monde Nissin","Shopee Philippines (Monde Nissin Shopee)","15 Jan, 2026","11 hrs ago","15 Jan, 2026 11AM - 8PM"
"144",="26011532Y28B44","CLL3MNE115644007","","SPX Express","Monde Nissin","Shopee Philippines (Monde Nissin Shopee)","15 Jan, 2026","11 hrs ago","15 Jan, 2026 11AM - 8PM"
"145",="260115332QJTFE","CLL3MNE115644013","","SPX Express","Monde Nissin","Shopee Philippines (Monde Nissin Shopee)","15 Jan, 2026","11 hrs ago","15 Jan, 2026 11AM - 8PM"
"146",="26011533DQEBYA","CLL3MNE115644021","","SPX Express","Monde Nissin","Shopee Philippines (Monde Nissin Shopee)","15 Jan, 2026","11 hrs ago","15 Jan, 2026 11AM - 8PM"
"147",="260115333Q1S7N","CLL3MNE115644040","","SPX Express","Monde Nissin","Shopee Philippines (Monde Nissin Shopee)","15 Jan, 2026","11 hrs ago","15 Jan, 2026 11AM - 8PM"
"148",="26011532J951FK","CLL3MNE115644051 $","","SPX Express","Monde Nissin","Shopee Philippines (Monde Nissin Shopee)","15 Jan, 2026","11 hrs ago","15 Jan, 2026 11AM - 8PM"
"149",="2601153315X8AP","CLL3MNE115644055","","SPX Express","Monde Nissin","Shopee Philippines (Monde Nissin Shopee)","15 Jan, 2026","11 hrs ago","15 Jan, 2026 11AM - 8PM"
"150",="26011532JEUBK3","CLL3MNE115644060 $","","SPX Express","Monde Nissin","Shopee Philippines (Monde Nissin Shopee)","15 Jan, 2026","11 hrs ago","15 Jan, 2026 11AM - 8PM"
"151",="26011532JGQ2MF","CLL3MNE115644094 $","","SPX Express","Monde Nissin","Shopee Philippines (Monde Nissin Shopee)","15 Jan, 2026","11 hrs ago","15 Jan, 2026 11AM - 8PM"
"152",="26011532JFU4UG","CLL3MNE115644105 $","","SPX Express","Monde Nissin","Shopee Philippines (Monde Nissin Shopee)","15 Jan, 2026","11 hrs ago","15 Jan, 2026 11AM - 8PM"
"153",="260115333VR9J4","CLL3MNE115644109","","SPX Express","Monde Nissin","Shopee Philippines (Monde Nissin Shopee)","15 Jan, 2026","11 hrs ago","15 Jan, 2026 11AM - 8PM"
"154",="26011532WGPA16","CLL3MNE115644114","","SPX Express","Monde Nissin","Shopee Philippines (Monde Nissin Shopee)","15 Jan, 2026","11 hrs ago","15 Jan, 2026 11AM - 8PM"
"155",="2601153371TQKU","CLL3MNE115644119","","SPX Express","Monde Nissin","Shopee Philippines (Monde Nissin Shopee)","15 Jan, 2026","11 hrs ago","15 Jan, 2026 11AM - 8PM"
"156",="260115330MSDNE","CLL3MNE115644121","","SPX Express","Monde Nissin","Shopee Philippines (Monde Nissin Shopee)","15 Jan, 2026","11 hrs ago","15 Jan, 2026 11AM - 8PM"
"157",="260115330TFTJD","CLL3MNE115644127","","J&T Cargo","Monde Nissin","Shopee Philippines (Monde Nissin Shopee)","15 Jan, 2026","11 hrs ago","15 Jan, 2026 11AM - 8PM"
"158",="260115337F65WM","CLL3MNE115644131","","SPX Express","Monde Nissin","Shopee Philippines (Monde Nissin Shopee)","15 Jan, 2026","11 hrs ago","15 Jan, 2026 11AM - 8PM"
"159",="2601153307E2AC","CLL3MNE115644133","","SPX Express","Monde Nissin","Shopee Philippines (Monde Nissin Shopee)","15 Jan, 2026","11 hrs ago","15 Jan, 2026 11AM - 8PM"
"160",="260115338Q7NRY","CLL3MNE115644134","","SPX Express","Monde Nissin","Shopee Philippines (Monde Nissin Shopee)","15 Jan, 2026","11 hrs ago","15 Jan, 2026 11AM - 8PM"
"161",="260115335J5HJE","CLL3MNE115644140","","SPX Express","Monde Nissin","Shopee Philippines (Monde Nissin Shopee)","15 Jan, 2026","11 hrs ago","15 Jan, 2026 11AM - 8PM"
"162",="260115338HFD25","CLL3MNE115644145","","SPX Express","Monde Nissin","Shopee Philippines (Monde Nissin Shopee)","15 Jan, 2026","11 hrs ago","15 Jan, 2026 11AM - 8PM"
"163",="2601153363AY3Y","CLL3MNE115644155","","J&T Cargo","Monde Nissin","Shopee Philippines (Monde Nissin Shopee)","15 Jan, 2026","11 hrs ago","15 Jan, 2026 11AM - 8PM"
"164",="260115334REF8D","CLL3MNE115644160","","SPX Express","Monde Nissin","Shopee Philippines (Monde Nissin Shopee)","15 Jan, 2026","11 hrs ago","15 Jan, 2026 11AM - 8PM"
"165",="260115338DNGBQ","CLL3MNE115644161","","J&T","Monde Nissin","Shopee Philippines (Monde Nissin Shopee)","15 Jan, 2026","11 hrs ago","15 Jan, 2026 11AM - 8PM"
"166",="260115337QRQ2Y","CLL3MNE115644163","","SPX Express","Monde Nissin","Shopee Philippines (Monde Nissin Shopee)","15 Jan, 2026","11 hrs ago","15 Jan, 2026 11AM - 8PM"
"167",="2601153339MDEB","CLL3MNE115644168","","SPX Express","Monde Nissin","Shopee Philippines (Monde Nissin Shopee)","15 Jan, 2026","11 hrs ago","15 Jan, 2026 11AM - 8PM"
"168",="26011532K2V7BB","CLL3MNE115644171 $","","SPX Express","Monde Nissin","Shopee Philippines (Monde Nissin Shopee)","15 Jan, 2026","11 hrs ago","15 Jan, 2026 11AM - 8PM"
"169",="260115335G6ET4","CLL3MNE115644172","","J&T","Monde Nissin","Shopee Philippines (Monde Nissin Shopee)","15 Jan, 2026","11 hrs ago","15 Jan, 2026 11AM - 8PM"
"170",="260115334W6X2Y","CLL3MNE115644176","","SPX Express","Monde Nissin","Shopee Philippines (Monde Nissin Shopee)","15 Jan, 2026","11 hrs ago","15 Jan, 2026 11AM - 8PM"
"171",="260115334HQSS8","CLL3MNE115644183","","SPX Express","Monde Nissin","Shopee Philippines (Monde Nissin Shopee)","15 Jan, 2026","11 hrs ago","15 Jan, 2026 11AM - 8PM"
"172",="26011532NMU3YP","CLL3MNE115644187 $","","SPX Express","Monde Nissin","Shopee Philippines (Monde Nissin Shopee)","15 Jan, 2026","11 hrs ago","15 Jan, 2026 11AM - 8PM"
"173",="26011532JQDQE7","CLL3MNE115644191 $","","J&T Cargo","Monde Nissin","Shopee Philippines (Monde Nissin Shopee)","15 Jan, 2026","11 hrs ago","15 Jan, 2026 11AM - 8PM"
"174",="2601153303JWPW","CLL3MNE115644198","","SPX Express","Monde Nissin","Shopee Philippines (Monde Nissin Shopee)","15 Jan, 2026","11 hrs ago","15 Jan, 2026 11AM - 8PM"
"175",="26011532Y0BECR","CLL3MNE115644197","","SPX Express","Monde Nissin","Shopee Philippines (Monde Nissin Shopee)","15 Jan, 2026","11 hrs ago","15 Jan, 2026 11AM - 8PM"
"176",="26011532K7N4Q3","CLL3MNE115644202 $","","SPX Express","Monde Nissin","Shopee Philippines (Monde Nissin Shopee)","15 Jan, 2026","11 hrs ago","15 Jan, 2026 11AM - 8PM"
"177",="26011532MR9GWX","CLL3MNE115644209 $","","SPX Express","Monde Nissin","Shopee Philippines (Monde Nissin Shopee)","15 Jan, 2026","11 hrs ago","15 Jan, 2026 11AM - 8PM"
"178",="26011532QMTCY3","CLL3MNE115644217 $","","SPX Express","Monde Nissin","Shopee Philippines (Monde Nissin Shopee)","15 Jan, 2026","11 hrs ago","15 Jan, 2026 11AM - 8PM"
"179",="26011532QB9BEX","CLL3MNE115644223 $","","SPX Express","Monde Nissin","Shopee Philippines (Monde Nissin Shopee)","15 Jan, 2026","11 hrs ago","15 Jan, 2026 11AM - 8PM"
"180",="26011532TP0PBY","CLL3MNE115644228 $","","SPX Express","Monde Nissin","Shopee Philippines (Monde Nissin Shopee)","15 Jan, 2026","11 hrs ago","15 Jan, 2026 11AM - 8PM"
"181",="26011533DDVFHV","CLL3MNE115644240","","SPX Express","Monde Nissin","Shopee Philippines (Monde Nissin Shopee)","15 Jan, 2026","11 hrs ago","15 Jan, 2026 11AM - 8PM"
"182",="26011533CAMC5U","CLL3MNE115644241","","J&T Cargo","Monde Nissin","Shopee Philippines (Monde Nissin Shopee)","15 Jan, 2026","11 hrs ago","15 Jan, 2026 11AM - 8PM"
"183",="26011532TVPUD5","CLL3MNE115644244 $","","J&T Cargo","Monde Nissin","Shopee Philippines (Monde Nissin Shopee)","15 Jan, 2026","11 hrs ago","15 Jan, 2026 11AM - 8PM"
"184",="26011532U5BEC6","CLL3MNE115644246 $","","J&T Cargo","Monde Nissin","Shopee Philippines (Monde Nissin Shopee)","15 Jan, 2026","11 hrs ago","15 Jan, 2026 11AM - 8PM"
"185",="26011532K8K7TE","CLL3MNE115644252 $","","SPX Express","Monde Nissin","Shopee Philippines (Monde Nissin Shopee)","15 Jan, 2026","11 hrs ago","15 Jan, 2026 11AM - 8PM"
"186",="26011533DY1G0W","CLL3MNE115644251","","J&T Cargo","Monde Nissin","Shopee Philippines (Monde Nissin Shopee)","15 Jan, 2026","11 hrs ago","15 Jan, 2026 11AM - 8PM"
"187",="260115338CQR7D","CLL3MNE115644259","","SPX Express","Monde Nissin","Shopee Philippines (Monde Nissin Shopee)","15 Jan, 2026","11 hrs ago","15 Jan, 2026 11AM - 8PM"
"188",="26011532REH91T","CLL3MNE115644265 $","","SPX Express","Monde Nissin","Shopee Philippines (Monde Nissin Shopee)","15 Jan, 2026","11 hrs ago","15 Jan, 2026 11AM - 8PM"
"189",="26011532S7B5J2","CLL3MNE115644267 $","","SPX Express","Monde Nissin","Shopee Philippines (Monde Nissin Shopee)","15 Jan, 2026","11 hrs ago","15 Jan, 2026 11AM - 8PM"
"190",="26011533D5BSJA","CLL3MNE115644271","","SPX Express","Monde Nissin","Shopee Philippines (Monde Nissin Shopee)","15 Jan, 2026","11 hrs ago","15 Jan, 2026 11AM - 8PM"
"191",="26011532UEUTG9","CLL3MNE115644272 $","","SPX Express","Monde Nissin","Shopee Philippines (Monde Nissin Shopee)","15 Jan, 2026","11 hrs ago","15 Jan, 2026 11AM - 8PM"
"192",="26011532R7T5SD","CLL3MNE115644280 $","","SPX Express","Monde Nissin","Shopee Philippines (Monde Nissin Shopee)","15 Jan, 2026","11 hrs ago","15 Jan, 2026 11AM - 8PM"
"193",="26011532W55SUN","CLL3MNE115644285 $","","SPX Express","Monde Nissin","Shopee Philippines (Monde Nissin Shopee)","15 Jan, 2026","11 hrs ago","15 Jan, 2026 11AM - 8PM"
"194",="26011532UQDQ2S","CLL3MNE115644289 $","","J&T Cargo","Monde Nissin","Shopee Philippines (Monde Nissin Shopee)","15 Jan, 2026","11 hrs ago","15 Jan, 2026 11AM - 8PM"
"195",="26011533BNKT9P","CLL3MNE115644294","","SPX Express","Monde Nissin","Shopee Philippines (Monde Nissin Shopee)","15 Jan, 2026","11 hrs ago","15 Jan, 2026 11AM - 8PM"
"196",="26011532SFV2YG","CLL3MNE115644296 $","","SPX Express","Monde Nissin","Shopee Philippines (Monde Nissin Shopee)","15 Jan, 2026","11 hrs ago","15 Jan, 2026 11AM - 8PM"
"197",="26011532VCCC56","CLL3MNE115644297 $","","SPX Express","Monde Nissin","Shopee Philippines (Monde Nissin Shopee)","15 Jan, 2026","11 hrs ago","15 Jan, 2026 11AM - 8PM"
"198",="26011533E6RCRF","CLL3MNE115644298","","J&T Cargo","Monde Nissin","Shopee Philippines (Monde Nissin Shopee)","15 Jan, 2026","11 hrs ago","15 Jan, 2026 11AM - 8PM"
"199",="26011533A34GD4","CLL3MNE115644299","","SPX Express","Monde Nissin","Shopee Philippines (Monde Nissin Shopee)","15 Jan, 2026","11 hrs ago","15 Jan, 2026 11AM - 8PM"
"200",="260115339VD6JC","CLL3MNE115644303","","SPX Express","Monde Nissin","Shopee Philippines (Monde Nissin Shopee)","15 Jan, 2026","11 hrs ago","15 Jan, 2026 11AM - 8PM"
"201",="26011533EPXAK3","CLL3MNE115644311","","SPX Express","Monde Nissin","Shopee Philippines (Monde Nissin Shopee)","15 Jan, 2026","11 hrs ago","15 Jan, 2026 11AM - 8PM"
"202",="26011532VTRGPD","CLL3MNE115644313 $","","SPX Express","Monde Nissin","Shopee Philippines (Monde Nissin Shopee)","15 Jan, 2026","11 hrs ago","15 Jan, 2026 11AM - 8PM"
"203",="26011533D68B43","CLL3MNE115644323","","J&T Cargo","Monde Nissin","Shopee Philippines (Monde Nissin Shopee)","15 Jan, 2026","11 hrs ago","15 Jan, 2026 11AM - 8PM"
"204",="26011533E9H6RA","CLL3MNE115644324","","J&T Cargo","Monde Nissin","Shopee Philippines (Monde Nissin Shopee)","15 Jan, 2026","11 hrs ago","15 Jan, 2026 11AM - 8PM"
"205",="26011533A9R36A","CLL3MNE115644326","","SPX Express","Monde Nissin","Shopee Philippines (Monde Nissin Shopee)","15 Jan, 2026","11 hrs ago","15 Jan, 2026 11AM - 8PM"
"206",="26011532RXQ488","CLL3MNE115644328 $","","J&T Cargo","Monde Nissin","Shopee Philippines (Monde Nissin Shopee)","15 Jan, 2026","11 hrs ago","15 Jan, 2026 11AM - 8PM"
"207",="26011532SVASSQ","CLL3MNE115644336 $","","J&T","Monde Nissin","Shopee Philippines (Monde Nissin Shopee)","15 Jan, 2026","11 hrs ago","15 Jan, 2026 11AM - 8PM"
"208",="26011532USANWV","CLL3MNE115644338 $","","SPX Express","Monde Nissin","Shopee Philippines (Monde Nissin Shopee)","15 Jan, 2026","11 hrs ago","15 Jan, 2026 11AM - 8PM"
"209",="26011532REGVW9","CLL3MNE115644340 $","","SPX Express","Monde Nissin","Shopee Philippines (Monde Nissin Shopee)","15 Jan, 2026","11 hrs ago","15 Jan, 2026 11AM - 8PM"
"210",="26011532SW7RTV","CLL3MNE115644344 $","","SPX Express","Monde Nissin","Shopee Philippines (Monde Nissin Shopee)","15 Jan, 2026","11 hrs ago","15 Jan, 2026 11AM - 8PM"
"211",="26011533F2AMC2","CLL3MNE115644351","","SPX Express","Monde Nissin","Shopee Philippines (Monde Nissin Shopee)","15 Jan, 2026","11 hrs ago","15 Jan, 2026 11AM - 8PM"
"212",="26011532XMVJAD","CLL3MNE115644354 $","","J&T Cargo","Monde Nissin","Shopee Philippines (Monde Nissin Shopee)","15 Jan, 2026","11 hrs ago","15 Jan, 2026 11AM - 8PM"
"213",="26011532S79ABH","CLL3MNE115644356 $","","SPX Express","Monde Nissin","Shopee Philippines (Monde Nissin Shopee)","15 Jan, 2026","11 hrs ago","15 Jan, 2026 11AM - 8PM"
"214",="26011533B0PTHV","CLL3MNE115644357","","J&T Cargo","Monde Nissin","Shopee Philippines (Monde Nissin Shopee)","15 Jan, 2026","11 hrs ago","15 Jan, 2026 11AM - 8PM"
"215",="26011533JTHQ0M","CLL3MNE115644377","","SPX Express","Monde Nissin","Shopee Philippines (Monde Nissin Shopee)","15 Jan, 2026","11 hrs ago","15 Jan, 2026 11AM - 8PM"
"216",="26011532WKH6EY","CLL3MNE115644385 $","","SPX Express","Monde Nissin","Shopee Philippines (Monde Nissin Shopee)","15 Jan, 2026","11 hrs ago","15 Jan, 2026 11AM - 8PM"
"217",="26011533HWXBST","CLL3MNE115644393","","SPX Express","Monde Nissin","Shopee Philippines (Monde Nissin Shopee)","15 Jan, 2026","11 hrs ago","15 Jan, 2026 11AM - 8PM"
"218",="26011532WNEDGC","CLL3MNE115644395 $","","SPX Express","Monde Nissin","Shopee Philippines (Monde Nissin Shopee)","15 Jan, 2026","11 hrs ago","15 Jan, 2026 11AM - 8PM"
"219",="26011532WYXWN4","CLL3MNE115644396 $","","SPX Express","Monde Nissin","Shopee Philippines (Monde Nissin Shopee)","15 Jan, 2026","11 hrs ago","15 Jan, 2026 11AM - 8PM"
"220",="26011533JNRP0U","CLL3MNE115644398","","SPX Express","Monde Nissin","Shopee Philippines (Monde Nissin Shopee)","15 Jan, 2026","11 hrs ago","15 Jan, 2026 11AM - 8PM"
"221",="26011533KHEPC4","CLL3MNE115644405","","SPX Express","Monde Nissin","Shopee Philippines (Monde Nissin Shopee)","15 Jan, 2026","11 hrs ago","15 Jan, 2026 11AM - 8PM"
"222",="2601153301QJ51","CLL3MNE115644404 $","","SPX Express","Monde Nissin","Shopee Philippines (Monde Nissin Shopee)","15 Jan, 2026","11 hrs ago","15 Jan, 2026 11AM - 8PM"
"223",="26011532XYBYY8","CLL3MNE115644407 $","","SPX Express","Monde Nissin","Shopee Philippines (Monde Nissin Shopee)","15 Jan, 2026","11 hrs ago","15 Jan, 2026 11AM - 8PM"
"224",="26011533EYGH1C","CLL3MNE115644413","","SPX Express","Monde Nissin","Shopee Philippines (Monde Nissin Shopee)","15 Jan, 2026","11 hrs ago","15 Jan, 2026 11AM - 8PM"
"225",="26011533G6N6PE","CLL3MNE115644414","","SPX Express","Monde Nissin","Shopee Philippines (Monde Nissin Shopee)","15 Jan, 2026","11 hrs ago","15 Jan, 2026 11AM - 8PM"
"226",="26011532XNT8NU","CLL3MNE115644415 $","","SPX Express","Monde Nissin","Shopee Philippines (Monde Nissin Shopee)","15 Jan, 2026","11 hrs ago","15 Jan, 2026 11AM - 8PM"
"227",="26011533DJNT47","CLL3MNE115644419","","SPX Express","Monde Nissin","Shopee Philippines (Monde Nissin Shopee)","15 Jan, 2026","11 hrs ago","15 Jan, 2026 11AM - 8PM"
"228",="26011533132RDM","CLL3MNE115644426 $","","SPX Express","Monde Nissin","Shopee Philippines (Monde Nissin Shopee)","15 Jan, 2026","11 hrs ago","15 Jan, 2026 11AM - 8PM"
"229",="260115331UUFSQ","CLL3MNE115644428 $","","SPX Express","Monde Nissin","Shopee Philippines (Monde Nissin Shopee)","15 Jan, 2026","11 hrs ago","15 Jan, 2026 11AM - 8PM"
"230",="26011533HV1R5K","CLL3MNE115644429","","SPX Express","Monde Nissin","Shopee Philippines (Monde Nissin Shopee)","15 Jan, 2026","11 hrs ago","15 Jan, 2026 11AM - 8PM"
"231",="26011532WPCJYY","CLL3MNE115644433 $","","SPX Express","Monde Nissin","Shopee Philippines (Monde Nissin Shopee)","15 Jan, 2026","11 hrs ago","15 Jan, 2026 11AM - 8PM"
"232",="26011533KK9DXY","CLL3MNE115644432","","SPX Express","Monde Nissin","Shopee Philippines (Monde Nissin Shopee)","15 Jan, 2026","11 hrs ago","15 Jan, 2026 11AM - 8PM"
"233",="26011533G5N3CU","CLL3MNE115644434","","SPX Express","Monde Nissin","Shopee Philippines (Monde Nissin Shopee)","15 Jan, 2026","11 hrs ago","15 Jan, 2026 11AM - 8PM"
"234",="26011532WS8HQE","CLL3MNE115644445 $","","SPX Express","Monde Nissin","Shopee Philippines (Monde Nissin Shopee)","15 Jan, 2026","11 hrs ago","15 Jan, 2026 11AM - 8PM"
"235",="260115331DJFW0","CLL3MNE115644448 $","","SPX Express","Monde Nissin","Shopee Philippines (Monde Nissin Shopee)","15 Jan, 2026","11 hrs ago","15 Jan, 2026 11AM - 8PM"
"236",="26011533JPQDNG","CLL3MNE115644449","","SPX Express","Monde Nissin","Shopee Philippines (Monde Nissin Shopee)","15 Jan, 2026","11 hrs ago","15 Jan, 2026 11AM - 8PM"
"237",="26011532WNCXE7","CLL3MNE115644455 $","","SPX Express","Monde Nissin","Shopee Philippines (Monde Nissin Shopee)","15 Jan, 2026","11 hrs ago","15 Jan, 2026 11AM - 8PM"
"238",="2601153318TPM6","CLL3MNE115644470 $","","J&T Cargo","Monde Nissin","Shopee Philippines (Monde Nissin Shopee)","15 Jan, 2026","11 hrs ago","15 Jan, 2026 11AM - 8PM"
"239",="26011532X9FRF3","CLL3MNE115644479 $","","SPX Express","Monde Nissin","Shopee Philippines (Monde Nissin Shopee)","15 Jan, 2026","11 hrs ago","15 Jan, 2026 11AM - 8PM"
"240",="2601153326BSCF","CLL3MNE115644482 $","","SPX Express","Monde Nissin","Shopee Philippines (Monde Nissin Shopee)","15 Jan, 2026","11 hrs ago","15 Jan, 2026 11AM - 8PM"
"241",="26011533RX0J8T","CLL3MNE115644549","","SPX Express","Monde Nissin","Shopee Philippines (Monde Nissin Shopee)","15 Jan, 2026","11 hrs ago","15 Jan, 2026 11AM - 8PM"
"242",="26011533NTV75S","CLL3MNE115644557","","SPX Express","Monde Nissin","Shopee Philippines (Monde Nissin Shopee)","15 Jan, 2026","11 hrs ago","15 Jan, 2026 11AM - 8PM"
"243",="260115337BCSH0","CLL3MNE115644563 $","","SPX Express","Monde Nissin","Shopee Philippines (Monde Nissin Shopee)","15 Jan, 2026","11 hrs ago","15 Jan, 2026 11AM - 8PM"
"244",="260115338BTCQU","CLL3MNE115644568 $","","SPX Express","Monde Nissin","Shopee Philippines (Monde Nissin Shopee)","15 Jan, 2026","11 hrs ago","15 Jan, 2026 11AM - 8PM"
"245",="260115337J0V4J","CLL3MNE115644571 $","","SPX Express","Monde Nissin","Shopee Philippines (Monde Nissin Shopee)","15 Jan, 2026","11 hrs ago","15 Jan, 2026 11AM - 8PM"
"246",="26011533RGN5PK","CLL3MNE115644575","","SPX Express","Monde Nissin","Shopee Philippines (Monde Nissin Shopee)","15 Jan, 2026","11 hrs ago","15 Jan, 2026 11AM - 8PM"
"247",="260115336DSR7D","CLL3MNE115644577 $","","SPX Express","Monde Nissin","Shopee Philippines (Monde Nissin Shopee)","15 Jan, 2026","11 hrs ago","15 Jan, 2026 11AM - 8PM"
"248",="26011533880U71","CLL3MNE115644583 $","","SPX Express","Monde Nissin","Shopee Philippines (Monde Nissin Shopee)","15 Jan, 2026","11 hrs ago","15 Jan, 2026 11AM - 8PM"
"249",="26011533D79704","CLL3MNE115644735 $","","SPX Express","Monde Nissin","Shopee Philippines (Monde Nissin Shopee)","15 Jan, 2026","10 hrs ago","15 Jan, 2026 11AM - 8PM"
"250",="26011533DHS1TP","CLL3MNE115644755 $","","SPX Express","Monde Nissin","Shopee Philippines (Monde Nissin Shopee)","15 Jan, 2026","10 hrs ago","15 Jan, 2026 11AM - 8PM"
"251",="26011533AHC1PG","CLL3MNE115644777 $","","SPX Express","Monde Nissin","Shopee Philippines (Monde Nissin Shopee)","15 Jan, 2026","10 hrs ago","15 Jan, 2026 11AM - 8PM"
"252",="26011533X3WY6U","CLL3MNE115644784","","SPX Express","Monde Nissin","Shopee Philippines (Monde Nissin Shopee)","15 Jan, 2026","10 hrs ago","15 Jan, 2026 11AM - 8PM"
"253",="26011533V35NUN","CLL3MNE115644788","","SPX Express","Monde Nissin","Shopee Philippines (Monde Nissin Shopee)","15 Jan, 2026","10 hrs ago","15 Jan, 2026 11AM - 8PM"
"254",="26011533WKR693","CLL3MNE115644791","","SPX Express","Monde Nissin","Shopee Philippines (Monde Nissin Shopee)","15 Jan, 2026","10 hrs ago","15 Jan, 2026 11AM - 8PM"
"255",="260115339B8CRS","CLL3MNE115644794 $","","SPX Express","Monde Nissin","Shopee Philippines (Monde Nissin Shopee)","15 Jan, 2026","10 hrs ago","15 Jan, 2026 11AM - 8PM"
"256",="26011533E00TD3","CLL3MNE115644807 $","","SPX Express","Monde Nissin","Shopee Philippines (Monde Nissin Shopee)","15 Jan, 2026","10 hrs ago","15 Jan, 2026 11AM - 8PM"
"257",="260115339THB8K","CLL3MNE115644811 $","","SPX Express","Monde Nissin","Shopee Philippines (Monde Nissin Shopee)","15 Jan, 2026","10 hrs ago","15 Jan, 2026 11AM - 8PM"
"258",="26011533QRT66W","CLL3MNE115644814","","SPX Express","Monde Nissin","Shopee Philippines (Monde Nissin Shopee)","15 Jan, 2026","10 hrs ago","15 Jan, 2026 11AM - 8PM"
"259",="260115339A9K34","CLL3MNE115644815 $","","SPX Express","Monde Nissin","Shopee Philippines (Monde Nissin Shopee)","15 Jan, 2026","10 hrs ago","15 Jan, 2026 11AM - 8PM"
"260",="26011533HHJ0WB","CLL3MNE115644819","","SPX Express","Monde Nissin","Shopee Philippines (Monde Nissin Shopee)","15 Jan, 2026","10 hrs ago","15 Jan, 2026 11AM - 8PM"
"261",="260115344TGENJ","CLL3MNE115644910","","J&T Cargo","Monde Nissin","Shopee Philippines (Monde Nissin Shopee)","15 Jan, 2026","10 hrs ago","15 Jan, 2026 11AM - 8PM"
"262",="26011533WTDSNS","CLL3MNE115645012","","J&T Cargo","Monde Nissin","Shopee Philippines (Monde Nissin Shopee)","15 Jan, 2026","10 hrs ago","15 Jan, 2026 11AM - 8PM"
"263",="260115348W783K","CLL3MNE115645036","","SPX Express","Monde Nissin","Shopee Philippines (Monde Nissin Shopee)","15 Jan, 2026","10 hrs ago","15 Jan, 2026 11AM - 8PM"
"264",="260115348REW1K","CLL3MNE115645057","","SPX Express","Monde Nissin","Shopee Philippines (Monde Nissin Shopee)","15 Jan, 2026","10 hrs ago","15 Jan, 2026 11AM - 8PM"
"265",="26011534A67V2E","CLL3MNE115645061","","J&T","Monde Nissin","Shopee Philippines (Monde Nissin Shopee)","15 Jan, 2026","10 hrs ago","15 Jan, 2026 11AM - 8PM"
"266",="26011534AS9XU1","CLL3MNE115645080","","SPX Express","Monde Nissin","Shopee Philippines (Monde Nissin Shopee)","15 Jan, 2026","10 hrs ago","15 Jan, 2026 11AM - 8PM"
"267",="26011534319MEQ","CLL3MNE115645083","","J&T Cargo","Monde Nissin","Shopee Philippines (Monde Nissin Shopee)","15 Jan, 2026","10 hrs ago","15 Jan, 2026 11AM - 8PM"
"268",="2601153439UYW4","CLL3MNE115645087","","J&T Cargo","Monde Nissin","Shopee Philippines (Monde Nissin Shopee)","15 Jan, 2026","10 hrs ago","15 Jan, 2026 11AM - 8PM"
"269",="2601153426MASV","CLL3MNE115645099","","SPX Express","Monde Nissin","Shopee Philippines (Monde Nissin Shopee)","15 Jan, 2026","10 hrs ago","15 Jan, 2026 11AM - 8PM"
"270",="260115348MNKE0","CLL3MNE115645101","","SPX Express","Monde Nissin","Shopee Philippines (Monde Nissin Shopee)","15 Jan, 2026","10 hrs ago","15 Jan, 2026 11AM - 8PM"
"271",="260115344MUWJQ","CLL3MNE115645104","","J&T","Monde Nissin","Shopee Philippines (Monde Nissin Shopee)","15 Jan, 2026","10 hrs ago","15 Jan, 2026 11AM - 8PM"
"272",="260115347FE2SF","CLL3MNE115645105","","SPX Express","Monde Nissin","Shopee Philippines (Monde Nissin Shopee)","15 Jan, 2026","10 hrs ago","15 Jan, 2026 11AM - 8PM"
"273",="26011533EPX2WB","CLL3MNE115645106 $","","SPX Express","Monde Nissin","Shopee Philippines (Monde Nissin Shopee)","15 Jan, 2026","10 hrs ago","15 Jan, 2026 11AM - 8PM"
"274",="2601153421UG90","CLL3MNE115645107","","SPX Express","Monde Nissin","Shopee Philippines (Monde Nissin Shopee)","15 Jan, 2026","10 hrs ago","15 Jan, 2026 11AM - 8PM"
"275",="2601153408MMTS","CLL3MNE115645111","","SPX Express","Monde Nissin","Shopee Philippines (Monde Nissin Shopee)","15 Jan, 2026","10 hrs ago","15 Jan, 2026 11AM - 8PM"
"276",="2601153482H302","CLL3MNE115645112","","SPX Express","Monde Nissin","Shopee Philippines (Monde Nissin Shopee)","15 Jan, 2026","10 hrs ago","15 Jan, 2026 11AM - 8PM"
"277",="260115342F660K","CLL3MNE115645114","","SPX Express","Monde Nissin","Shopee Philippines (Monde Nissin Shopee)","15 Jan, 2026","10 hrs ago","15 Jan, 2026 11AM - 8PM"
"278",="260115342TMN84","CLL3MNE115645116","","J&T","Monde Nissin","Shopee Philippines (Monde Nissin Shopee)","15 Jan, 2026","10 hrs ago","15 Jan, 2026 11AM - 8PM"
"279",="26011533JE3JYR","CLL3MNE115645117 $","","J&T Cargo","Monde Nissin","Shopee Philippines (Monde Nissin Shopee)","15 Jan, 2026","10 hrs ago","15 Jan, 2026 11AM - 8PM"
"280",="26011533J7GCX0","CLL3MNE115645118 $","","J&T Cargo","Monde Nissin","Shopee Philippines (Monde Nissin Shopee)","15 Jan, 2026","10 hrs ago","15 Jan, 2026 11AM - 8PM"
"281",="26011533F0FXPV","CLL3MNE115645120 $","","J&T Cargo","Monde Nissin","Shopee Philippines (Monde Nissin Shopee)","15 Jan, 2026","10 hrs ago","15 Jan, 2026 11AM - 8PM"
"282",="260115342VJYMU","CLL3MNE115645123","","J&T","Monde Nissin","Shopee Philippines (Monde Nissin Shopee)","15 Jan, 2026","10 hrs ago","15 Jan, 2026 11AM - 8PM"
"283",="2601153448D9QD","CLL3MNE115645126","","J&T Cargo","Monde Nissin","Shopee Philippines (Monde Nissin Shopee)","15 Jan, 2026","10 hrs ago","15 Jan, 2026 11AM - 8PM"
"284",="26011534355YQ6","CLL3MNE115645133","","J&T Cargo","Monde Nissin","Shopee Philippines (Monde Nissin Shopee)","15 Jan, 2026","10 hrs ago","15 Jan, 2026 11AM - 8PM"
"285",="26011533FFQKNF","CLL3MNE115645134 $","","SPX Express","Monde Nissin","Shopee Philippines (Monde Nissin Shopee)","15 Jan, 2026","10 hrs ago","15 Jan, 2026 11AM - 8PM"
"286",="26011533ERV7QC","CLL3MNE115645135 $","","J&T Cargo","Monde Nissin","Shopee Philippines (Monde Nissin Shopee)","15 Jan, 2026","10 hrs ago","15 Jan, 2026 11AM - 8PM"
"287",="26011533RT7814","CLL3MNE115645136","","J&T Cargo","Monde Nissin","Shopee Philippines (Monde Nissin Shopee)","15 Jan, 2026","10 hrs ago","15 Jan, 2026 11AM - 8PM"
"288",="26011533HNA017","CLL3MNE115645137 $","","SPX Express","Monde Nissin","Shopee Philippines (Monde Nissin Shopee)","15 Jan, 2026","10 hrs ago","15 Jan, 2026 11AM - 8PM"
"289",="2601153497QTAD","CLL3MNE115645138","","SPX Express","Monde Nissin","Shopee Philippines (Monde Nissin Shopee)","15 Jan, 2026","10 hrs ago","15 Jan, 2026 11AM - 8PM"
"290",="26011533JB8X1F","CLL3MNE115645143 $","","SPX Express","Monde Nissin","Shopee Philippines (Monde Nissin Shopee)","15 Jan, 2026","10 hrs ago","15 Jan, 2026 11AM - 8PM"
"291",="26011533EG9EDX","CLL3MNE115645146 $","","J&T Cargo","Monde Nissin","Shopee Philippines (Monde Nissin Shopee)","15 Jan, 2026","10 hrs ago","15 Jan, 2026 11AM - 8PM"
"292",="26011533E4TRK5","CLL3MNE115645148 $","","SPX Express","Monde Nissin","Shopee Philippines (Monde Nissin Shopee)","15 Jan, 2026","10 hrs ago","15 Jan, 2026 11AM - 8PM"
"293",="260115344WCNHP","CLL3MNE115645151","","J&T Cargo","Monde Nissin","Shopee Philippines (Monde Nissin Shopee)","15 Jan, 2026","10 hrs ago","15 Jan, 2026 11AM - 8PM"
"294",="26011533FJKUE8","CLL3MNE115645153 $","","SPX Express","Monde Nissin","Shopee Philippines (Monde Nissin Shopee)","15 Jan, 2026","10 hrs ago","15 Jan, 2026 11AM - 8PM"
"295",="26011533F483P6","CLL3MNE115645155 $","","SPX Express","Monde Nissin","Shopee Philippines (Monde Nissin Shopee)","15 Jan, 2026","10 hrs ago","15 Jan, 2026 11AM - 8PM"
"296",="260115347Q1VN6","CLL3MNE115645157","","SPX Express","Monde Nissin","Shopee Philippines (Monde Nissin Shopee)","15 Jan, 2026","10 hrs ago","15 Jan, 2026 11AM - 8PM"
"297",="2601153448F82D","CLL3MNE115645158","","SPX Express","Monde Nissin","Shopee Philippines (Monde Nissin Shopee)","15 Jan, 2026","10 hrs ago","15 Jan, 2026 11AM - 8PM"
"298",="26011533YW6MKH","CLL3MNE115645159","","SPX Express","Monde Nissin","Shopee Philippines (Monde Nissin Shopee)","15 Jan, 2026","10 hrs ago","15 Jan, 2026 11AM - 8PM"
"299",="26011533G8F935","CLL3MNE115645166 $","","J&T Cargo","Monde Nissin","Shopee Philippines (Monde Nissin Shopee)","15 Jan, 2026","10 hrs ago","15 Jan, 2026 11AM - 8PM"
"300",="26011533K26G0Q","CLL3MNE115645171 $","","J&T Cargo","Monde Nissin","Shopee Philippines (Monde Nissin Shopee)","15 Jan, 2026","10 hrs ago","15 Jan, 2026 11AM - 8PM"
"301",="260115342SP04P","CLL3MNE115645170","","J&T Cargo","Monde Nissin","Shopee Philippines (Monde Nissin Shopee)","15 Jan, 2026","10 hrs ago","15 Jan, 2026 11AM - 8PM"
"302",="26011533H7YYB3","CLL3MNE115645182 $","","SPX Express","Monde Nissin","Shopee Philippines (Monde Nissin Shopee)","15 Jan, 2026","10 hrs ago","15 Jan, 2026 11AM - 8PM"
"303",="2601153481JDQQ","CLL3MNE115645188","","SPX Express","Monde Nissin","Shopee Philippines (Monde Nissin Shopee)","15 Jan, 2026","10 hrs ago","15 Jan, 2026 11AM - 8PM"
"304",="260115344XC2C2","CLL3MNE115645190","","J&T Cargo","Monde Nissin","Shopee Philippines (Monde Nissin Shopee)","15 Jan, 2026","10 hrs ago","15 Jan, 2026 11AM - 8PM"
"305",="26011533K51414","CLL3MNE115645191 $","","J&T Cargo","Monde Nissin","Shopee Philippines (Monde Nissin Shopee)","15 Jan, 2026","10 hrs ago","15 Jan, 2026 11AM - 8PM"
"306",="26011533MEYWAN","CLL3MNE115645195 $","","J&T Cargo","Monde Nissin","Shopee Philippines (Monde Nissin Shopee)","15 Jan, 2026","10 hrs ago","15 Jan, 2026 11AM - 8PM"
"307",="2601153435419T","CLL3MNE115645196","","SPX Express","Monde Nissin","Shopee Philippines (Monde Nissin Shopee)","15 Jan, 2026","10 hrs ago","15 Jan, 2026 11AM - 8PM"
"308",="260115347DJAJX","CLL3MNE115645198","","SPX Express","Monde Nissin","Shopee Philippines (Monde Nissin Shopee)","15 Jan, 2026","10 hrs ago","15 Jan, 2026 11AM - 8PM"
"309",="26011533FA176H","CLL3MNE115645200 $","","J&T Cargo","Monde Nissin","Shopee Philippines (Monde Nissin Shopee)","15 Jan, 2026","10 hrs ago","15 Jan, 2026 11AM - 8PM"
"310",="260115347M5FRU","CLL3MNE115645201","","SPX Express","Monde Nissin","Shopee Philippines (Monde Nissin Shopee)","15 Jan, 2026","10 hrs ago","15 Jan, 2026 11AM - 8PM"
"311",="2601153459S3AH","CLL3MNE115645202","","SPX Express","Monde Nissin","Shopee Philippines (Monde Nissin Shopee)","15 Jan, 2026","10 hrs ago","15 Jan, 2026 11AM - 8PM"
"312",="26011533R73ERC","CLL3MNE115645204 $","","SPX Express","Monde Nissin","Shopee Philippines (Monde Nissin Shopee)","15 Jan, 2026","10 hrs ago","15 Jan, 2026 11AM - 8PM"
"313",="26011534QWTQNQ","CLL3MNE115645205","","Shopee Express","Monde Nissin","Shopee Philippines (Monde Nissin Shopee)","15 Jan, 2026","10 hrs ago","16 Jan, 2026 11AM - 8PM"
"314",="26011533ME064H","CLL3MNE115645206 $","","SPX Express","Monde Nissin","Shopee Philippines (Monde Nissin Shopee)","15 Jan, 2026","10 hrs ago","15 Jan, 2026 11AM - 8PM"
"315",="26011533KWTG2T","CLL3MNE115645209 $","","SPX Express","Monde Nissin","Shopee Philippines (Monde Nissin Shopee)","15 Jan, 2026","10 hrs ago","15 Jan, 2026 11AM - 8PM"
"316",="26011533K42UY2","CLL3MNE115645210 $","","J&T Cargo","Monde Nissin","Shopee Philippines (Monde Nissin Shopee)","15 Jan, 2026","10 hrs ago","15 Jan, 2026 11AM - 8PM"
"317",="260115341KKCDC","CLL3MNE115645211","","J&T Cargo","Monde Nissin","Shopee Philippines (Monde Nissin Shopee)","15 Jan, 2026","10 hrs ago","15 Jan, 2026 11AM - 8PM"
"318",="26011533GACK82","CLL3MNE115645212 $","","J&T Cargo","Monde Nissin","Shopee Philippines (Monde Nissin Shopee)","15 Jan, 2026","10 hrs ago","15 Jan, 2026 11AM - 8PM"
"319",="26011533Q4S3X4","CLL3MNE115645213 $","","SPX Express","Monde Nissin","Shopee Philippines (Monde Nissin Shopee)","15 Jan, 2026","10 hrs ago","15 Jan, 2026 11AM - 8PM"
"320",="26011533FXYPY4","CLL3MNE115645219 $","","J&T Cargo","Monde Nissin","Shopee Philippines (Monde Nissin Shopee)","15 Jan, 2026","10 hrs ago","15 Jan, 2026 11AM - 8PM"
"321",="26011533FKJK1A","CLL3MNE115645223 $","","J&T Cargo","Monde Nissin","Shopee Philippines (Monde Nissin Shopee)","15 Jan, 2026","10 hrs ago","15 Jan, 2026 11AM - 8PM"
"322",="26011533Q2WQC2","CLL3MNE115645224 $","","SPX Express","Monde Nissin","Shopee Philippines (Monde Nissin Shopee)","15 Jan, 2026","10 hrs ago","15 Jan, 2026 11AM - 8PM"
"323",="26011533NN4GT1","CLL3MNE115645227 $","","SPX Express","Monde Nissin","Shopee Philippines (Monde Nissin Shopee)","15 Jan, 2026","10 hrs ago","15 Jan, 2026 11AM - 8PM"
"324",="26011533RPD516","CLL3MNE115645225 $","","SPX Express","Monde Nissin","Shopee Philippines (Monde Nissin Shopee)","15 Jan, 2026","10 hrs ago","15 Jan, 2026 11AM - 8PM"
"325",="26011533KSYQXF","CLL3MNE115645226 $","","SPX Express","Monde Nissin","Shopee Philippines (Monde Nissin Shopee)","15 Jan, 2026","10 hrs ago","15 Jan, 2026 11AM - 8PM"
"326",="26011533PSCP8V","CLL3MNE115645228 $","","SPX Express","Monde Nissin","Shopee Philippines (Monde Nissin Shopee)","15 Jan, 2026","10 hrs ago","15 Jan, 2026 11AM - 8PM"
"327",="26011533MQKBS8","CLL3MNE115645229 $","","SPX Express","Monde Nissin","Shopee Philippines (Monde Nissin Shopee)","15 Jan, 2026","10 hrs ago","15 Jan, 2026 11AM - 8PM"
"328",="26011533KR25QM","CLL3MNE115645231 $","","SPX Express","Monde Nissin","Shopee Philippines (Monde Nissin Shopee)","15 Jan, 2026","10 hrs ago","15 Jan, 2026 11AM - 8PM"
"329",="26011533MX95CX","CLL3MNE115645233 $","","SPX Express","Monde Nissin","Shopee Philippines (Monde Nissin Shopee)","15 Jan, 2026","10 hrs ago","15 Jan, 2026 11AM - 8PM"
"330",="26011533QYFMAG","CLL3MNE115645234 $","","SPX Express","Monde Nissin","Shopee Philippines (Monde Nissin Shopee)","15 Jan, 2026","10 hrs ago","15 Jan, 2026 11AM - 8PM"
"331",="26011533Q7PJDU","CLL3MNE115645235 $","","SPX Express","Monde Nissin","Shopee Philippines (Monde Nissin Shopee)","15 Jan, 2026","10 hrs ago","15 Jan, 2026 11AM - 8PM"
"332",="26011533MC4AUC","CLL3MNE115645237 $","","J&T Cargo","Monde Nissin","Shopee Philippines (Monde Nissin Shopee)","15 Jan, 2026","10 hrs ago","15 Jan, 2026 11AM - 8PM"
"333",="26011533KVTP08","CLL3MNE115645236 $","","SPX Express","Monde Nissin","Shopee Philippines (Monde Nissin Shopee)","15 Jan, 2026","10 hrs ago","15 Jan, 2026 11AM - 8PM"
"334",="26011533PRDNB1","CLL3MNE115645239 $","","J&T Cargo","Monde Nissin","Shopee Philippines (Monde Nissin Shopee)","15 Jan, 2026","10 hrs ago","15 Jan, 2026 11AM - 8PM"
"335",="26011534GCJ4AR","CLL3MNE115645272","","SPX Express","Monde Nissin","Shopee Philippines (Monde Nissin Shopee)","15 Jan, 2026","10 hrs ago","15 Jan, 2026 11AM - 8PM"
"336",="26011534H2GGM0","CLL3MNE115645279","","SPX Express","Monde Nissin","Shopee Philippines (Monde Nissin Shopee)","15 Jan, 2026","10 hrs ago","15 Jan, 2026 11AM - 8PM"
"337",="26011534H2FQS1","CLL3MNE115645285","","SPX Express","Monde Nissin","Shopee Philippines (Monde Nissin Shopee)","15 Jan, 2026","10 hrs ago","15 Jan, 2026 11AM - 8PM"
"338",="26011534K762TH","CLL3MNE115645294","","SPX Express","Monde Nissin","Shopee Philippines (Monde Nissin Shopee)","15 Jan, 2026","10 hrs ago","15 Jan, 2026 11AM - 8PM"
"339",="26011534DRM4SS","CLL3MNE115645295","","SPX Express","Monde Nissin","Shopee Philippines (Monde Nissin Shopee)","15 Jan, 2026","10 hrs ago","15 Jan, 2026 11AM - 8PM"
"340",="26011534C556D7","CLL3MNE115645300","","SPX Express","Monde Nissin","Shopee Philippines (Monde Nissin Shopee)","15 Jan, 2026","10 hrs ago","15 Jan, 2026 11AM - 8PM"
"341",="26011534JYH8WX","CLL3MNE115645303","","SPX Express","Monde Nissin","Shopee Philippines (Monde Nissin Shopee)","15 Jan, 2026","10 hrs ago","15 Jan, 2026 11AM - 8PM"
"342",="26011534KHMQWT","CLL3MNE115645309","","SPX Express","Monde Nissin","Shopee Philippines (Monde Nissin Shopee)","15 Jan, 2026","10 hrs ago","15 Jan, 2026 11AM - 8PM"
"343",="26011534KBX0D7","CLL3MNE115645310","","SPX Express","Monde Nissin","Shopee Philippines (Monde Nissin Shopee)","15 Jan, 2026","10 hrs ago","15 Jan, 2026 11AM - 8PM"
"344",="26011534GP5BYV","CLL3MNE115645311","","SPX Express","Monde Nissin","Shopee Philippines (Monde Nissin Shopee)","15 Jan, 2026","10 hrs ago","15 Jan, 2026 11AM - 8PM"
"345",="260115343XUTV9","CLL3MNE115645320 $","","SPX Express","Monde Nissin","Shopee Philippines (Monde Nissin Shopee)","15 Jan, 2026","10 hrs ago","15 Jan, 2026 11AM - 8PM"
"346",="260115342D9KP6","CLL3MNE115645330 $","","SPX Express","Monde Nissin","Shopee Philippines (Monde Nissin Shopee)","15 Jan, 2026","10 hrs ago","15 Jan, 2026 11AM - 8PM"
"347",="260115341764X2","CLL3MNE115645335 $","","J&T Cargo","Monde Nissin","Shopee Philippines (Monde Nissin Shopee)","15 Jan, 2026","10 hrs ago","15 Jan, 2026 11AM - 8PM"
"348",="26011533WX9A65","CLL3MNE115645339 $","","SPX Express","Monde Nissin","Shopee Philippines (Monde Nissin Shopee)","15 Jan, 2026","10 hrs ago","15 Jan, 2026 11AM - 8PM"
"349",="26011534HX4KA7","CLL3MNE115645340","","SPX Express","Monde Nissin","Shopee Philippines (Monde Nissin Shopee)","15 Jan, 2026","10 hrs ago","15 Jan, 2026 11AM - 8PM"
"350",="26011533UMSGM5","CLL3MNE115645341 $","","SPX Express","Monde Nissin","Shopee Philippines (Monde Nissin Shopee)","15 Jan, 2026","10 hrs ago","15 Jan, 2026 11AM - 8PM"
"351",="26011534MKXWY4","CLL3MNE115645343","","J&T","Monde Nissin","Shopee Philippines (Monde Nissin Shopee)","15 Jan, 2026","10 hrs ago","15 Jan, 2026 11AM - 8PM"
"352",="26011534E16QA2","CLL3MNE115645342","","SPX Express","Monde Nissin","Shopee Philippines (Monde Nissin Shopee)","15 Jan, 2026","10 hrs ago","15 Jan, 2026 11AM - 8PM"
"353",="26011534DD5V85","CLL3MNE115645346","","SPX Express","Monde Nissin","Shopee Philippines (Monde Nissin Shopee)","15 Jan, 2026","10 hrs ago","15 Jan, 2026 11AM - 8PM"
"354",="26011533SYDEDX","CLL3MNE115645348 $","","SPX Express","Monde Nissin","Shopee Philippines (Monde Nissin Shopee)","15 Jan, 2026","10 hrs ago","15 Jan, 2026 11AM - 8PM"
"355",="26011533YX4YQJ","CLL3MNE115645353 $","","SPX Express","Monde Nissin","Shopee Philippines (Monde Nissin Shopee)","15 Jan, 2026","10 hrs ago","15 Jan, 2026 11AM - 8PM"
"356",="26011533WY7U7E","CLL3MNE115645354 $","","SPX Express","Monde Nissin","Shopee Philippines (Monde Nissin Shopee)","15 Jan, 2026","10 hrs ago","15 Jan, 2026 11AM - 8PM"
"357",="26011534F4H1BR","CLL3MNE115645357","","SPX Express","Monde Nissin","Shopee Philippines (Monde Nissin Shopee)","15 Jan, 2026","10 hrs ago","15 Jan, 2026 11AM - 8PM"
"358",="26011533YFTSH2","CLL3MNE115645359 $","","SPX Express","Monde Nissin","Shopee Philippines (Monde Nissin Shopee)","15 Jan, 2026","10 hrs ago","15 Jan, 2026 11AM - 8PM"
"359",="26011533YRDC9E","CLL3MNE115645360 $","","SPX Express","Monde Nissin","Shopee Philippines (Monde Nissin Shopee)","15 Jan, 2026","10 hrs ago","15 Jan, 2026 11AM - 8PM"
"360",="26011533UD4YCJ","CLL3MNE115645361 $","","J&T Cargo","Monde Nissin","Shopee Philippines (Monde Nissin Shopee)","15 Jan, 2026","10 hrs ago","15 Jan, 2026 11AM - 8PM"
"361",="260115341JJP4S","CLL3MNE115645362 $","","SPX Express","Monde Nissin","Shopee Philippines (Monde Nissin Shopee)","15 Jan, 2026","10 hrs ago","15 Jan, 2026 11AM - 8PM"
"362",="26011534DVE7YV","CLL3MNE115645363","","SPX Express","Monde Nissin","Shopee Philippines (Monde Nissin Shopee)","15 Jan, 2026","10 hrs ago","15 Jan, 2026 11AM - 8PM"
"363",="26011534J017JG","CLL3MNE115645366","","SPX Express","Monde Nissin","Shopee Philippines (Monde Nissin Shopee)","15 Jan, 2026","10 hrs ago","15 Jan, 2026 11AM - 8PM"
"364",="26011533W99NPJ","CLL3MNE115645368 $","","SPX Express","Monde Nissin","Shopee Philippines (Monde Nissin Shopee)","15 Jan, 2026","10 hrs ago","15 Jan, 2026 11AM - 8PM"
"365",="26011534GYNF5A","CLL3MNE115645371","","SPX Express","Monde Nissin","Shopee Philippines (Monde Nissin Shopee)","15 Jan, 2026","10 hrs ago","15 Jan, 2026 11AM - 8PM"
"366",="26011533XGCNSU","CLL3MNE115645372 $","","SPX Express","Monde Nissin","Shopee Philippines (Monde Nissin Shopee)","15 Jan, 2026","10 hrs ago","15 Jan, 2026 11AM - 8PM"
"367",="26011533UTGE60","CLL3MNE115645373 $","","SPX Express","Monde Nissin","Shopee Philippines (Monde Nissin Shopee)","15 Jan, 2026","10 hrs ago","15 Jan, 2026 11AM - 8PM"
"368",="260115341DUTV3","CLL3MNE115645374 $","","SPX Express","Monde Nissin","Shopee Philippines (Monde Nissin Shopee)","15 Jan, 2026","10 hrs ago","15 Jan, 2026 11AM - 8PM"
"369",="2601153412E1T4","CLL3MNE115645375 $","","SPX Express","Monde Nissin","Shopee Philippines (Monde Nissin Shopee)","15 Jan, 2026","10 hrs ago","15 Jan, 2026 11AM - 8PM"
"370",="26011533WHVXQC","CLL3MNE115645376 $","","SPX Express","Monde Nissin","Shopee Philippines (Monde Nissin Shopee)","15 Jan, 2026","10 hrs ago","15 Jan, 2026 11AM - 8PM"
"371",="260115341X0N8J","CLL3MNE115645378 $","","SPX Express","Monde Nissin","Shopee Philippines (Monde Nissin Shopee)","15 Jan, 2026","10 hrs ago","15 Jan, 2026 11AM - 8PM"
"372",="26011533S7H2VK","CLL3MNE115645379 $","","SPX Express","Monde Nissin","Shopee Philippines (Monde Nissin Shopee)","15 Jan, 2026","10 hrs ago","15 Jan, 2026 11AM - 8PM"
"373",="26011534DAAWYQ","CLL3MNE115645380","","J&T","Monde Nissin","Shopee Philippines (Monde Nissin Shopee)","15 Jan, 2026","10 hrs ago","15 Jan, 2026 11AM - 8PM"
"374",="26011534J9KVUA","CLL3MNE115645377","","SPX Express","Monde Nissin","Shopee Philippines (Monde Nissin Shopee)","15 Jan, 2026","10 hrs ago","15 Jan, 2026 11AM - 8PM"
"375",="260115343NAPUS","CLL3MNE115645382 $","","SPX Express","Monde Nissin","Shopee Philippines (Monde Nissin Shopee)","15 Jan, 2026","10 hrs ago","15 Jan, 2026 11AM - 8PM"
"376",="26011533XRX565","CLL3MNE115645381 $","","SPX Express","Monde Nissin","Shopee Philippines (Monde Nissin Shopee)","15 Jan, 2026","10 hrs ago","15 Jan, 2026 11AM - 8PM"
"377",="26011533QPWJ62","CLL3MNE115645385 $","","SPX Express","Monde Nissin","Shopee Philippines (Monde Nissin Shopee)","15 Jan, 2026","10 hrs ago","15 Jan, 2026 11AM - 8PM"
"378",="26011533XTV52C","CLL3MNE115645386 $","","SPX Express","Monde Nissin","Shopee Philippines (Monde Nissin Shopee)","15 Jan, 2026","10 hrs ago","15 Jan, 2026 11AM - 8PM"
"379",="26011533U6HPD3","CLL3MNE115645388 $","","SPX Express","Monde Nissin","Shopee Philippines (Monde Nissin Shopee)","15 Jan, 2026","10 hrs ago","15 Jan, 2026 11AM - 8PM"
"380",="26011533SYCGYK","CLL3MNE115645389 $","","SPX Express","Monde Nissin","Shopee Philippines (Monde Nissin Shopee)","15 Jan, 2026","10 hrs ago","15 Jan, 2026 11AM - 8PM"
"381",="26011533WNQ2SF","CLL3MNE115645390 $","","SPX Express","Monde Nissin","Shopee Philippines (Monde Nissin Shopee)","15 Jan, 2026","10 hrs ago","15 Jan, 2026 11AM - 8PM"
"382",="260115341R9DSV","CLL3MNE115645391 $","","SPX Express","Monde Nissin","Shopee Philippines (Monde Nissin Shopee)","15 Jan, 2026","10 hrs ago","15 Jan, 2026 11AM - 8PM"
"383",="260115341DV9EX","CLL3MNE115645392 $","","SPX Express","Monde Nissin","Shopee Philippines (Monde Nissin Shopee)","15 Jan, 2026","10 hrs ago","15 Jan, 2026 11AM - 8PM"
"384",="26011533U4KQ5C","CLL3MNE115645394 $","","SPX Express","Monde Nissin","Shopee Philippines (Monde Nissin Shopee)","15 Jan, 2026","10 hrs ago","15 Jan, 2026 11AM - 8PM"
"385",="26011534TA6FG3","CLL3MNE115645464","","SPX Express","Monde Nissin","Shopee Philippines (Monde Nissin Shopee)","15 Jan, 2026","10 hrs ago","15 Jan, 2026 11AM - 8PM"
"386",="26011534PRPJSA","CLL3MNE115645469","","SPX Express","Monde Nissin","Shopee Philippines (Monde Nissin Shopee)","15 Jan, 2026","10 hrs ago","15 Jan, 2026 11AM - 8PM"
"387",="26011534SWSFBT","CLL3MNE115645528","","SPX Express","Monde Nissin","Shopee Philippines (Monde Nissin Shopee)","15 Jan, 2026","10 hrs ago","15 Jan, 2026 11AM - 8PM"
"388",="26011534TPGVS0","CLL3MNE115645536","","SPX Express","Monde Nissin","Shopee Philippines (Monde Nissin Shopee)","15 Jan, 2026","10 hrs ago","15 Jan, 2026 11AM - 8PM"
"389",="260115347WRN9N","CLL3MNE115645546 $","","SPX Express","Monde Nissin","Shopee Philippines (Monde Nissin Shopee)","15 Jan, 2026","10 hrs ago","15 Jan, 2026 11AM - 8PM"
"390",="26011534T3FEBM","CLL3MNE115645555","","SPX Express","Monde Nissin","Shopee Philippines (Monde Nissin Shopee)","15 Jan, 2026","10 hrs ago","15 Jan, 2026 11AM - 8PM"
"391",="260115342WG6NQ","CLL3MNE115645554 $","","SPX Express","Monde Nissin","Shopee Philippines (Monde Nissin Shopee)","15 Jan, 2026","10 hrs ago","15 Jan, 2026 11AM - 8PM"
"392",="2601153448FGNT","CLL3MNE115645557 $","","SPX Express","Monde Nissin","Shopee Philippines (Monde Nissin Shopee)","15 Jan, 2026","10 hrs ago","15 Jan, 2026 11AM - 8PM"
"393",="26011534RKT7BY","CLL3MNE115645559","","J&T Cargo","Monde Nissin","Shopee Philippines (Monde Nissin Shopee)","15 Jan, 2026","10 hrs ago","15 Jan, 2026 11AM - 8PM"
"394",="260115347APH0N","CLL3MNE115645563 $","","SPX Express","Monde Nissin","Shopee Philippines (Monde Nissin Shopee)","15 Jan, 2026","10 hrs ago","15 Jan, 2026 11AM - 8PM"
"395",="260115347229BJ","CLL3MNE115645564 $","","SPX Express","Monde Nissin","Shopee Philippines (Monde Nissin Shopee)","15 Jan, 2026","10 hrs ago","15 Jan, 2026 11AM - 8PM"
"396",="26011534NV1YXU","CLL3MNE115645568","","J&T","Monde Nissin","Shopee Philippines (Monde Nissin Shopee)","15 Jan, 2026","10 hrs ago","15 Jan, 2026 11AM - 8PM"
"397",="260115344XBVXH","CLL3MNE115645574 $","","SPX Express","Monde Nissin","Shopee Philippines (Monde Nissin Shopee)","15 Jan, 2026","10 hrs ago","15 Jan, 2026 11AM - 8PM"
"398",="260115347VR00R","CLL3MNE115645575 $","","SPX Express","Monde Nissin","Shopee Philippines (Monde Nissin Shopee)","15 Jan, 2026","10 hrs ago","15 Jan, 2026 11AM - 8PM"
"399",="260115345S22Q6","CLL3MNE115645573 $","","SPX Express","Monde Nissin","Shopee Philippines (Monde Nissin Shopee)","15 Jan, 2026","10 hrs ago","15 Jan, 2026 11AM - 8PM"
"400",="2601153449CWUN","CLL3MNE115645576 $","","SPX Express","Monde Nissin","Shopee Philippines (Monde Nissin Shopee)","15 Jan, 2026","10 hrs ago","15 Jan, 2026 11AM - 8PM"
"401",="260115347H9T44","CLL3MNE115645578 $","","SPX Express","Monde Nissin","Shopee Philippines (Monde Nissin Shopee)","15 Jan, 2026","10 hrs ago","15 Jan, 2026 11AM - 8PM"
"402",="260115344PQDX8","CLL3MNE115645582 $","","SPX Express","Monde Nissin","Shopee Philippines (Monde Nissin Shopee)","15 Jan, 2026","10 hrs ago","15 Jan, 2026 11AM - 8PM"
"403",="2601153464GF0W","CLL3MNE115645584 $","","SPX Express","Monde Nissin","Shopee Philippines (Monde Nissin Shopee)","15 Jan, 2026","10 hrs ago","15 Jan, 2026 11AM - 8PM"
"404",="260115344KVMWF","CLL3MNE115645585 $","","SPX Express","Monde Nissin","Shopee Philippines (Monde Nissin Shopee)","15 Jan, 2026","10 hrs ago","15 Jan, 2026 11AM - 8PM"
"405",="260115349AJMDX","CLL3MNE115645583 $","","SPX Express","Monde Nissin","Shopee Philippines (Monde Nissin Shopee)","15 Jan, 2026","10 hrs ago","15 Jan, 2026 11AM - 8PM"
"406",="26011534QCN17B","CLL3MNE115645586","","SPX Express","Monde Nissin","Shopee Philippines (Monde Nissin Shopee)","15 Jan, 2026","10 hrs ago","15 Jan, 2026 11AM - 8PM"
"407",="26011534X39AYM","CLL3MNE115645601","","J&T Cargo","Monde Nissin","Shopee Philippines (Monde Nissin Shopee)","15 Jan, 2026","10 hrs ago","15 Jan, 2026 11AM - 8PM"
"408",="26011534X3A1T2","CLL3MNE115645602","","J&T Cargo","Monde Nissin","Shopee Philippines (Monde Nissin Shopee)","15 Jan, 2026","10 hrs ago","15 Jan, 2026 11AM - 8PM"
"409",="26011534DSJ8G7","CLL3MNE115645603 $","","J&T Cargo","Monde Nissin","Shopee Philippines (Monde Nissin Shopee)","15 Jan, 2026","10 hrs ago","15 Jan, 2026 11AM - 8PM"
"410",="26011534WTMW5U","CLL3MNE115645608","","SPX Express","Monde Nissin","Shopee Philippines (Monde Nissin Shopee)","15 Jan, 2026","10 hrs ago","15 Jan, 2026 11AM - 8PM"
"411",="26011534WNX859","CLL3MNE115645611","","J&T Cargo","Monde Nissin","Shopee Philippines (Monde Nissin Shopee)","15 Jan, 2026","10 hrs ago","15 Jan, 2026 11AM - 8PM"
"412",="26011534CS522U","CLL3MNE115645612 $","","J&T Cargo","Monde Nissin","Shopee Philippines (Monde Nissin Shopee)","15 Jan, 2026","10 hrs ago","15 Jan, 2026 11AM - 8PM"
"413",="26011534CHJ1X5","CLL3MNE115645614 $","","SPX Express","Monde Nissin","Shopee Philippines (Monde Nissin Shopee)","15 Jan, 2026","10 hrs ago","15 Jan, 2026 11AM - 8PM"
"414",="26011534DXCC9Q","CLL3MNE115645616 $","","SPX Express","Monde Nissin","Shopee Philippines (Monde Nissin Shopee)","15 Jan, 2026","10 hrs ago","15 Jan, 2026 11AM - 8PM"
"415",="26011534AA2KDJ","CLL3MNE115645621 $","","J&T Cargo","Monde Nissin","Shopee Philippines (Monde Nissin Shopee)","15 Jan, 2026","10 hrs ago","15 Jan, 2026 11AM - 8PM"
"416",="26011534AKKR8G","CLL3MNE115645627 $","","SPX Express","Monde Nissin","Shopee Philippines (Monde Nissin Shopee)","15 Jan, 2026","10 hrs ago","15 Jan, 2026 11AM - 8PM"
"417",="26011534YAC1M4","CLL3MNE115645636","","J&T Cargo","Monde Nissin","Shopee Philippines (Monde Nissin Shopee)","15 Jan, 2026","10 hrs ago","15 Jan, 2026 11AM - 8PM"
"418",="260115348GSK3D","CLL3MNE115645641 $","","J&T Cargo","Monde Nissin","Shopee Philippines (Monde Nissin Shopee)","15 Jan, 2026","10 hrs ago","15 Jan, 2026 11AM - 8PM"
"419",="26011534UDF5Q3","CLL3MNE115645643","","SPX Express","Monde Nissin","Shopee Philippines (Monde Nissin Shopee)","15 Jan, 2026","10 hrs ago","15 Jan, 2026 11AM - 8PM"
"420",="26011534AFPRBN","CLL3MNE115645648 $","","SPX Express","Monde Nissin","Shopee Philippines (Monde Nissin Shopee)","15 Jan, 2026","10 hrs ago","15 Jan, 2026 11AM - 8PM"
"421",="26011534ES1Q9Y","CLL3MNE115645646 $","","SPX Express","Monde Nissin","Shopee Philippines (Monde Nissin Shopee)","15 Jan, 2026","10 hrs ago","15 Jan, 2026 11AM - 8PM"
"422",="26011534ABVWUG","CLL3MNE115645649 $","","SPX Express","Monde Nissin","Shopee Philippines (Monde Nissin Shopee)","15 Jan, 2026","10 hrs ago","15 Jan, 2026 11AM - 8PM"
"423",="26011534VA1XCE","CLL3MNE115645653","","SPX Express","Monde Nissin","Shopee Philippines (Monde Nissin Shopee)","15 Jan, 2026","10 hrs ago","15 Jan, 2026 11AM - 8PM"
"424",="260115349XK9NH","CLL3MNE115645656 $","","J&T Cargo","Monde Nissin","Shopee Philippines (Monde Nissin Shopee)","15 Jan, 2026","10 hrs ago","15 Jan, 2026 11AM - 8PM"
"425",="26011534CHHDW5","CLL3MNE115645659 $","","SPX Express","Monde Nissin","Shopee Philippines (Monde Nissin Shopee)","15 Jan, 2026","10 hrs ago","15 Jan, 2026 11AM - 8PM"
"426",="26011534YRMB0J","CLL3MNE115645662","","SPX Express","Monde Nissin","Shopee Philippines (Monde Nissin Shopee)","15 Jan, 2026","10 hrs ago","15 Jan, 2026 11AM - 8PM"
"427",="26011534BM0AUQ","CLL3MNE115645664 $","","SPX Express","Monde Nissin","Shopee Philippines (Monde Nissin Shopee)","15 Jan, 2026","10 hrs ago","15 Jan, 2026 11AM - 8PM"
"428",="26011534BG7955","CLL3MNE115645670 $","","J&T Cargo","Monde Nissin","Shopee Philippines (Monde Nissin Shopee)","15 Jan, 2026","10 hrs ago","15 Jan, 2026 11AM - 8PM"
"429",="26011534BJ3HC8","CLL3MNE115645671 $","","SPX Express","Monde Nissin","Shopee Philippines (Monde Nissin Shopee)","15 Jan, 2026","10 hrs ago","15 Jan, 2026 11AM - 8PM"
"430",="26011534BSNWKY","CLL3MNE115645674 $","","J&T Cargo","Monde Nissin","Shopee Philippines (Monde Nissin Shopee)","15 Jan, 2026","10 hrs ago","15 Jan, 2026 11AM - 8PM"
"431",="26011534EAR1SY","CLL3MNE115645680 $","","J&T Cargo","Monde Nissin","Shopee Philippines (Monde Nissin Shopee)","15 Jan, 2026","10 hrs ago","15 Jan, 2026 11AM - 8PM"
"432",="26011534BWJHUT","CLL3MNE115645693 $","","J&T Cargo","Monde Nissin","Shopee Philippines (Monde Nissin Shopee)","15 Jan, 2026","10 hrs ago","15 Jan, 2026 11AM - 8PM"
"433",="26011534EYQA2Y","CLL3MNE115645694 $","","SPX Express","Monde Nissin","Shopee Philippines (Monde Nissin Shopee)","15 Jan, 2026","10 hrs ago","15 Jan, 2026 11AM - 8PM"
"434",="26011534BF72NV","CLL3MNE115645695 $","","SPX Express","Monde Nissin","Shopee Philippines (Monde Nissin Shopee)","15 Jan, 2026","10 hrs ago","15 Jan, 2026 11AM - 8PM"
"435",="26011532SQH605","CLL3MNE115645700","","SPX Express","Monde Nissin","Shopee Philippines (Monde Nissin Shopee)","15 Jan, 2026","10 hrs ago","15 Jan, 2026 11AM - 8PM"
"436",="26011534HTCUF9","CLL3MNE115645714 $","","SPX Express","Monde Nissin","Shopee Philippines (Monde Nissin Shopee)","15 Jan, 2026","10 hrs ago","15 Jan, 2026 11AM - 8PM"
"437",="26011534MM18Q8","CLL3MNE115645715 $","","SPX Express","Monde Nissin","Shopee Philippines (Monde Nissin Shopee)","15 Jan, 2026","10 hrs ago","15 Jan, 2026 11AM - 8PM"
"438",="26011534FC3VD5","CLL3MNE115645722 $","","SPX Express","Monde Nissin","Shopee Philippines (Monde Nissin Shopee)","15 Jan, 2026","10 hrs ago","15 Jan, 2026 11AM - 8PM"
"439",="26011534F5GSTA","CLL3MNE115645726 $","","SPX Express","Monde Nissin","Shopee Philippines (Monde Nissin Shopee)","15 Jan, 2026","10 hrs ago","15 Jan, 2026 11AM - 8PM"
"440",="582120758314108364","CLL3MNE115645727","","J&T Express","Monde Nissin","Tiktok Philippines (Monde Nissin Tiktok)","15 Jan, 2026","10 hrs ago","16 Jan, 2026 11AM - 8PM"
"441",="26011534H2HKKE","CLL3MNE115645749 $","","SPX Express","Monde Nissin","Shopee Philippines (Monde Nissin Shopee)","15 Jan, 2026","10 hrs ago","15 Jan, 2026 11AM - 8PM"
"442",="26011534MEA7QC","CLL3MNE115645751 $","","SPX Express","Monde Nissin","Shopee Philippines (Monde Nissin Shopee)","15 Jan, 2026","10 hrs ago","15 Jan, 2026 11AM - 8PM"
"443",="26011534H4E69H","CLL3MNE115645760 $","","SPX Express","Monde Nissin","Shopee Philippines (Monde Nissin Shopee)","15 Jan, 2026","10 hrs ago","15 Jan, 2026 11AM - 8PM"
"444",="26011534GTU88C","CLL3MNE115645762 $","","SPX Express","Monde Nissin","Shopee Philippines (Monde Nissin Shopee)","15 Jan, 2026","10 hrs ago","15 Jan, 2026 11AM - 8PM"
"445",="26011534FMQFC4","CLL3MNE115645763 $","","SPX Express","Monde Nissin","Shopee Philippines (Monde Nissin Shopee)","15 Jan, 2026","10 hrs ago","15 Jan, 2026 11AM - 8PM"
"446",="26011534GUUXTF","CLL3MNE115645764 $","","SPX Express","Monde Nissin","Shopee Philippines (Monde Nissin Shopee)","15 Jan, 2026","10 hrs ago","15 Jan, 2026 11AM - 8PM"
"447",="26011534DH0HKC","CLL3MNE115645765 $","","J&T Cargo","Monde Nissin","Shopee Philippines (Monde Nissin Shopee)","15 Jan, 2026","10 hrs ago","15 Jan, 2026 11AM - 8PM"
"448",="26011534JXHS8Q","CLL3MNE115645774 $","","SPX Express","Monde Nissin","Shopee Philippines (Monde Nissin Shopee)","15 Jan, 2026","10 hrs ago","15 Jan, 2026 11AM - 8PM"
"449",="26011534JYHJ8W","CLL3MNE115645775 $","","SPX Express","Monde Nissin","Shopee Philippines (Monde Nissin Shopee)","15 Jan, 2026","10 hrs ago","15 Jan, 2026 11AM - 8PM"
"450",="260115355BYMT8","CLL3MNE115645777","","SPX Express","Monde Nissin","Shopee Philippines (Monde Nissin Shopee)","15 Jan, 2026","10 hrs ago","15 Jan, 2026 11AM - 8PM"
"451",="26011534GYNXV2","CLL3MNE115645778 $","","SPX Express","Monde Nissin","Shopee Philippines (Monde Nissin Shopee)","15 Jan, 2026","10 hrs ago","15 Jan, 2026 11AM - 8PM"
"452",="26011534HNJ3NG","CLL3MNE115645779 $","","SPX Express","Monde Nissin","Shopee Philippines (Monde Nissin Shopee)","15 Jan, 2026","10 hrs ago","15 Jan, 2026 11AM - 8PM"
"453",="26011534HB2T2J","CLL3MNE115645780 $","","SPX Express","Monde Nissin","Shopee Philippines (Monde Nissin Shopee)","15 Jan, 2026","10 hrs ago","15 Jan, 2026 11AM - 8PM"
"454",="26011535379T4P","CLL3MNE115645782","","SPX Express","Monde Nissin","Shopee Philippines (Monde Nissin Shopee)","15 Jan, 2026","10 hrs ago","15 Jan, 2026 11AM - 8PM"
"455",="26011534KMJ96N","CLL3MNE115645783 $","","SPX Express","Monde Nissin","Shopee Philippines (Monde Nissin Shopee)","15 Jan, 2026","10 hrs ago","15 Jan, 2026 11AM - 8PM"
"456",="2601153533G0A2","CLL3MNE115645786","","J&T Cargo","Monde Nissin","Shopee Philippines (Monde Nissin Shopee)","15 Jan, 2026","10 hrs ago","15 Jan, 2026 11AM - 8PM"
"457",="26011534K2EA0P","CLL3MNE115645789 $","","J&T","Monde Nissin","Shopee Philippines (Monde Nissin Shopee)","15 Jan, 2026","10 hrs ago","15 Jan, 2026 11AM - 8PM"
"458",="26011534GK9DBC","CLL3MNE115645790 $","","SPX Express","Monde Nissin","Shopee Philippines (Monde Nissin Shopee)","15 Jan, 2026","10 hrs ago","15 Jan, 2026 11AM - 8PM"
"459",="26011534KY1QY1","CLL3MNE115645794 $","","SPX Express","Monde Nissin","Shopee Philippines (Monde Nissin Shopee)","15 Jan, 2026","10 hrs ago","15 Jan, 2026 11AM - 8PM"
"460",="26011534G3Y2VN","CLL3MNE115645795 $","","SPX Express","Monde Nissin","Shopee Philippines (Monde Nissin Shopee)","15 Jan, 2026","10 hrs ago","15 Jan, 2026 11AM - 8PM"
"461",="26011534GQYRAE","CLL3MNE115645799 $","","SPX Express","Monde Nissin","Shopee Philippines (Monde Nissin Shopee)","15 Jan, 2026","10 hrs ago","15 Jan, 2026 11AM - 8PM"
"462",="26011534FVBU8E","CLL3MNE115645804 $","","SPX Express","Monde Nissin","Shopee Philippines (Monde Nissin Shopee)","15 Jan, 2026","10 hrs ago","15 Jan, 2026 11AM - 8PM"
"463",="26011534CYVNJ3","CLL3MNE115645805 $","","SPX Express","Monde Nissin","Shopee Philippines (Monde Nissin Shopee)","15 Jan, 2026","10 hrs ago","15 Jan, 2026 11AM - 8PM"
"464",="260115350KCQA4","CLL3MNE115645807","","SPX Express","Monde Nissin","Shopee Philippines (Monde Nissin Shopee)","15 Jan, 2026","10 hrs ago","15 Jan, 2026 11AM - 8PM"
"465",="26011534N37NDR","CLL3MNE115645813 $","","SPX Express","Monde Nissin","Shopee Philippines (Monde Nissin Shopee)","15 Jan, 2026","10 hrs ago","15 Jan, 2026 11AM - 8PM"
"466",="2601153507XSJ6","CLL3MNE115645815","","SPX Express","Monde Nissin","Shopee Philippines (Monde Nissin Shopee)","15 Jan, 2026","10 hrs ago","15 Jan, 2026 11AM - 8PM"
"467",="260115350XU6G6","CLL3MNE115645820","","SPX Express","Monde Nissin","Shopee Philippines (Monde Nissin Shopee)","15 Jan, 2026","10 hrs ago","15 Jan, 2026 11AM - 8PM"
"468",="26011534K1EVW5","CLL3MNE115645821 $","","SPX Express","Monde Nissin","Shopee Philippines (Monde Nissin Shopee)","15 Jan, 2026","10 hrs ago","15 Jan, 2026 11AM - 8PM"
"469",="26011534V0GEWG","CLL3MNE115645829","","J&T Cargo","Monde Nissin","Shopee Philippines (Monde Nissin Shopee)","15 Jan, 2026","10 hrs ago","15 Jan, 2026 11AM - 8PM"
"470",="26011534KX3606","CLL3MNE115645836 $","","SPX Express","Monde Nissin","Shopee Philippines (Monde Nissin Shopee)","15 Jan, 2026","10 hrs ago","15 Jan, 2026 11AM - 8PM"
"471",="26011535199QB8","CLL3MNE115645841","","SPX Express","Monde Nissin","Shopee Philippines (Monde Nissin Shopee)","15 Jan, 2026","10 hrs ago","15 Jan, 2026 11AM - 8PM"
"472",="26011534QWVCRV","CLL3MNE115645847 $","","SPX Express","Monde Nissin","Shopee Philippines (Monde Nissin Shopee)","15 Jan, 2026","10 hrs ago","15 Jan, 2026 11AM - 8PM"
"473",="260115358J0MBR","CLL3MNE115645848","","SPX Express","Monde Nissin","Shopee Philippines (Monde Nissin Shopee)","15 Jan, 2026","10 hrs ago","15 Jan, 2026 11AM - 8PM"
"474",="26011534S153RB","CLL3MNE115645856 $","","SPX Express","Monde Nissin","Shopee Philippines (Monde Nissin Shopee)","15 Jan, 2026","10 hrs ago","15 Jan, 2026 11AM - 8PM"
"475",="260115356M1MDM","CLL3MNE115645863","","SPX Express","Monde Nissin","Shopee Philippines (Monde Nissin Shopee)","15 Jan, 2026","10 hrs ago","15 Jan, 2026 11AM - 8PM"
"476",="260115355W32DJ","CLL3MNE115645868","","SPX Express","Monde Nissin","Shopee Philippines (Monde Nissin Shopee)","15 Jan, 2026","10 hrs ago","15 Jan, 2026 11AM - 8PM"
"477",="260115356E8VQY","CLL3MNE115645884","","SPX Express","Monde Nissin","Shopee Philippines (Monde Nissin Shopee)","15 Jan, 2026","10 hrs ago","15 Jan, 2026 11AM - 8PM"
"478",="26011534RHWVUQ","CLL3MNE115645910 $","","SPX Express","Monde Nissin","Shopee Philippines (Monde Nissin Shopee)","15 Jan, 2026","10 hrs ago","15 Jan, 2026 11AM - 8PM"
"479",="26011534R0QE9M","CLL3MNE115645911 $","","SPX Express","Monde Nissin","Shopee Philippines (Monde Nissin Shopee)","15 Jan, 2026","10 hrs ago","15 Jan, 2026 11AM - 8PM"
"480",="26011534RMSKFB","CLL3MNE115645920 $","","SPX Express","Monde Nissin","Shopee Philippines (Monde Nissin Shopee)","15 Jan, 2026","10 hrs ago","15 Jan, 2026 11AM - 8PM"
"481",="26011534R2K4YJ","CLL3MNE115645921 $","","SPX Express","Monde Nissin","Shopee Philippines (Monde Nissin Shopee)","15 Jan, 2026","10 hrs ago","15 Jan, 2026 11AM - 8PM"
"482",="26011534SGDHPA","CLL3MNE115645926 $","","SPX Express","Monde Nissin","Shopee Philippines (Monde Nissin Shopee)","15 Jan, 2026","10 hrs ago","15 Jan, 2026 11AM - 8PM"
"483",="26011535AHWPFJ","CLL3MNE115645927","","SPX Express","Monde Nissin","Shopee Philippines (Monde Nissin Shopee)","15 Jan, 2026","10 hrs ago","15 Jan, 2026 11AM - 8PM"
"484",="26011535909127","CLL3MNE115645936","","SPX Express","Monde Nissin","Shopee Philippines (Monde Nissin Shopee)","15 Jan, 2026","10 hrs ago","15 Jan, 2026 11AM - 8PM"
"485",="26011534SVSH7F","CLL3MNE115645939 $","","SPX Express","Monde Nissin","Shopee Philippines (Monde Nissin Shopee)","15 Jan, 2026","10 hrs ago","15 Jan, 2026 11AM - 8PM"
"486",="26011534MSPEF4","CLL3MNE115645940 $","","SPX Express","Monde Nissin","Shopee Philippines (Monde Nissin Shopee)","15 Jan, 2026","10 hrs ago","15 Jan, 2026 11AM - 8PM"
"487",="26011535B8TMKC","CLL3ARA115645946","","SPX Express","ARLA PH","Shopee Philippines (Arla Shopee)","15 Jan, 2026","10 hrs ago","15 Jan, 2026 11AM - 8PM"
"488",="26011534SYPQ2S","CLL3MNE115645948 $","","SPX Express","Monde Nissin","Shopee Philippines (Monde Nissin Shopee)","15 Jan, 2026","10 hrs ago","15 Jan, 2026 11AM - 8PM"
"489",="26011534SXQCCH","CLL3MNE115645950 $","","SPX Express","Monde Nissin","Shopee Philippines (Monde Nissin Shopee)","15 Jan, 2026","10 hrs ago","15 Jan, 2026 11AM - 8PM"
"490",="26011534QUXA9Q","CLL3MNE115645951 $","","SPX Express","Monde Nissin","Shopee Philippines (Monde Nissin Shopee)","15 Jan, 2026","10 hrs ago","15 Jan, 2026 11AM - 8PM"
"491",="26011534P3N72U","CLL3MNE115645953 $","","SPX Express","Monde Nissin","Shopee Philippines (Monde Nissin Shopee)","15 Jan, 2026","10 hrs ago","15 Jan, 2026 11AM - 8PM"
"492",="2601153567JQ6M","CLL3ARA115645959","","SPX Express","ARLA PH","Shopee Philippines (Arla Shopee)","15 Jan, 2026","10 hrs ago","15 Jan, 2026 11AM - 8PM"
"493",="26011534PAABQN","CLL3MNE115645963 $","","SPX Express","Monde Nissin","Shopee Philippines (Monde Nissin Shopee)","15 Jan, 2026","10 hrs ago","15 Jan, 2026 11AM - 8PM"
"494",="26011534VCW2SQ","CLL3MNE115645964 $","","SPX Express","Monde Nissin","Shopee Philippines (Monde Nissin Shopee)","15 Jan, 2026","10 hrs ago","15 Jan, 2026 11AM - 8PM"
"495",="26011534P1S2G2","CLL3MNE115645965 $","","SPX Express","Monde Nissin","Shopee Philippines (Monde Nissin Shopee)","15 Jan, 2026","10 hrs ago","15 Jan, 2026 11AM - 8PM"
"496",="26011534PSMBCY","CLL3MNE115645973 $","","SPX Express","Monde Nissin","Shopee Philippines (Monde Nissin Shopee)","15 Jan, 2026","10 hrs ago","15 Jan, 2026 11AM - 8PM"
"497",="26011535ESAH01","CLL3MNE115645978","","SPX Express","Monde Nissin","Shopee Philippines (Monde Nissin Shopee)","15 Jan, 2026","10 hrs ago","15 Jan, 2026 11AM - 8PM"
"498",="26011534TEWHG1","CLL3MNE115645989 $","","SPX Express","Monde Nissin","Shopee Philippines (Monde Nissin Shopee)","15 Jan, 2026","10 hrs ago","15 Jan, 2026 11AM - 8PM"
"499",="26011534X6559S","CLL3MNE115645997 $","","J&T Cargo","Monde Nissin","Shopee Philippines (Monde Nissin Shopee)","15 Jan, 2026","10 hrs ago","15 Jan, 2026 11AM - 8PM"
"500",="26011534RY93A9","CLL3MNE115645999 $","","SPX Express","Monde Nissin","Shopee Philippines (Monde Nissin Shopee)","15 Jan, 2026","10 hrs ago","15 Jan, 2026 11AM - 8PM"
"501",="26011534UDDT3N","CLL3MNE115646000 $","","SPX Express","Monde Nissin","Shopee Philippines (Monde Nissin Shopee)","15 Jan, 2026","10 hrs ago","15 Jan, 2026 11AM - 8PM"
"502",="26011534TTD5B2","CLL3MNE115646005 $","","SPX Express","Monde Nissin","Shopee Philippines (Monde Nissin Shopee)","15 Jan, 2026","10 hrs ago","15 Jan, 2026 11AM - 8PM"
"503",="26011534XDRG44","CLL3MNE115646007 $","","SPX Express","Monde Nissin","Shopee Philippines (Monde Nissin Shopee)","15 Jan, 2026","10 hrs ago","15 Jan, 2026 11AM - 8PM"
"504",="26011534SP3KBP","CLL3MNE115646009 $","","J&T Cargo","Monde Nissin","Shopee Philippines (Monde Nissin Shopee)","15 Jan, 2026","10 hrs ago","15 Jan, 2026 11AM - 8PM"
"505",="26011534XYTYD0","CLL3MNE115646011 $","","SPX Express","Monde Nissin","Shopee Philippines (Monde Nissin Shopee)","15 Jan, 2026","10 hrs ago","15 Jan, 2026 11AM - 8PM"
"506",="26011534TY3Q5H","CLL3MNE115646015 $","","SPX Express","Monde Nissin","Shopee Philippines (Monde Nissin Shopee)","15 Jan, 2026","10 hrs ago","15 Jan, 2026 11AM - 8PM"
"507",="26011534XT5AJJ","CLL3MNE115646021 $","","SPX Express","Monde Nissin","Shopee Philippines (Monde Nissin Shopee)","15 Jan, 2026","10 hrs ago","15 Jan, 2026 11AM - 8PM"
"508",="260115359FKC1S","CLL3MNE115646027","","SPX Express","Monde Nissin","Shopee Philippines (Monde Nissin Shopee)","15 Jan, 2026","10 hrs ago","15 Jan, 2026 11AM - 8PM"
"509",="26011535ECW3KQ","CLL3MNE115646029","","SPX Express","Monde Nissin","Shopee Philippines (Monde Nissin Shopee)","15 Jan, 2026","10 hrs ago","15 Jan, 2026 11AM - 8PM"
"510",="26011535CW93VD","CLL3MNE115646033","","SPX Express","Monde Nissin","Shopee Philippines (Monde Nissin Shopee)","15 Jan, 2026","10 hrs ago","15 Jan, 2026 11AM - 8PM"
"511",="26011535EW4FJK","CLL3ARA115646041","","SPX Express","ARLA PH","Shopee Philippines (Arla Shopee)","15 Jan, 2026","10 hrs ago","15 Jan, 2026 11AM - 8PM"
"512",="26011535ASG384","CLL3MNE115646042","","SPX Express","Monde Nissin","Shopee Philippines (Monde Nissin Shopee)","15 Jan, 2026","10 hrs ago","15 Jan, 2026 11AM - 8PM"
"513",="2601153534F1BU","CLL3MNE115646055 $","","SPX Express","Monde Nissin","Shopee Philippines (Monde Nissin Shopee)","15 Jan, 2026","10 hrs ago","15 Jan, 2026 11AM - 8PM"
"514",="26011535NTCTN4","CLL3MNE115646080","","Shopee Express","Monde Nissin","Shopee Philippines (Monde Nissin Shopee)","15 Jan, 2026","10 hrs ago","16 Jan, 2026 11AM - 8PM"
"515",="26011535HMURKV","CLL3ARA115646081","","SPX Express","ARLA PH","Shopee Philippines (Arla Shopee)","15 Jan, 2026","10 hrs ago","15 Jan, 2026 11AM - 8PM"
"516",="2601153532FXJR","CLL3MNE115646087 $","","SPX Express","Monde Nissin","Shopee Philippines (Monde Nissin Shopee)","15 Jan, 2026","10 hrs ago","15 Jan, 2026 11AM - 8PM"
"517",="26011535D6T9T2","CLL3MNE115646088","","J&T","Monde Nissin","Shopee Philippines (Monde Nissin Shopee)","15 Jan, 2026","10 hrs ago","15 Jan, 2026 11AM - 8PM"
"518",="260115353C1678","CLL3MNE115646090 $","","J&T Cargo","Monde Nissin","Shopee Philippines (Monde Nissin Shopee)","15 Jan, 2026","10 hrs ago","15 Jan, 2026 11AM - 8PM"
"519",="260115352HCGSA","CLL3MNE115646094 $","","SPX Express","Monde Nissin","Shopee Philippines (Monde Nissin Shopee)","15 Jan, 2026","10 hrs ago","15 Jan, 2026 11AM - 8PM"
"520",="26011535DXMMNE","CLL3MNE115646096","","J&T","Monde Nissin","Shopee Philippines (Monde Nissin Shopee)","15 Jan, 2026","10 hrs ago","15 Jan, 2026 11AM - 8PM"
"521",="26011535MN79DP","CLL3MNE115646098","","J&T Cargo","Monde Nissin","Shopee Philippines (Monde Nissin Shopee)","15 Jan, 2026","10 hrs ago","15 Jan, 2026 11AM - 8PM"
"522",="2601153509UFUK","CLL3MNE115646104 $","","SPX Express","Monde Nissin","Shopee Philippines (Monde Nissin Shopee)","15 Jan, 2026","10 hrs ago","15 Jan, 2026 11AM - 8PM"
"523",="26011534YUH8BN","CLL3MNE115646108 $","","J&T Cargo","Monde Nissin","Shopee Philippines (Monde Nissin Shopee)","15 Jan, 2026","10 hrs ago","15 Jan, 2026 11AM - 8PM"
"524",="26011535N4FNRE","CLL3MNE115646112","","J&T Cargo","Monde Nissin","Shopee Philippines (Monde Nissin Shopee)","15 Jan, 2026","10 hrs ago","15 Jan, 2026 11AM - 8PM"
"525",="26011535763RV6","CLL3ARA115646116 $","","SPX Express","ARLA PH","Shopee Philippines (Arla Shopee)","15 Jan, 2026","10 hrs ago","15 Jan, 2026 11AM - 8PM"
"526",="26011535MK90H1","CLL3ARA115646118","","SPX Express","ARLA PH","Shopee Philippines (Arla Shopee)","15 Jan, 2026","10 hrs ago","15 Jan, 2026 11AM - 8PM"
"527",="26011535MGFD04","CLL3MNE115646120","","SPX Express","Monde Nissin","Shopee Philippines (Monde Nissin Shopee)","15 Jan, 2026","10 hrs ago","15 Jan, 2026 11AM - 8PM"
"528",="26011535MTVXH6","CLL3MNE115646122","","J&T Cargo","Monde Nissin","Shopee Philippines (Monde Nissin Shopee)","15 Jan, 2026","10 hrs ago","15 Jan, 2026 11AM - 8PM"
"529",="26011535NC1U28","CLL3MNE115646123","","SPX Express","Monde Nissin","Shopee Philippines (Monde Nissin Shopee)","15 Jan, 2026","10 hrs ago","15 Jan, 2026 11AM - 8PM"
"530",="26011535MYNJ8R","CLL3ARA115646127","","SPX Express","ARLA PH","Shopee Philippines (Arla Shopee)","15 Jan, 2026","10 hrs ago","15 Jan, 2026 11AM - 8PM"
"531",="260115351WBYR6","CLL3MNE115646143 $","","J&T Cargo","Monde Nissin","Shopee Philippines (Monde Nissin Shopee)","15 Jan, 2026","10 hrs ago","15 Jan, 2026 11AM - 8PM"
"532",="2601153549KNJV","CLL3MNE115646144 $","","SPX Express","Monde Nissin","Shopee Philippines (Monde Nissin Shopee)","15 Jan, 2026","10 hrs ago","15 Jan, 2026 11AM - 8PM"
"533",="2601153513HKTV","CLL3MNE115646148 $","","J&T Cargo","Monde Nissin","Shopee Philippines (Monde Nissin Shopee)","15 Jan, 2026","10 hrs ago","15 Jan, 2026 11AM - 8PM"
"534",="260115354RV0RE","CLL3MNE115646155 $","","SPX Express","Monde Nissin","Shopee Philippines (Monde Nissin Shopee)","15 Jan, 2026","10 hrs ago","15 Jan, 2026 11AM - 8PM"
"535",="260115357NDM4F","CLL3MNE115646164 $","","SPX Express","Monde Nissin","Shopee Philippines (Monde Nissin Shopee)","15 Jan, 2026","10 hrs ago","15 Jan, 2026 11AM - 8PM"
"536",="2601153579YCQP","CLL3MNE115646166 $","","SPX Express","Monde Nissin","Shopee Philippines (Monde Nissin Shopee)","15 Jan, 2026","10 hrs ago","15 Jan, 2026 11AM - 8PM"
"537",="582120889817007754","CLL3ARA115646168 $","","J&T Express","ARLA PH","Tiktok Philippines (Arla Tiktok)","15 Jan, 2026","10 hrs ago","16 Jan, 2026 11AM - 8PM"
"538",="26011535FG6G6R","CLL3MNE115646169","","SPX Express","Monde Nissin","Shopee Philippines (Monde Nissin Shopee)","15 Jan, 2026","10 hrs ago","15 Jan, 2026 11AM - 8PM"
"539",="1064919837371410","CLL3ARA115646171","","LEX PH","ARLA PH","Lazada Philippines (Arla Lazada)","15 Jan, 2026","10 hrs ago","16 Jan, 2026 11AM - 8PM"
"540",="260115356F82SJ","CLL3MNE115646198 $","","SPX Express","Monde Nissin","Shopee Philippines (Monde Nissin Shopee)","15 Jan, 2026","10 hrs ago","15 Jan, 2026 11AM - 8PM"
"541",="260115356EAYHP","CLL3MNE115646207 $","","SPX Express","Monde Nissin","Shopee Philippines (Monde Nissin Shopee)","15 Jan, 2026","10 hrs ago","15 Jan, 2026 11AM - 8PM"
"542",="260115358TJ4X4","CLL3MNE115646225 $","","SPX Express","Monde Nissin","Shopee Philippines (Monde Nissin Shopee)","15 Jan, 2026","10 hrs ago","15 Jan, 2026 11AM - 8PM"
"543",="260115359WVG81","CLL3MNE115646230 $","","SPX Express","Monde Nissin","Shopee Philippines (Monde Nissin Shopee)","15 Jan, 2026","10 hrs ago","15 Jan, 2026 11AM - 8PM"
"544",="26011535952EU1","CLL3MNE115646236 $","","SPX Express","Monde Nissin","Shopee Philippines (Monde Nissin Shopee)","15 Jan, 2026","10 hrs ago","15 Jan, 2026 11AM - 8PM"
"545",="2601153562V0JJ","CLL3MNE115646237 $","","SPX Express","Monde Nissin","Shopee Philippines (Monde Nissin Shopee)","15 Jan, 2026","10 hrs ago","15 Jan, 2026 11AM - 8PM"
"546",="260115358YCUJW","CLL3MNE115646238 $","","SPX Express","Monde Nissin","Shopee Philippines (Monde Nissin Shopee)","15 Jan, 2026","10 hrs ago","15 Jan, 2026 11AM - 8PM"
"547",="26011535AMRVPW","CLL3MNE115646239 $","","SPX Express","Monde Nissin","Shopee Philippines (Monde Nissin Shopee)","15 Jan, 2026","10 hrs ago","15 Jan, 2026 11AM - 8PM"
"548",="260115358QRME1","CLL3MNE115646243 $","","SPX Express","Monde Nissin","Shopee Philippines (Monde Nissin Shopee)","15 Jan, 2026","10 hrs ago","15 Jan, 2026 11AM - 8PM"
"549",="260115359XSUN8","CLL3ARA115646245 $","","SPX Express","ARLA PH","Shopee Philippines (Arla Shopee)","15 Jan, 2026","10 hrs ago","15 Jan, 2026 11AM - 8PM"
"550",="26011535M08M4C","CLL3MNE115646249","","SPX Express","Monde Nissin","Shopee Philippines (Monde Nissin Shopee)","15 Jan, 2026","10 hrs ago","15 Jan, 2026 11AM - 8PM"
"551",="26011535KNPRFV","CLL3MNE115646251","","J&T Cargo","Monde Nissin","Shopee Philippines (Monde Nissin Shopee)","15 Jan, 2026","10 hrs ago","15 Jan, 2026 11AM - 8PM"
"552",="260115358F597E","CLL3ARA115646256 $","","SPX Express","ARLA PH","Shopee Philippines (Arla Shopee)","15 Jan, 2026","10 hrs ago","15 Jan, 2026 11AM - 8PM"
"553",="2601153586J6FK","CLL3ARA115646259 $","","SPX Express","ARLA PH","Shopee Philippines (Arla Shopee)","15 Jan, 2026","10 hrs ago","15 Jan, 2026 11AM - 8PM"
"554",="26011535NHTP5G","CLL3MNE115646266","","SPX Express","Monde Nissin","Shopee Philippines (Monde Nissin Shopee)","15 Jan, 2026","10 hrs ago","15 Jan, 2026 11AM - 8PM"
"555",="2601153597XBUG","CLL3ARA115646273 $","","SPX Express","ARLA PH","Shopee Philippines (Arla Shopee)","15 Jan, 2026","10 hrs ago","15 Jan, 2026 11AM - 8PM"
"556",="26011535QB2MF4","CLL3MNE115646275","","SPX Express","Monde Nissin","Shopee Philippines (Monde Nissin Shopee)","15 Jan, 2026","10 hrs ago","15 Jan, 2026 11AM - 8PM"
"557",="26011535V1P4NW","CLL3ARA115646282","","SPX Express","ARLA PH","Shopee Philippines (Arla Shopee)","15 Jan, 2026","10 hrs ago","15 Jan, 2026 11AM - 8PM"
"558",="26011535TMVYSC","CLL3MNE115646283","","SPX Express","Monde Nissin","Shopee Philippines (Monde Nissin Shopee)","15 Jan, 2026","10 hrs ago","15 Jan, 2026 11AM - 8PM"
"559",="260115358TMHY3","CLL3MNE115646287 $","","SPX Express","Monde Nissin","Shopee Philippines (Monde Nissin Shopee)","15 Jan, 2026","10 hrs ago","15 Jan, 2026 11AM - 8PM"
"560",="26011535SV33WS","CLL3MNE115646291","","SPX Express","Monde Nissin","Shopee Philippines (Monde Nissin Shopee)","15 Jan, 2026","10 hrs ago","15 Jan, 2026 11AM - 8PM"
"561",="260115359DPETU","CLL3ARA115646295 $","","SPX Express","ARLA PH","Shopee Philippines (Arla Shopee)","15 Jan, 2026","10 hrs ago","15 Jan, 2026 11AM - 8PM"
"562",="26011535R2VH9X","CLL3ARA115646302","","SPX Express","ARLA PH","Shopee Philippines (Arla Shopee)","15 Jan, 2026","10 hrs ago","15 Jan, 2026 11AM - 8PM"
"563",="582120882788468422","CLL3ARA115646319 $","","J&T Express","ARLA PH","Tiktok Philippines (Arla Tiktok)","15 Jan, 2026","10 hrs ago","16 Jan, 2026 11AM - 8PM"
"564",="582120919595713590","CLL3ARA115646326 $","","J&T Express","ARLA PH","Tiktok Philippines (Arla Tiktok)","15 Jan, 2026","10 hrs ago","16 Jan, 2026 11AM - 8PM"
"565",="26011535UGG94B","CLL3MNE115646333","","SPX Express","Monde Nissin","Shopee Philippines (Monde Nissin Shopee)","15 Jan, 2026","10 hrs ago","15 Jan, 2026 11AM - 8PM"
"566",="26011535W8SUDX","CLL3MNE115646354","","Shopee Express","Monde Nissin","Shopee Philippines (Monde Nissin Shopee)","15 Jan, 2026","10 hrs ago","16 Jan, 2026 11AM - 8PM"
"567",="1073278361600124","CLL3MNE115646355","","LEX PH","Monde Nissin","Lazada Philippines (Monde Nissin Lazada)","15 Jan, 2026","10 hrs ago","16 Jan, 2026 11AM - 8PM"
"568",="260115363ACXTQ","CLL3MNE115646368","","Shopee Express","Monde Nissin","Shopee Philippines (Monde Nissin Shopee)","15 Jan, 2026","10 hrs ago","16 Jan, 2026 11AM - 8PM"
"569",="26011535UDNFN4","CLL3MNE115646370","","SPX Express","Monde Nissin","Shopee Philippines (Monde Nissin Shopee)","15 Jan, 2026","10 hrs ago","15 Jan, 2026 11AM - 8PM"
"570",="26011535BSXX91","CLL3MNE115646373 $","","SPX Express","Monde Nissin","Shopee Philippines (Monde Nissin Shopee)","15 Jan, 2026","10 hrs ago","15 Jan, 2026 11AM - 8PM"
"571",="26011535WHCA7F","CLL3ARA115646381","","SPX Express","ARLA PH","Shopee Philippines (Arla Shopee)","15 Jan, 2026","10 hrs ago","15 Jan, 2026 11AM - 8PM"
"572",="26011535BXRGJF","CLL3MNE115646382 $","","SPX Express","Monde Nissin","Shopee Philippines (Monde Nissin Shopee)","15 Jan, 2026","10 hrs ago","15 Jan, 2026 11AM - 8PM"
"573",="26011535T6J24P","CLL3MNE115646383","","SPX Express","Monde Nissin","Shopee Philippines (Monde Nissin Shopee)","15 Jan, 2026","10 hrs ago","15 Jan, 2026 11AM - 8PM"
"574",="26011535XPKCDY","CLL3MNE115646384","","SPX Express","Monde Nissin","Shopee Philippines (Monde Nissin Shopee)","15 Jan, 2026","10 hrs ago","15 Jan, 2026 11AM - 8PM"
"575",="26011535D129V7","CLL3MNE115646385 $","","SPX Express","Monde Nissin","Shopee Philippines (Monde Nissin Shopee)","15 Jan, 2026","10 hrs ago","15 Jan, 2026 11AM - 8PM"
"576",="260115360PFE1U","CLL3MNE115646390","","SPX Express","Monde Nissin","Shopee Philippines (Monde Nissin Shopee)","15 Jan, 2026","10 hrs ago","15 Jan, 2026 11AM - 8PM"
"577",="26011535EMH8FJ","CLL3MNE115646393 $","","SPX Express","Monde Nissin","Shopee Philippines (Monde Nissin Shopee)","15 Jan, 2026","10 hrs ago","15 Jan, 2026 11AM - 8PM"
"578",="26011535WSXYK9","CLL3MNE115646394","","SPX Express","Monde Nissin","Shopee Philippines (Monde Nissin Shopee)","15 Jan, 2026","10 hrs ago","15 Jan, 2026 11AM - 8PM"
"579",="26011535YWNB5Q","CLL3MNE115646395","","SPX Express","Monde Nissin","Shopee Philippines (Monde Nissin Shopee)","15 Jan, 2026","10 hrs ago","15 Jan, 2026 11AM - 8PM"
"580",="26011535WEJPQS","CLL3MNE115646397","","SPX Express","Monde Nissin","Shopee Philippines (Monde Nissin Shopee)","15 Jan, 2026","10 hrs ago","15 Jan, 2026 11AM - 8PM"
"581",="26011535CY4SM9","CLL3MNE115646398 $","","J&T Cargo","Monde Nissin","Shopee Philippines (Monde Nissin Shopee)","15 Jan, 2026","10 hrs ago","15 Jan, 2026 11AM - 8PM"
"582",="26011535X2JU1E","CLL3MNE115646401","","SPX Express","Monde Nissin","Shopee Philippines (Monde Nissin Shopee)","15 Jan, 2026","10 hrs ago","15 Jan, 2026 11AM - 8PM"
"583",="26011535FQU3B9","CLL3MNE115646408 $","","SPX Express","Monde Nissin","Shopee Philippines (Monde Nissin Shopee)","15 Jan, 2026","10 hrs ago","15 Jan, 2026 11AM - 8PM"
"584",="26011535C78NT0","CLL3MNE115646409 $","","SPX Express","Monde Nissin","Shopee Philippines (Monde Nissin Shopee)","15 Jan, 2026","10 hrs ago","15 Jan, 2026 11AM - 8PM"
"585",="26011535J9TWQU","CLL3MNE115646417 $","","SPX Express","Monde Nissin","Shopee Philippines (Monde Nissin Shopee)","15 Jan, 2026","10 hrs ago","15 Jan, 2026 11AM - 8PM"
"586",="26011535DVP61K","CLL3MNE115646418 $","","SPX Express","Monde Nissin","Shopee Philippines (Monde Nissin Shopee)","15 Jan, 2026","10 hrs ago","15 Jan, 2026 11AM - 8PM"
"587",="26011535WN6AEA","CLL3MNE115646421","","SPX Express","Monde Nissin","Shopee Philippines (Monde Nissin Shopee)","15 Jan, 2026","10 hrs ago","15 Jan, 2026 11AM - 8PM"
"588",="26011535GFQ3TQ","CLL3MNE115646422 $","","J&T Cargo","Monde Nissin","Shopee Philippines (Monde Nissin Shopee)","15 Jan, 2026","10 hrs ago","15 Jan, 2026 11AM - 8PM"
"589",="26011535GWXT1F","CLL3MNE115646423 $","","SPX Express","Monde Nissin","Shopee Philippines (Monde Nissin Shopee)","15 Jan, 2026","10 hrs ago","15 Jan, 2026 11AM - 8PM"
"590",="26011535JNAFS2","CLL3MNE115646424 $","","SPX Express","Monde Nissin","Shopee Philippines (Monde Nissin Shopee)","15 Jan, 2026","10 hrs ago","15 Jan, 2026 11AM - 8PM"
"591",="26011535HF3QS0","CLL3MNE115646425 $","","SPX Express","Monde Nissin","Shopee Philippines (Monde Nissin Shopee)","15 Jan, 2026","10 hrs ago","15 Jan, 2026 11AM - 8PM"
"592",="26011535HSP4K8","CLL3MNE115646426 $","","SPX Express","Monde Nissin","Shopee Philippines (Monde Nissin Shopee)","15 Jan, 2026","10 hrs ago","15 Jan, 2026 11AM - 8PM"
"593",="26011535J0ARYR","CLL3MNE115646428 $","","SPX Express","Monde Nissin","Shopee Philippines (Monde Nissin Shopee)","15 Jan, 2026","10 hrs ago","15 Jan, 2026 11AM - 8PM"
"594",="26011535JVY4GJ","CLL3MNE115646434 $","","SPX Express","Monde Nissin","Shopee Philippines (Monde Nissin Shopee)","15 Jan, 2026","10 hrs ago","15 Jan, 2026 11AM - 8PM"
"595",="26011535GW1JW8","CLL3MNE115646444 $","","SPX Express","Monde Nissin","Shopee Philippines (Monde Nissin Shopee)","15 Jan, 2026","10 hrs ago","15 Jan, 2026 11AM - 8PM"
"596",="26011535GU5M78","CLL3MNE115646447 $","","SPX Express","Monde Nissin","Shopee Philippines (Monde Nissin Shopee)","15 Jan, 2026","10 hrs ago","15 Jan, 2026 11AM - 8PM"
"597",="26011535MHB4H5","CLL3MNE115646450 $","","J&T Cargo","Monde Nissin","Shopee Philippines (Monde Nissin Shopee)","15 Jan, 2026","10 hrs ago","15 Jan, 2026 11AM - 8PM"
"598",="26011535MQ4N8S","CLL3MNE115646451 $","","J&T Cargo","Monde Nissin","Shopee Philippines (Monde Nissin Shopee)","15 Jan, 2026","10 hrs ago","15 Jan, 2026 11AM - 8PM"
"599",="2601153667V5N5","CLL3MNE115646456","","SPX Express","Monde Nissin","Shopee Philippines (Monde Nissin Shopee)","15 Jan, 2026","10 hrs ago","15 Jan, 2026 11AM - 8PM"
"600",="26011535M8RUYY","CLL3MNE115646458 $","","SPX Express","Monde Nissin","Shopee Philippines (Monde Nissin Shopee)","15 Jan, 2026","10 hrs ago","15 Jan, 2026 11AM - 8PM"
"601",="26011535T0V64R","CLL3ARA115646460 $","","SPX Express","ARLA PH","Shopee Philippines (Arla Shopee)","15 Jan, 2026","10 hrs ago","15 Jan, 2026 11AM - 8PM"
"602",="2601153648WJP5","CLL3MNE115646468","","SPX Express","Monde Nissin","Shopee Philippines (Monde Nissin Shopee)","15 Jan, 2026","10 hrs ago","15 Jan, 2026 11AM - 8PM"
"603",="26011535M42MXP","CLL3MNE115646475 $","","SPX Express","Monde Nissin","Shopee Philippines (Monde Nissin Shopee)","15 Jan, 2026","10 hrs ago","15 Jan, 2026 11AM - 8PM"
"604",="26011535KG1N3X","CLL3MNE115646487 $","","SPX Express","Monde Nissin","Shopee Philippines (Monde Nissin Shopee)","15 Jan, 2026","10 hrs ago","15 Jan, 2026 11AM - 8PM"
"605",="26011535M1529S","CLL3MNE115646488 $","","J&T Cargo","Monde Nissin","Shopee Philippines (Monde Nissin Shopee)","15 Jan, 2026","10 hrs ago","15 Jan, 2026 11AM - 8PM"
"606",="260115365VDKNK","CLL3MNE115646494","","J&T Cargo","Monde Nissin","Shopee Philippines (Monde Nissin Shopee)","15 Jan, 2026","10 hrs ago","15 Jan, 2026 11AM - 8PM"
"607",="2601153653NAFQ","CLL3MNE115646513","","SPX Express","Monde Nissin","Shopee Philippines (Monde Nissin Shopee)","15 Jan, 2026","10 hrs ago","15 Jan, 2026 11AM - 8PM"
"608",="26011535Y8PJ4R","CLL3MNE115646537","","SPX Express","Monde Nissin","Shopee Philippines (Monde Nissin Shopee)","15 Jan, 2026","10 hrs ago","15 Jan, 2026 11AM - 8PM"
"609",="26011535NQHHSW","CLL3MNE115646542 $","","SPX Express","Monde Nissin","Shopee Philippines (Monde Nissin Shopee)","15 Jan, 2026","10 hrs ago","15 Jan, 2026 11AM - 8PM"
"610",="260115364S4XJJ","CLL3MNE115646545","","SPX Express","Monde Nissin","Shopee Philippines (Monde Nissin Shopee)","15 Jan, 2026","10 hrs ago","15 Jan, 2026 11AM - 8PM"
"611",="26011535R2VHB9","CLL3MNE115646548 $","","SPX Express","Monde Nissin","Shopee Philippines (Monde Nissin Shopee)","15 Jan, 2026","10 hrs ago","15 Jan, 2026 11AM - 8PM"
"612",="26011535QQE894","CLL3MNE115646549 $","","J&T Cargo","Monde Nissin","Shopee Philippines (Monde Nissin Shopee)","15 Jan, 2026","10 hrs ago","15 Jan, 2026 11AM - 8PM"
"613",="2601153673GJM0","CLL3ARA115646554","","SPX Express","ARLA PH","Shopee Philippines (Arla Shopee)","15 Jan, 2026","10 hrs ago","15 Jan, 2026 11AM - 8PM"
"614",="260115364DNPAJ","CLL3MNE115646555","","J&T","Monde Nissin","Shopee Philippines (Monde Nissin Shopee)","15 Jan, 2026","10 hrs ago","15 Jan, 2026 11AM - 8PM"
"615",="260115361MYQ0F","CLL3MNE115646560","","SPX Express","Monde Nissin","Shopee Philippines (Monde Nissin Shopee)","15 Jan, 2026","10 hrs ago","15 Jan, 2026 11AM - 8PM"
"616",="26011536A0Y3CB","CLL3MNE115646566","","SPX Express","Monde Nissin","Shopee Philippines (Monde Nissin Shopee)","15 Jan, 2026","10 hrs ago","15 Jan, 2026 11AM - 8PM"
"617",="260115368WNB3V","CLL3MNE115646568","","SPX Express","Monde Nissin","Shopee Philippines (Monde Nissin Shopee)","15 Jan, 2026","10 hrs ago","15 Jan, 2026 11AM - 8PM"
"618",="26011535QC0370","CLL3MNE115646570 $","","SPX Express","Monde Nissin","Shopee Philippines (Monde Nissin Shopee)","15 Jan, 2026","10 hrs ago","15 Jan, 2026 11AM - 8PM"
"619",="26011535QCY91A","CLL3MNE115646573 $","","SPX Express","Monde Nissin","Shopee Philippines (Monde Nissin Shopee)","15 Jan, 2026","10 hrs ago","15 Jan, 2026 11AM - 8PM"
"620",="260115369JMF1Q","CLL3MNE115646574","","SPX Express","Monde Nissin","Shopee Philippines (Monde Nissin Shopee)","15 Jan, 2026","10 hrs ago","15 Jan, 2026 11AM - 8PM"
"621",="26011535P9MFF8","CLL3ARA115646575 $","","SPX Express","ARLA PH","Shopee Philippines (Arla Shopee)","15 Jan, 2026","10 hrs ago","15 Jan, 2026 11AM - 8PM"
"622",="26011535RQVYM5","CLL3MNE115646581 $","","SPX Express","Monde Nissin","Shopee Philippines (Monde Nissin Shopee)","15 Jan, 2026","10 hrs ago","15 Jan, 2026 11AM - 8PM"
"623",="260115367TEJXH","CLL3MNE115646583","","SPX Express","Monde Nissin","Shopee Philippines (Monde Nissin Shopee)","15 Jan, 2026","10 hrs ago","15 Jan, 2026 11AM - 8PM"
"624",="26011535S39XHM","CLL3MNE115646586 $","","SPX Express","Monde Nissin","Shopee Philippines (Monde Nissin Shopee)","15 Jan, 2026","10 hrs ago","15 Jan, 2026 11AM - 8PM"
"625",="26011535U7YQFF","CLL3MNE115646599 $","","SPX Express","Monde Nissin","Shopee Philippines (Monde Nissin Shopee)","15 Jan, 2026","10 hrs ago","15 Jan, 2026 11AM - 8PM"
"626",="26011536HP1QXN","CLL3MNE115646633","","SPX Express","Monde Nissin","Shopee Philippines (Monde Nissin Shopee)","15 Jan, 2026","10 hrs ago","15 Jan, 2026 11AM - 8PM"
"627",="26011536ETG73B","CLL3MNE115646636","","SPX Express","Monde Nissin","Shopee Philippines (Monde Nissin Shopee)","15 Jan, 2026","10 hrs ago","15 Jan, 2026 11AM - 8PM"
"628",="26011536814HS1","CLL3ARA115646637","","SPX Express","ARLA PH","Shopee Philippines (Arla Shopee)","15 Jan, 2026","10 hrs ago","15 Jan, 2026 11AM - 8PM"
"629",="26011536BME9PN","CLL3MNE115646640","","SPX Express","Monde Nissin","Shopee Philippines (Monde Nissin Shopee)","15 Jan, 2026","10 hrs ago","15 Jan, 2026 11AM - 8PM"
"630",="260115366TWW5C","CLL3MNE115646644","","SPX Express","Monde Nissin","Shopee Philippines (Monde Nissin Shopee)","15 Jan, 2026","10 hrs ago","15 Jan, 2026 11AM - 8PM"
"631",="26011535WDJ7AU","CLL3ARA115646646 $","","J&T Cargo","ARLA PH","Shopee Philippines (Arla Shopee)","15 Jan, 2026","10 hrs ago","15 Jan, 2026 11AM - 8PM"
"632",="26011536821GG8","CLL3MNE115646647","","J&T","Monde Nissin","Shopee Philippines (Monde Nissin Shopee)","15 Jan, 2026","10 hrs ago","15 Jan, 2026 11AM - 8PM"
"633",="26011536GY7P1G","CLL3MNE115646651","","J&T Cargo","Monde Nissin","Shopee Philippines (Monde Nissin Shopee)","15 Jan, 2026","10 hrs ago","15 Jan, 2026 11AM - 8PM"
"634",="26011535YBHBNW","CLL3MNE115646655 $","","J&T Cargo","Monde Nissin","Shopee Philippines (Monde Nissin Shopee)","15 Jan, 2026","10 hrs ago","15 Jan, 2026 11AM - 8PM"
"635",="26011535XFWRAQ","CLL3MNE115646657 $","","SPX Express","Monde Nissin","Shopee Philippines (Monde Nissin Shopee)","15 Jan, 2026","10 hrs ago","15 Jan, 2026 11AM - 8PM"
"636",="26011535YK5QWQ","CLL3MNE115646662 $","","SPX Express","Monde Nissin","Shopee Philippines (Monde Nissin Shopee)","15 Jan, 2026","10 hrs ago","15 Jan, 2026 11AM - 8PM"
"637",="26011535YAMWVG","CLL3MNE115646665 $","","SPX Express","Monde Nissin","Shopee Philippines (Monde Nissin Shopee)","15 Jan, 2026","10 hrs ago","15 Jan, 2026 11AM - 8PM"
"638",="26011535UT2E0Y","CLL3MNE115646670 $","","SPX Express","Monde Nissin","Shopee Philippines (Monde Nissin Shopee)","15 Jan, 2026","10 hrs ago","15 Jan, 2026 11AM - 8PM"
"639",="26011536NVJDTS","CLL3ARA115646694","","SPX Express","ARLA PH","Shopee Philippines (Arla Shopee)","15 Jan, 2026","10 hrs ago","15 Jan, 2026 11AM - 8PM"
"640",="260115360SAY4E","CLL3MNE115646700 $","","SPX Express","Monde Nissin","Shopee Philippines (Monde Nissin Shopee)","15 Jan, 2026","10 hrs ago","15 Jan, 2026 11AM - 8PM"
"641",="26011536P8XJQ1","CLL3ARA115646702","","SPX Express","ARLA PH","Shopee Philippines (Arla Shopee)","15 Jan, 2026","10 hrs ago","15 Jan, 2026 11AM - 8PM"
"642",="26011536P28S2C","CLL3MNE115646707","","J&T","Monde Nissin","Shopee Philippines (Monde Nissin Shopee)","15 Jan, 2026","10 hrs ago","15 Jan, 2026 11AM - 8PM"
"643",="260115364NB4GW","CLL3MNE115646708 $","","SPX Express","Monde Nissin","Shopee Philippines (Monde Nissin Shopee)","15 Jan, 2026","10 hrs ago","15 Jan, 2026 11AM - 8PM"
"644",="26011536607K0M","CLL3MNE115646710 $","","SPX Express","Monde Nissin","Shopee Philippines (Monde Nissin Shopee)","15 Jan, 2026","10 hrs ago","15 Jan, 2026 11AM - 8PM"
"645",="26011536K4TKAP","CLL3MNE115646713","","SPX Express","Monde Nissin","Shopee Philippines (Monde Nissin Shopee)","15 Jan, 2026","10 hrs ago","15 Jan, 2026 11AM - 8PM"
"646",="26011536NG4PX4","CLL3ARA115646715","","SPX Express","ARLA PH","Shopee Philippines (Arla Shopee)","15 Jan, 2026","10 hrs ago","15 Jan, 2026 11AM - 8PM"
"647",="26011536HUTV36","CLL3MNE115646725","","J&T","Monde Nissin","Shopee Philippines (Monde Nissin Shopee)","15 Jan, 2026","10 hrs ago","15 Jan, 2026 11AM - 8PM"
"648",="260115365TGP6B","CLL3MNE115646726 $","","J&T","Monde Nissin","Shopee Philippines (Monde Nissin Shopee)","15 Jan, 2026","10 hrs ago","15 Jan, 2026 11AM - 8PM"
"649",="26011536JSCKCY","CLL3MNE115646733","","SPX Express","Monde Nissin","Shopee Philippines (Monde Nissin Shopee)","15 Jan, 2026","10 hrs ago","15 Jan, 2026 11AM - 8PM"
"650",="260115360U807A","CLL3MNE115646734 $","","SPX Express","Monde Nissin","Shopee Philippines (Monde Nissin Shopee)","15 Jan, 2026","10 hrs ago","15 Jan, 2026 11AM - 8PM"
"651",="260115365F3K7E","CLL3MNE115646737 $","","SPX Express","Monde Nissin","Shopee Philippines (Monde Nissin Shopee)","15 Jan, 2026","10 hrs ago","15 Jan, 2026 11AM - 8PM"
"652",="26011536QE3JPN","CLL3MNE115646742","","J&T","Monde Nissin","Shopee Philippines (Monde Nissin Shopee)","15 Jan, 2026","10 hrs ago","15 Jan, 2026 11AM - 8PM"
"653",="26011536KMYRM3","CLL3MNE115646743","","SPX Express","Monde Nissin","Shopee Philippines (Monde Nissin Shopee)","15 Jan, 2026","10 hrs ago","15 Jan, 2026 11AM - 8PM"
"654",="260115365VF0X5","CLL3MNE115646744 $","","SPX Express","Monde Nissin","Shopee Philippines (Monde Nissin Shopee)","15 Jan, 2026","10 hrs ago","15 Jan, 2026 11AM - 8PM"
"655",="26011536Q1QKXN","CLL3MNE115646748","","SPX Express","Monde Nissin","Shopee Philippines (Monde Nissin Shopee)","15 Jan, 2026","10 hrs ago","15 Jan, 2026 11AM - 8PM"
"656",="260115362T6PG8","CLL3MNE115646749 $","","J&T Cargo","Monde Nissin","Shopee Philippines (Monde Nissin Shopee)","15 Jan, 2026","10 hrs ago","15 Jan, 2026 11AM - 8PM"
"657",="26011536TUS9TP","CLL3ARA115646750","","SPX Express","ARLA PH","Shopee Philippines (Arla Shopee)","15 Jan, 2026","10 hrs ago","16 Jan, 2026 11AM - 8PM"
"658",="260115369U92VN","CLL3MNE115646761 $","","J&T Cargo","Monde Nissin","Shopee Philippines (Monde Nissin Shopee)","15 Jan, 2026","10 hrs ago","15 Jan, 2026 11AM - 8PM"
"659",="26011536AG6GB3","CLL3MNE115646766 $","","J&T Cargo","Monde Nissin","Shopee Philippines (Monde Nissin Shopee)","15 Jan, 2026","10 hrs ago","15 Jan, 2026 11AM - 8PM"
"660",="26011536TN4P1J","CLL3MNE115646767","","J&T","Monde Nissin","Shopee Philippines (Monde Nissin Shopee)","15 Jan, 2026","10 hrs ago","15 Jan, 2026 11AM - 8PM"
"661",="26011536EPQMRQ","CLL3MNE115646772 $","","Shopee Self Pick-up","Monde Nissin","Shopee Philippines (Monde Nissin Shopee)","15 Jan, 2026","10 hrs ago","16 Jan, 2026 11AM - 8PM"
"662",="26011536AM2BA6","CLL3MNE115646775 $","","SPX Express","Monde Nissin","Shopee Philippines (Monde Nissin Shopee)","15 Jan, 2026","10 hrs ago","15 Jan, 2026 11AM - 8PM"
"663",="260115366FHH9G","CLL3MNE115646776 $","","J&T Cargo","Monde Nissin","Shopee Philippines (Monde Nissin Shopee)","15 Jan, 2026","10 hrs ago","15 Jan, 2026 11AM - 8PM"
"664",="26011536V9KDSG","CLL3ARA115646783","","J&T Cargo","ARLA PH","Shopee Philippines (Arla Shopee)","15 Jan, 2026","10 hrs ago","15 Jan, 2026 11AM - 8PM"
"665",="26011536TVQ550","CLL3ARA115646786","","SPX Express","ARLA PH","Shopee Philippines (Arla Shopee)","15 Jan, 2026","10 hrs ago","15 Jan, 2026 11AM - 8PM"
"666",="260115367B5VXT","CLL3MNE115646785 $","","SPX Express","Monde Nissin","Shopee Philippines (Monde Nissin Shopee)","15 Jan, 2026","10 hrs ago","15 Jan, 2026 11AM - 8PM"
"667",="260115369SAVX5","CLL3MNE115646801 $","","SPX Express","Monde Nissin","Shopee Philippines (Monde Nissin Shopee)","15 Jan, 2026","10 hrs ago","15 Jan, 2026 11AM - 8PM"
"668",="26011536RS2PYF","CLL3MNE115646812","","J&T Cargo","Monde Nissin","Shopee Philippines (Monde Nissin Shopee)","15 Jan, 2026","10 hrs ago","15 Jan, 2026 11AM - 8PM"
"669",="26011536TWPKDD","CLL3MNE115646816","","SPX Express","Monde Nissin","Shopee Philippines (Monde Nissin Shopee)","15 Jan, 2026","10 hrs ago","15 Jan, 2026 11AM - 8PM"
"670",="260115367MNBVC","CLL3MNE115646824 $","","J&T Cargo","Monde Nissin","Shopee Philippines (Monde Nissin Shopee)","15 Jan, 2026","10 hrs ago","15 Jan, 2026 11AM - 8PM"
"671",="26011536RDJS38","CLL3ARA115646826","","SPX Express","ARLA PH","Shopee Philippines (Arla Shopee)","15 Jan, 2026","10 hrs ago","15 Jan, 2026 11AM - 8PM"
"672",="26011536N1V549","CLL3ARA115646827","","SPX Express","ARLA PH","Shopee Philippines (Arla Shopee)","15 Jan, 2026","10 hrs ago","15 Jan, 2026 11AM - 8PM"
"673",="26011536W0GJKR","CLL3MNE115646831","","SPX Express","Monde Nissin","Shopee Philippines (Monde Nissin Shopee)","15 Jan, 2026","10 hrs ago","15 Jan, 2026 11AM - 8PM"
"674",="26011536QQMPWE","CLL3MNE115646835","","SPX Express","Monde Nissin","Shopee Philippines (Monde Nissin Shopee)","15 Jan, 2026","10 hrs ago","15 Jan, 2026 11AM - 8PM"
"675",="2601153676B4WQ","CLL3MNE115646838 $","","SPX Express","Monde Nissin","Shopee Philippines (Monde Nissin Shopee)","15 Jan, 2026","10 hrs ago","15 Jan, 2026 11AM - 8PM"
"676",="26011536W0FU3B","CLL3ARA115646839","","SPX Express","ARLA PH","Shopee Philippines (Arla Shopee)","15 Jan, 2026","10 hrs ago","15 Jan, 2026 11AM - 8PM"
"677",="26011536YU193W","CLL3ARA115646842","","SPX Express","ARLA PH","Shopee Philippines (Arla Shopee)","15 Jan, 2026","10 hrs ago","15 Jan, 2026 11AM - 8PM"
"678",="26011536E4J9B0","CLL3MNE115646846 $","","SPX Express","Monde Nissin","Shopee Philippines (Monde Nissin Shopee)","15 Jan, 2026","10 hrs ago","15 Jan, 2026 11AM - 8PM"
"679",="26011536EUFFT7","CLL3MNE115646848 $","","SPX Express","Monde Nissin","Shopee Philippines (Monde Nissin Shopee)","15 Jan, 2026","10 hrs ago","15 Jan, 2026 11AM - 8PM"
"680",="26011536EE2WXX","CLL3MNE115646850 $","","SPX Express","Monde Nissin","Shopee Philippines (Monde Nissin Shopee)","15 Jan, 2026","10 hrs ago","15 Jan, 2026 11AM - 8PM"
"681",="26011536AM1X3J","CLL3MNE115646855 $","","SPX Express","Monde Nissin","Shopee Philippines (Monde Nissin Shopee)","15 Jan, 2026","10 hrs ago","15 Jan, 2026 11AM - 8PM"
"682",="26011536WRABPD","CLL3MNE115646859","","SPX Express","Monde Nissin","Shopee Philippines (Monde Nissin Shopee)","15 Jan, 2026","10 hrs ago","15 Jan, 2026 11AM - 8PM"
"683",="260115351FY5FG","CLL3MNE115646863","","SPX Express","Monde Nissin","Shopee Philippines (Monde Nissin Shopee)","15 Jan, 2026","10 hrs ago","15 Jan, 2026 11AM - 8PM"
"684",="26011536GA601T","CLL3MNE115646867 $","","SPX Express","Monde Nissin","Shopee Philippines (Monde Nissin Shopee)","15 Jan, 2026","10 hrs ago","15 Jan, 2026 11AM - 8PM"
"685",="260115370KTWC7","CLL3MNE115646866","","SPX Express","Monde Nissin","Shopee Philippines (Monde Nissin Shopee)","15 Jan, 2026","10 hrs ago","15 Jan, 2026 11AM - 8PM"
"686",="260115371N8F93","CLL3ARA115646869","","SPX Express","ARLA PH","Shopee Philippines (Arla Shopee)","15 Jan, 2026","10 hrs ago","15 Jan, 2026 11AM - 8PM"
"687",="26011536WV385V","CLL3MNE115646871","","SPX Express","Monde Nissin","Shopee Philippines (Monde Nissin Shopee)","15 Jan, 2026","10 hrs ago","15 Jan, 2026 11AM - 8PM"
"688",="2601153719T5G8","CLL3MNE115646873","","SPX Express","Monde Nissin","Shopee Philippines (Monde Nissin Shopee)","15 Jan, 2026","10 hrs ago","15 Jan, 2026 11AM - 8PM"
"689",="26011536CACHXH","CLL3MNE115646876 $","","SPX Express","Monde Nissin","Shopee Philippines (Monde Nissin Shopee)","15 Jan, 2026","10 hrs ago","15 Jan, 2026 11AM - 8PM"
"690",="260115370PPJ8P","CLL3MNE115646877","","SPX Express","Monde Nissin","Shopee Philippines (Monde Nissin Shopee)","15 Jan, 2026","10 hrs ago","15 Jan, 2026 11AM - 8PM"
"691",="26011536YHHNKR","CLL3MNE115646879","","SPX Express","Monde Nissin","Shopee Philippines (Monde Nissin Shopee)","15 Jan, 2026","10 hrs ago","15 Jan, 2026 11AM - 8PM"
"692",="26011536X3RGMU","CLL3MNE115646882","","SPX Express","Monde Nissin","Shopee Philippines (Monde Nissin Shopee)","15 Jan, 2026","10 hrs ago","15 Jan, 2026 11AM - 8PM"
"693",="26011536DR78Y7","CLL3ARA115646884 $","","SPX Express","ARLA PH","Shopee Philippines (Arla Shopee)","15 Jan, 2026","10 hrs ago","15 Jan, 2026 11AM - 8PM"
"694",="26011536WT6BPG","CLL3MNE115646885","","SPX Express","Monde Nissin","Shopee Philippines (Monde Nissin Shopee)","15 Jan, 2026","10 hrs ago","15 Jan, 2026 11AM - 8PM"
"695",="26011536Y64G9A","CLL3MNE115646887","","SPX Express","Monde Nissin","Shopee Philippines (Monde Nissin Shopee)","15 Jan, 2026","10 hrs ago","15 Jan, 2026 11AM - 8PM"
"696",="26011536GF0HH6","CLL3MNE115646888 $","","SPX Express","Monde Nissin","Shopee Philippines (Monde Nissin Shopee)","15 Jan, 2026","10 hrs ago","15 Jan, 2026 11AM - 8PM"
"697",="1073276968560703","CLL3ARA115646892 $","","LEX PH","ARLA PH","Lazada Philippines (Arla Lazada)","15 Jan, 2026","10 hrs ago","16 Jan, 2026 11AM - 8PM"
"698",="26011536DR5BVM","CLL3MNE115646893 $","","SPX Express","Monde Nissin","Shopee Philippines (Monde Nissin Shopee)","15 Jan, 2026","10 hrs ago","15 Jan, 2026 11AM - 8PM"
"699",="26011536CSNT2G","CLL3MNE115646907 $","","SPX Express","Monde Nissin","Shopee Philippines (Monde Nissin Shopee)","15 Jan, 2026","10 hrs ago","15 Jan, 2026 11AM - 8PM"
"700",="26011536DBRR6M","CLL3MNE115646913 $","","SPX Express","Monde Nissin","Shopee Philippines (Monde Nissin Shopee)","15 Jan, 2026","10 hrs ago","15 Jan, 2026 11AM - 8PM"
"701",="26011536YFMQQS","CLL3MNE115646917","","SPX Express","Monde Nissin","Shopee Philippines (Monde Nissin Shopee)","15 Jan, 2026","10 hrs ago","15 Jan, 2026 11AM - 8PM"
"702",="26011536V5RPR8","CLL3MNE115646919","","SPX Express","Monde Nissin","Shopee Philippines (Monde Nissin Shopee)","15 Jan, 2026","10 hrs ago","15 Jan, 2026 11AM - 8PM"
"703",="260115377CCU5F","CLL3MNE115646928","","J&T Cargo","Monde Nissin","Shopee Philippines (Monde Nissin Shopee)","15 Jan, 2026","10 hrs ago","15 Jan, 2026 11AM - 8PM"
"704",="26011536N4QTP0","CLL3MNE115646929 $","","SPX Express","Monde Nissin","Shopee Philippines (Monde Nissin Shopee)","15 Jan, 2026","9 hrs ago","15 Jan, 2026 11AM - 8PM"
"705",="26011536KXK081","CLL3MNE115646932 $","","J&T Cargo","Monde Nissin","Shopee Philippines (Monde Nissin Shopee)","15 Jan, 2026","9 hrs ago","15 Jan, 2026 11AM - 8PM"
"706",="26011536JPF4CD","CLL3MNE115646935 $","","J&T Cargo","Monde Nissin","Shopee Philippines (Monde Nissin Shopee)","15 Jan, 2026","9 hrs ago","15 Jan, 2026 11AM - 8PM"
"707",="26011536HXPWC8","CLL3MNE115646939 $","","SPX Express","Monde Nissin","Shopee Philippines (Monde Nissin Shopee)","15 Jan, 2026","9 hrs ago","15 Jan, 2026 11AM - 8PM"
"708",="26011536N0VPPQ","CLL3MNE115646941 $","","SPX Express","Monde Nissin","Shopee Philippines (Monde Nissin Shopee)","15 Jan, 2026","9 hrs ago","15 Jan, 2026 11AM - 8PM"
"709",="260115377F6TKM","CLL3MNE115646947","","SPX Express","Monde Nissin","Shopee Philippines (Monde Nissin Shopee)","15 Jan, 2026","9 hrs ago","15 Jan, 2026 11AM - 8PM"
"710",="26011536MERR71","CLL3MNE115646948 $","","SPX Express","Monde Nissin","Shopee Philippines (Monde Nissin Shopee)","15 Jan, 2026","9 hrs ago","15 Jan, 2026 11AM - 8PM"
"711",="26011536MS816Y","CLL3MNE115646951 $","","SPX Express","Monde Nissin","Shopee Philippines (Monde Nissin Shopee)","15 Jan, 2026","9 hrs ago","15 Jan, 2026 11AM - 8PM"
"712",="26011536K4T7F6","CLL3MNE115646956 $","","SPX Express","Monde Nissin","Shopee Philippines (Monde Nissin Shopee)","15 Jan, 2026","9 hrs ago","15 Jan, 2026 11AM - 8PM"
"713",="26011536JU8YE0","CLL3MNE115646957 $","","SPX Express","Monde Nissin","Shopee Philippines (Monde Nissin Shopee)","15 Jan, 2026","9 hrs ago","15 Jan, 2026 11AM - 8PM"
"714",="26011536QQNGYB","CLL3ARA115646959 $","","SPX Express","ARLA PH","Shopee Philippines (Arla Shopee)","15 Jan, 2026","9 hrs ago","15 Jan, 2026 11AM - 8PM"
"715",="26011536NVK77D","CLL3MNE115646967 $","","SPX Express","Monde Nissin","Shopee Philippines (Monde Nissin Shopee)","15 Jan, 2026","9 hrs ago","15 Jan, 2026 11AM - 8PM"
"716",="26011536NVK76D","CLL3MNE115646968 $","","SPX Express","Monde Nissin","Shopee Philippines (Monde Nissin Shopee)","15 Jan, 2026","9 hrs ago","15 Jan, 2026 11AM - 8PM"
"717",="260115374KNUBS","CLL3MNE115646972","","J&T Cargo","Monde Nissin","Shopee Philippines (Monde Nissin Shopee)","15 Jan, 2026","9 hrs ago","15 Jan, 2026 11AM - 8PM"
"718",="1073288903233624","CLL3ARA115646976","","LEX PH","ARLA PH","Lazada Philippines (Arla Lazada)","15 Jan, 2026","9 hrs ago","16 Jan, 2026 11AM - 8PM"
"719",="2601153744D7KG","CLL3ARA115646979","","SPX Express","ARLA PH","Shopee Philippines (Arla Shopee)","15 Jan, 2026","9 hrs ago","15 Jan, 2026 11AM - 8PM"
"720",="26011536SD392Q","CLL3MNE115646982 $","","SPX Express","Monde Nissin","Shopee Philippines (Monde Nissin Shopee)","15 Jan, 2026","9 hrs ago","15 Jan, 2026 11AM - 8PM"
"721",="26011536SNPAX4","CLL3MNE115647003 $","","SPX Express","Monde Nissin","Shopee Philippines (Monde Nissin Shopee)","15 Jan, 2026","9 hrs ago","15 Jan, 2026 11AM - 8PM"
"722",="26011536UFUB8D","CLL3MNE115647007 $","","SPX Express","Monde Nissin","Shopee Philippines (Monde Nissin Shopee)","15 Jan, 2026","9 hrs ago","15 Jan, 2026 11AM - 8PM"
"723",="26011537C238S1","CLL3MNE115647008","","SPX Express","Monde Nissin","Shopee Philippines (Monde Nissin Shopee)","15 Jan, 2026","9 hrs ago","15 Jan, 2026 11AM - 8PM"
"724",="26011537DA4CEP","CLL3MNE115647013","","SPX Express","Monde Nissin","Shopee Philippines (Monde Nissin Shopee)","15 Jan, 2026","9 hrs ago","15 Jan, 2026 11AM - 8PM"
"725",="26011536THAVD4","CLL3MNE115647014 $","","SPX Express","Monde Nissin","Shopee Philippines (Monde Nissin Shopee)","15 Jan, 2026","9 hrs ago","15 Jan, 2026 11AM - 8PM"
"726",="2601153780BS6H","CLL3MNE115647016","","SPX Express","Monde Nissin","Shopee Philippines (Monde Nissin Shopee)","15 Jan, 2026","9 hrs ago","15 Jan, 2026 11AM - 8PM"
"727",="26011536S8AH7K","CLL3MNE115647015 $","","SPX Express","Monde Nissin","Shopee Philippines (Monde Nissin Shopee)","15 Jan, 2026","9 hrs ago","15 Jan, 2026 11AM - 8PM"
"728",="26011536RAR5E0","CLL3MNE115647018 $","","SPX Express","Monde Nissin","Shopee Philippines (Monde Nissin Shopee)","15 Jan, 2026","9 hrs ago","15 Jan, 2026 11AM - 8PM"
"729",="260115378WXHEH","CLL3MNE115647019","","SPX Express","Monde Nissin","Shopee Philippines (Monde Nissin Shopee)","15 Jan, 2026","9 hrs ago","15 Jan, 2026 11AM - 8PM"
"730",="26011536RS2PX0","CLL3MNE115647022 $","","SPX Express","Monde Nissin","Shopee Philippines (Monde Nissin Shopee)","15 Jan, 2026","9 hrs ago","15 Jan, 2026 11AM - 8PM"
"731",="26011537BW9YGV","CLL3MNE115647023","","J&T Cargo","Monde Nissin","Shopee Philippines (Monde Nissin Shopee)","15 Jan, 2026","9 hrs ago","15 Jan, 2026 11AM - 8PM"
"732",="26011536UB3TH8","CLL3MNE115647024 $","","SPX Express","Monde Nissin","Shopee Philippines (Monde Nissin Shopee)","15 Jan, 2026","9 hrs ago","15 Jan, 2026 11AM - 8PM"
"733",="26011537CR18TQ","CLL3MNE115647026","","SPX Express","Monde Nissin","Shopee Philippines (Monde Nissin Shopee)","15 Jan, 2026","9 hrs ago","15 Jan, 2026 11AM - 8PM"
"734",="26011536UPHN5N","CLL3MNE115647028 $","","J&T Cargo","Monde Nissin","Shopee Philippines (Monde Nissin Shopee)","15 Jan, 2026","9 hrs ago","15 Jan, 2026 11AM - 8PM"
"735",="260115377F6GE4","CLL3ARA115647031","","SPX Express","ARLA PH","Shopee Philippines (Arla Shopee)","15 Jan, 2026","9 hrs ago","15 Jan, 2026 11AM - 8PM"
"736",="26011536UFVGDK","CLL3MNE115647030 $","","SPX Express","Monde Nissin","Shopee Philippines (Monde Nissin Shopee)","15 Jan, 2026","9 hrs ago","15 Jan, 2026 11AM - 8PM"
"737",="26011536SSE237","CLL3MNE115647035 $","","SPX Express","Monde Nissin","Shopee Philippines (Monde Nissin Shopee)","15 Jan, 2026","9 hrs ago","15 Jan, 2026 11AM - 8PM"
"738",="26011536U4CRVD","CLL3MNE115647038 $","","SPX Express","Monde Nissin","Shopee Philippines (Monde Nissin Shopee)","15 Jan, 2026","9 hrs ago","15 Jan, 2026 11AM - 8PM"
"739",="26011536UKMDB8","CLL3MNE115647043 $","","SPX Express","Monde Nissin","Shopee Philippines (Monde Nissin Shopee)","15 Jan, 2026","9 hrs ago","15 Jan, 2026 11AM - 8PM"
"740",="26011536WW2HKN","CLL3MNE115647067 $","","SPX Express","Monde Nissin","Shopee Philippines (Monde Nissin Shopee)","15 Jan, 2026","9 hrs ago","15 Jan, 2026 11AM - 8PM"
"741",="26011536YEN49K","CLL3MNE115647068 $","","J&T Cargo","Monde Nissin","Shopee Philippines (Monde Nissin Shopee)","15 Jan, 2026","9 hrs ago","15 Jan, 2026 11AM - 8PM"
"742",="582120992131614197","CLL3ARA115647070 $","","J&T Express","ARLA PH","Tiktok Philippines (Arla Tiktok)","15 Jan, 2026","9 hrs ago","16 Jan, 2026 11AM - 8PM"
"743",="1073271974218458","CLL3MNE115647085","","LEX","Monde Nissin","Lazada Philippines (Monde Nissin Lazada)","15 Jan, 2026","9 hrs ago","16 Jan, 2026 11AM - 8PM"
"744",="26011537JJW1S8","CLL3ARA115647088","","SPX Express","ARLA PH","Shopee Philippines (Arla Shopee)","15 Jan, 2026","9 hrs ago","15 Jan, 2026 11AM - 8PM"
"745",="2601153700S1C6","CLL3MNE115647089 $","","SPX Express","Monde Nissin","Shopee Philippines (Monde Nissin Shopee)","15 Jan, 2026","9 hrs ago","15 Jan, 2026 11AM - 8PM"
"746",="260115371DK3QY","CLL3MNE115647093 $","","J&T Cargo","Monde Nissin","Shopee Philippines (Monde Nissin Shopee)","15 Jan, 2026","9 hrs ago","15 Jan, 2026 11AM - 8PM"
"747",="26011537HYW3AH","CLL3MNE115647101","","SPX Express","Monde Nissin","Shopee Philippines (Monde Nissin Shopee)","15 Jan, 2026","9 hrs ago","15 Jan, 2026 11AM - 8PM"
"748",="26011536VBFHQU","CLL3MNE115647109 $","","J&T Cargo","Monde Nissin","Shopee Philippines (Monde Nissin Shopee)","15 Jan, 2026","9 hrs ago","15 Jan, 2026 11AM - 8PM"
"749",="26011537DDX5MK","CLL3ARA115647114","","J&T Cargo","ARLA PH","Shopee Philippines (Arla Shopee)","15 Jan, 2026","9 hrs ago","15 Jan, 2026 11AM - 8PM"
"750",="26011536UA3BNK","CLL3MNE115647115 $","","SPX Express","Monde Nissin","Shopee Philippines (Monde Nissin Shopee)","15 Jan, 2026","9 hrs ago","15 Jan, 2026 11AM - 8PM"
"751",="260115370UG8Y8","CLL3MNE115647119 $","","SPX Express","Monde Nissin","Shopee Philippines (Monde Nissin Shopee)","15 Jan, 2026","9 hrs ago","15 Jan, 2026 11AM - 8PM"
"752",="260115371BP9TU","CLL3MNE115647120 $","","SPX Express","Monde Nissin","Shopee Philippines (Monde Nissin Shopee)","15 Jan, 2026","9 hrs ago","15 Jan, 2026 11AM - 8PM"
"753",="26011536W2B174","CLL3MNE115647123 $","","J&T Cargo","Monde Nissin","Shopee Philippines (Monde Nissin Shopee)","15 Jan, 2026","9 hrs ago","15 Jan, 2026 11AM - 8PM"
"754",="26011537D69H2Y","CLL3ARA115647128","","J&T Cargo","ARLA PH","Shopee Philippines (Arla Shopee)","15 Jan, 2026","9 hrs ago","15 Jan, 2026 11AM - 8PM"
"755",="26011537FJKNNY","CLL3MNE115647130","","SPX Express","Monde Nissin","Shopee Philippines (Monde Nissin Shopee)","15 Jan, 2026","9 hrs ago","15 Jan, 2026 11AM - 8PM"
"756",="260115374RE8AP","CLL3MNE115647137 $","","SPX Express","Monde Nissin","Shopee Philippines (Monde Nissin Shopee)","15 Jan, 2026","9 hrs ago","15 Jan, 2026 11AM - 8PM"
"757",="26011537M3J1S7","CLL3MNE115647149","","SPX Express","Monde Nissin","Shopee Philippines (Monde Nissin Shopee)","15 Jan, 2026","9 hrs ago","15 Jan, 2026 11AM - 8PM"
"758",="2601153758NBQ0","CLL3MNE115647150 $","","SPX Express","Monde Nissin","Shopee Philippines (Monde Nissin Shopee)","15 Jan, 2026","9 hrs ago","15 Jan, 2026 11AM - 8PM"
"759",="260115374D11HW","CLL3MNE115647159 $","","SPX Express","Monde Nissin","Shopee Philippines (Monde Nissin Shopee)","15 Jan, 2026","9 hrs ago","15 Jan, 2026 11AM - 8PM"
"760",="26011537P5D9X8","CLL3MNE115647160","","SPX Express","Monde Nissin","Shopee Philippines (Monde Nissin Shopee)","15 Jan, 2026","9 hrs ago","15 Jan, 2026 11AM - 8PM"
"761",="26011537MSFRUE","CLL3MNE115647162","","SPX Express","Monde Nissin","Shopee Philippines (Monde Nissin Shopee)","15 Jan, 2026","9 hrs ago","15 Jan, 2026 11AM - 8PM"
"762",="260115375N2PSA","CLL3MNE115647163 $","","J&T Cargo","Monde Nissin","Shopee Philippines (Monde Nissin Shopee)","15 Jan, 2026","9 hrs ago","15 Jan, 2026 11AM - 8PM"
"763",="260115372F0NAP","CLL3ARA115647165 $","","SPX Express","ARLA PH","Shopee Philippines (Arla Shopee)","15 Jan, 2026","9 hrs ago","15 Jan, 2026 11AM - 8PM"
"764",="2601153751XWBB","CLL3MNE115647172 $","","SPX Express","Monde Nissin","Shopee Philippines (Monde Nissin Shopee)","15 Jan, 2026","9 hrs ago","15 Jan, 2026 11AM - 8PM"
"765",="26011537JJYGG0","CLL3ARA115647177","","SPX Express","ARLA PH","Shopee Philippines (Arla Shopee)","15 Jan, 2026","9 hrs ago","15 Jan, 2026 11AM - 8PM"
"766",="2601153720P09J","CLL3MNE115647178 $","","SPX Express","Monde Nissin","Shopee Philippines (Monde Nissin Shopee)","15 Jan, 2026","9 hrs ago","15 Jan, 2026 11AM - 8PM"
"767",="260115375M4894","CLL3MNE115647180 $","","SPX Express","Monde Nissin","Shopee Philippines (Monde Nissin Shopee)","15 Jan, 2026","9 hrs ago","15 Jan, 2026 11AM - 8PM"
"768",="260115373UU51D","CLL3MNE115647182 $","","SPX Express","Monde Nissin","Shopee Philippines (Monde Nissin Shopee)","15 Jan, 2026","9 hrs ago","15 Jan, 2026 11AM - 8PM"
"769",="26011537K34QAV","CLL3ARA115647193","","SPX Express","ARLA PH","Shopee Philippines (Arla Shopee)","15 Jan, 2026","9 hrs ago","15 Jan, 2026 11AM - 8PM"
"770",="26011537MD3E3J","CLL3MNE115647201","","J&T Cargo","Monde Nissin","Shopee Philippines (Monde Nissin Shopee)","15 Jan, 2026","9 hrs ago","15 Jan, 2026 11AM - 8PM"
"771",="26011537700974","CLL3MNE115647203 $","","SPX Express","Monde Nissin","Shopee Philippines (Monde Nissin Shopee)","15 Jan, 2026","9 hrs ago","15 Jan, 2026 11AM - 8PM"
"772",="260115376T7QQ8","CLL3MNE115647205 $","","SPX Express","Monde Nissin","Shopee Philippines (Monde Nissin Shopee)","15 Jan, 2026","9 hrs ago","15 Jan, 2026 11AM - 8PM"
"773",="260115378461W3","CLL3MNE115647216 $","","J&T Cargo","Monde Nissin","Shopee Philippines (Monde Nissin Shopee)","15 Jan, 2026","9 hrs ago","15 Jan, 2026 11AM - 8PM"
"774",="260115379J0B4T","CLL3MNE115647221 $","","SPX Express","Monde Nissin","Shopee Philippines (Monde Nissin Shopee)","15 Jan, 2026","9 hrs ago","15 Jan, 2026 11AM - 8PM"
"775",="26011537B6D1VC","CLL3ARA115647236 $","","SPX Express","ARLA PH","Shopee Philippines (Arla Shopee)","15 Jan, 2026","9 hrs ago","15 Jan, 2026 11AM - 8PM"
"776",="260115377F6AAV","CLL3MNE115647255 $","","SPX Express","Monde Nissin","Shopee Philippines (Monde Nissin Shopee)","15 Jan, 2026","9 hrs ago","15 Jan, 2026 11AM - 8PM"
"777",="26011537SYFH70","CLL3MNE115647256","","J&T","Monde Nissin","Shopee Philippines (Monde Nissin Shopee)","15 Jan, 2026","9 hrs ago","15 Jan, 2026 11AM - 8PM"
"778",="260115378T5NF9","CLL3ARA115647258 $","","SPX Express","ARLA PH","Shopee Philippines (Arla Shopee)","15 Jan, 2026","9 hrs ago","15 Jan, 2026 11AM - 8PM"
"779",="26011537VHGDCB","CLL3ARA115647259","","SPX Express","ARLA PH","Shopee Philippines (Arla Shopee)","15 Jan, 2026","9 hrs ago","15 Jan, 2026 11AM - 8PM"
"780",="26011537RAYMYX","CLL3MNE115647260","","SPX Express","Monde Nissin","Shopee Philippines (Monde Nissin Shopee)","15 Jan, 2026","9 hrs ago","15 Jan, 2026 11AM - 8PM"
"781",="26011537BNQHNR","CLL3MNE115647262 $","","SPX Express","Monde Nissin","Shopee Philippines (Monde Nissin Shopee)","15 Jan, 2026","9 hrs ago","15 Jan, 2026 11AM - 8PM"
"782",="260115377PTRCK","CLL3MNE115647268 $","","SPX Express","Monde Nissin","Shopee Philippines (Monde Nissin Shopee)","15 Jan, 2026","9 hrs ago","15 Jan, 2026 11AM - 8PM"
"783",="26011537C9QXPK","CLL3ARA115647271 $","","SPX Express","ARLA PH","Shopee Philippines (Arla Shopee)","15 Jan, 2026","9 hrs ago","15 Jan, 2026 11AM - 8PM"
"784",="26011537CK8FE7","CLL3MNE115647272 $","","SPX Express","Monde Nissin","Shopee Philippines (Monde Nissin Shopee)","15 Jan, 2026","9 hrs ago","15 Jan, 2026 11AM - 8PM"
"785",="26011537WD2VNB","CLL3ARA115647277","","SPX Express","ARLA PH","Shopee Philippines (Arla Shopee)","15 Jan, 2026","9 hrs ago","15 Jan, 2026 11AM - 8PM"
"786",="26011537BX7RKF","CLL3MNE115647278 $","","SPX Express","Monde Nissin","Shopee Philippines (Monde Nissin Shopee)","15 Jan, 2026","9 hrs ago","15 Jan, 2026 11AM - 8PM"
"787",="26011537F93DWD","CLL3MNE115647298 $","","J&T","Monde Nissin","Shopee Philippines (Monde Nissin Shopee)","15 Jan, 2026","9 hrs ago","15 Jan, 2026 11AM - 8PM"
"788",="26011538194JNR","CLL3ARA115647302","","SPX Express","ARLA PH","Shopee Philippines (Arla Shopee)","15 Jan, 2026","9 hrs ago","15 Jan, 2026 11AM - 8PM"
"789",="260115381DTNR2","CLL3MNE115647306","","J&T Cargo","Monde Nissin","Shopee Philippines (Monde Nissin Shopee)","15 Jan, 2026","9 hrs ago","15 Jan, 2026 11AM - 8PM"
"790",="26011537D1JQE9","CLL3MNE115647309 $","","SPX Express","Monde Nissin","Shopee Philippines (Monde Nissin Shopee)","15 Jan, 2026","9 hrs ago","15 Jan, 2026 11AM - 8PM"
"791",="26011537FMHQEN","CLL3MNE115647312 $","","SPX Express","Monde Nissin","Shopee Philippines (Monde Nissin Shopee)","15 Jan, 2026","9 hrs ago","15 Jan, 2026 11AM - 8PM"
"792",="260115382RRXNX","CLL3MNE115647316","","SPX Express","Monde Nissin","Shopee Philippines (Monde Nissin Shopee)","15 Jan, 2026","9 hrs ago","15 Jan, 2026 11AM - 8PM"
"793",="260115380PY281","CLL3MNE115647317","","J&T Cargo","Monde Nissin","Shopee Philippines (Monde Nissin Shopee)","15 Jan, 2026","9 hrs ago","15 Jan, 2026 11AM - 8PM"
"794",="26011537BW9NGX","CLL3MNE115647318 $","","SPX Express","Monde Nissin","Shopee Philippines (Monde Nissin Shopee)","15 Jan, 2026","9 hrs ago","15 Jan, 2026 11AM - 8PM"
"795",="26011537DNK1XE","CLL3MNE115647320 $","","SPX Express","Monde Nissin","Shopee Philippines (Monde Nissin Shopee)","15 Jan, 2026","9 hrs ago","15 Jan, 2026 11AM - 8PM"
"796",="26011537XRYYRP","CLL3MNE115647321","","J&T Cargo","Monde Nissin","Shopee Philippines (Monde Nissin Shopee)","15 Jan, 2026","9 hrs ago","15 Jan, 2026 11AM - 8PM"
"797",="26011537HFNXX1","CLL3MNE115647325 $","","SPX Express","Monde Nissin","Shopee Philippines (Monde Nissin Shopee)","15 Jan, 2026","9 hrs ago","15 Jan, 2026 11AM - 8PM"
"798",="2601153828HM6P","CLL3MNE115647326","","SPX Express","Monde Nissin","Shopee Philippines (Monde Nissin Shopee)","15 Jan, 2026","9 hrs ago","15 Jan, 2026 11AM - 8PM"
"799",="26011537DMMED8","CLL3MNE115647327 $","","J&T Cargo","Monde Nissin","Shopee Philippines (Monde Nissin Shopee)","15 Jan, 2026","9 hrs ago","15 Jan, 2026 11AM - 8PM"
"800",="26011537Y1KRSK","CLL3MNE115647334","","SPX Express","Monde Nissin","Shopee Philippines (Monde Nissin Shopee)","15 Jan, 2026","9 hrs ago","15 Jan, 2026 11AM - 8PM"
"801",="26011537DNHDEP","CLL3MNE115647341 $","","J&T","Monde Nissin","Shopee Philippines (Monde Nissin Shopee)","15 Jan, 2026","9 hrs ago","15 Jan, 2026 11AM - 8PM"
"802",="26011537J4MWGU","CLL3MNE115647356 $","","J&T Cargo","Monde Nissin","Shopee Philippines (Monde Nissin Shopee)","15 Jan, 2026","9 hrs ago","15 Jan, 2026 11AM - 8PM"
"803",="26011537NM5M2J","CLL3MNE115647360 $","","SPX Express","Monde Nissin","Shopee Philippines (Monde Nissin Shopee)","15 Jan, 2026","9 hrs ago","15 Jan, 2026 11AM - 8PM"
"804",="26011537QAHR88","CLL3MNE115647387 $","","SPX Express","Monde Nissin","Shopee Philippines (Monde Nissin Shopee)","15 Jan, 2026","9 hrs ago","15 Jan, 2026 11AM - 8PM"
"805",="260115383GKHMT","CLL3ARA115647394","","SPX Express","ARLA PH","Shopee Philippines (Arla Shopee)","15 Jan, 2026","9 hrs ago","15 Jan, 2026 11AM - 8PM"
"806",="26011537PC2VWD","CLL3MNE115647397 $","","SPX Express","Monde Nissin","Shopee Philippines (Monde Nissin Shopee)","15 Jan, 2026","9 hrs ago","15 Jan, 2026 11AM - 8PM"
"807",="26011537JNT7S7","CLL3MNE115647399 $","","SPX Express","Monde Nissin","Shopee Philippines (Monde Nissin Shopee)","15 Jan, 2026","9 hrs ago","15 Jan, 2026 11AM - 8PM"
"808",="2601153845M19C","CLL3ARA115647406","","SPX Express","ARLA PH","Shopee Philippines (Arla Shopee)","15 Jan, 2026","9 hrs ago","15 Jan, 2026 11AM - 8PM"
"809",="582121074943625101","CLL3ARA115647420","","J&T Express","ARLA PH","Tiktok Philippines (Arla Tiktok)","15 Jan, 2026","9 hrs ago","16 Jan, 2026 11AM - 8PM"
"810",="26011537KQ4R6T","CLL3MNE115647426 $","","SPX Express","Monde Nissin","Shopee Philippines (Monde Nissin Shopee)","15 Jan, 2026","9 hrs ago","15 Jan, 2026 11AM - 8PM"
"811",="260115384WDT0W","CLL3MNE115647431","","SPX Express","Monde Nissin","Shopee Philippines (Monde Nissin Shopee)","15 Jan, 2026","9 hrs ago","15 Jan, 2026 11AM - 8PM"
"812",="26011537T3931U","CLL3MNE115647442 $","","SPX Express","Monde Nissin","Shopee Philippines (Monde Nissin Shopee)","15 Jan, 2026","9 hrs ago","15 Jan, 2026 11AM - 8PM"
"813",="26011538CHK6EB","CLL3MNE115647444","","SPX Express","Monde Nissin","Shopee Philippines (Monde Nissin Shopee)","15 Jan, 2026","9 hrs ago","15 Jan, 2026 11AM - 8PM"
"814",="26011537RV4S48","CLL3MNE115647447 $","","SPX Express","Monde Nissin","Shopee Philippines (Monde Nissin Shopee)","15 Jan, 2026","9 hrs ago","15 Jan, 2026 11AM - 8PM"
"815",="26011537TDSAXM","CLL3MNE115647448 $","","J&T Cargo","Monde Nissin","Shopee Philippines (Monde Nissin Shopee)","15 Jan, 2026","9 hrs ago","15 Jan, 2026 11AM - 8PM"
"816",="26011538BKYPVN","CLL3ARA115647451","","SPX Express","ARLA PH","Shopee Philippines (Arla Shopee)","15 Jan, 2026","9 hrs ago","15 Jan, 2026 11AM - 8PM"
"817",="26011537U2S3J6","CLL3MNE115647471 $","","SPX Express","Monde Nissin","Shopee Philippines (Monde Nissin Shopee)","15 Jan, 2026","9 hrs ago","15 Jan, 2026 11AM - 8PM"
"818",="26011537VMB3YT","CLL3MNE115647472 $","","J&T Cargo","Monde Nissin","Shopee Philippines (Monde Nissin Shopee)","15 Jan, 2026","9 hrs ago","15 Jan, 2026 11AM - 8PM"
"819",="26011537W7DX4H","CLL3MNE115647473 $","","J&T Cargo","Monde Nissin","Shopee Philippines (Monde Nissin Shopee)","15 Jan, 2026","9 hrs ago","15 Jan, 2026 11AM - 8PM"
"820",="26011537RBYY3X","CLL3MNE115647477 $","","SPX Express","Monde Nissin","Shopee Philippines (Monde Nissin Shopee)","15 Jan, 2026","9 hrs ago","15 Jan, 2026 11AM - 8PM"
"821",="26011537TPARQM","CLL3MNE115647478 $","","SPX Express","Monde Nissin","Shopee Philippines (Monde Nissin Shopee)","15 Jan, 2026","9 hrs ago","15 Jan, 2026 11AM - 8PM"
"822",="26011538C907Y6","CLL3MNE115647480","","SPX Express","Monde Nissin","Shopee Philippines (Monde Nissin Shopee)","15 Jan, 2026","9 hrs ago","15 Jan, 2026 11AM - 8PM"
"823",="26011538CAVX44","CLL3ARA115647490","","SPX Express","ARLA PH","Shopee Philippines (Arla Shopee)","15 Jan, 2026","9 hrs ago","15 Jan, 2026 11AM - 8PM"
"824",="26011537PV8BGG","CLL3MNE115647502 $","","SPX Express","Monde Nissin","Shopee Philippines (Monde Nissin Shopee)","15 Jan, 2026","9 hrs ago","15 Jan, 2026 11AM - 8PM"
"825",="26011537RA2DTC","CLL3MNE115647505 $","","SPX Express","Monde Nissin","Shopee Philippines (Monde Nissin Shopee)","15 Jan, 2026","9 hrs ago","15 Jan, 2026 11AM - 8PM"
"826",="26011537SWHJR8","CLL3MNE115647506 $","","SPX Express","Monde Nissin","Shopee Philippines (Monde Nissin Shopee)","15 Jan, 2026","9 hrs ago","15 Jan, 2026 11AM - 8PM"
"827",="26011537S1UHUA","CLL3MNE115647511 $","","SPX Express","Monde Nissin","Shopee Philippines (Monde Nissin Shopee)","15 Jan, 2026","9 hrs ago","15 Jan, 2026 11AM - 8PM"
"828",="260115386UCNCC","CLL3MNE115647525","","SPX Express","Monde Nissin","Shopee Philippines (Monde Nissin Shopee)","15 Jan, 2026","9 hrs ago","15 Jan, 2026 11AM - 8PM"
"829",="582121132201641839","CLL3ARA115647531","","J&T Express","ARLA PH","Tiktok Philippines (Arla Tiktok)","15 Jan, 2026","9 hrs ago","16 Jan, 2026 11AM - 8PM"
"830",="260115386X8M3M","CLL3MNE115647532","","SPX Express","Monde Nissin","Shopee Philippines (Monde Nissin Shopee)","15 Jan, 2026","9 hrs ago","15 Jan, 2026 11AM - 8PM"
"831",="260115386PPVAE","CLL3MNE115647533","","J&T Cargo","Monde Nissin","Shopee Philippines (Monde Nissin Shopee)","15 Jan, 2026","9 hrs ago","15 Jan, 2026 11AM - 8PM"
"832",="582121158810830733","CLL3MNE115647539","","J&T Express","Monde Nissin","Tiktok Philippines (Monde Nissin Tiktok)","15 Jan, 2026","9 hrs ago","16 Jan, 2026 11AM - 8PM"
"833",="26011538G7TJ1C","CLL3MNE115647542","","J&T Cargo","Monde Nissin","Shopee Philippines (Monde Nissin Shopee)","15 Jan, 2026","9 hrs ago","15 Jan, 2026 11AM - 8PM"
"834",="260115380YJEM9","CLL3MNE115647558 $","","SPX Express","Monde Nissin","Shopee Philippines (Monde Nissin Shopee)","15 Jan, 2026","9 hrs ago","15 Jan, 2026 11AM - 8PM"
"835",="260115382VHQTD","CLL3MNE115647566 $","","SPX Express","Monde Nissin","Shopee Philippines (Monde Nissin Shopee)","15 Jan, 2026","9 hrs ago","15 Jan, 2026 11AM - 8PM"
"836",="26011538KMH8RD","CLL3MNE115647572","","SPX Express","Monde Nissin","Shopee Philippines (Monde Nissin Shopee)","15 Jan, 2026","9 hrs ago","15 Jan, 2026 11AM - 8PM"
"837",="26011538M0WW9Q","CLL3MNE115647574","","SPX Express","Monde Nissin","Shopee Philippines (Monde Nissin Shopee)","15 Jan, 2026","9 hrs ago","15 Jan, 2026 11AM - 8PM"
"838",="26011538D1TXH3","CLL3ARA115647580","","SPX Express","ARLA PH","Shopee Philippines (Arla Shopee)","15 Jan, 2026","9 hrs ago","15 Jan, 2026 11AM - 8PM"
"839",="2601153884D233","CLL3MNE115647594 $","","SPX Express","Monde Nissin","Shopee Philippines (Monde Nissin Shopee)","15 Jan, 2026","9 hrs ago","15 Jan, 2026 11AM - 8PM"
"840",="260115387YP9WM","CLL3MNE115647597 $","","SPX Express","Monde Nissin","Shopee Philippines (Monde Nissin Shopee)","15 Jan, 2026","9 hrs ago","15 Jan, 2026 11AM - 8PM"
"841",="2601153882GH89","CLL3MNE115647598 $","","SPX Express","Monde Nissin","Shopee Philippines (Monde Nissin Shopee)","15 Jan, 2026","9 hrs ago","15 Jan, 2026 11AM - 8PM"
"842",="260115385TY52N","CLL3MNE115647599 $","","SPX Express","Monde Nissin","Shopee Philippines (Monde Nissin Shopee)","15 Jan, 2026","9 hrs ago","15 Jan, 2026 11AM - 8PM"
"843",="26011538DRQD2T","CLL3MNE115647602","","SPX Express","Monde Nissin","Shopee Philippines (Monde Nissin Shopee)","15 Jan, 2026","9 hrs ago","15 Jan, 2026 11AM - 8PM"
"844",="260115385ATEDX","CLL3MNE115647604 $","","SPX Express","Monde Nissin","Shopee Philippines (Monde Nissin Shopee)","15 Jan, 2026","9 hrs ago","15 Jan, 2026 11AM - 8PM"
"845",="260115388C3N05","CLL3MNE115647606 $","","SPX Express","Monde Nissin","Shopee Philippines (Monde Nissin Shopee)","15 Jan, 2026","9 hrs ago","15 Jan, 2026 11AM - 8PM"
"846",="26011538NV25KV","CLL3MNE115647608","","SPX Express","Monde Nissin","Shopee Philippines (Monde Nissin Shopee)","15 Jan, 2026","9 hrs ago","15 Jan, 2026 11AM - 8PM"
"847",="260115387DHTY9","CLL3MNE115647611 $","","SPX Express","Monde Nissin","Shopee Philippines (Monde Nissin Shopee)","15 Jan, 2026","9 hrs ago","15 Jan, 2026 11AM - 8PM"
"848",="260115383GJPR6","CLL3MNE115647610 $","","SPX Express","Monde Nissin","Shopee Philippines (Monde Nissin Shopee)","15 Jan, 2026","9 hrs ago","15 Jan, 2026 11AM - 8PM"
"849",="260115387K7SFJ","CLL3MNE115647612 $","","SPX Express","Monde Nissin","Shopee Philippines (Monde Nissin Shopee)","15 Jan, 2026","9 hrs ago","15 Jan, 2026 11AM - 8PM"
"850",="26011538MVJCA7","CLL3MNE115647614","","SPX Express","Monde Nissin","Shopee Philippines (Monde Nissin Shopee)","15 Jan, 2026","9 hrs ago","15 Jan, 2026 11AM - 8PM"
"851",="260115388B4E7C","CLL3MNE115647615 $","","SPX Express","Monde Nissin","Shopee Philippines (Monde Nissin Shopee)","15 Jan, 2026","9 hrs ago","15 Jan, 2026 11AM - 8PM"
"852",="26011538S5YFVK","CLL3MNE115647617","","SPX Express","Monde Nissin","Shopee Philippines (Monde Nissin Shopee)","15 Jan, 2026","9 hrs ago","15 Jan, 2026 11AM - 8PM"
"853",="26011538NT4HXE","CLL3MNE115647616","","SPX Express","Monde Nissin","Shopee Philippines (Monde Nissin Shopee)","15 Jan, 2026","9 hrs ago","15 Jan, 2026 11AM - 8PM"
"854",="26011538K852U1","CLL3MNE115647618","","SPX Express","Monde Nissin","Shopee Philippines (Monde Nissin Shopee)","15 Jan, 2026","9 hrs ago","15 Jan, 2026 11AM - 8PM"
"855",="26011538RRMFM9","CLL3MNE115647621","","SPX Express","Monde Nissin","Shopee Philippines (Monde Nissin Shopee)","15 Jan, 2026","9 hrs ago","15 Jan, 2026 11AM - 8PM"
"856",="26011538R3JBT2","CLL3MNE115647622","","SPX Express","Monde Nissin","Shopee Philippines (Monde Nissin Shopee)","15 Jan, 2026","9 hrs ago","15 Jan, 2026 11AM - 8PM"
"857",="26011538RX927D","CLL3MNE115647626","","SPX Express","Monde Nissin","Shopee Philippines (Monde Nissin Shopee)","15 Jan, 2026","9 hrs ago","15 Jan, 2026 11AM - 8PM"
"858",="26011538S23GGM","CLL3MNE115647630","","SPX Express","Monde Nissin","Shopee Philippines (Monde Nissin Shopee)","15 Jan, 2026","9 hrs ago","15 Jan, 2026 11AM - 8PM"
"859",="26011538PCA5KF","CLL3MNE115647637","","SPX Express","Monde Nissin","Shopee Philippines (Monde Nissin Shopee)","15 Jan, 2026","9 hrs ago","15 Jan, 2026 11AM - 8PM"
"860",="26011538Y1UV5G","CLL3MNE115647689","","Shopee Express","Monde Nissin","Shopee Philippines (Monde Nissin Shopee)","15 Jan, 2026","9 hrs ago","16 Jan, 2026 11AM - 8PM"
"861",="26011538BF8HJV","CLL3MNE115647693 $","","SPX Express","Monde Nissin","Shopee Philippines (Monde Nissin Shopee)","15 Jan, 2026","9 hrs ago","15 Jan, 2026 11AM - 8PM"
"862",="26011538M3TDAQ","CLL3MNE115647699","","SPX Express","Monde Nissin","Shopee Philippines (Monde Nissin Shopee)","15 Jan, 2026","9 hrs ago","15 Jan, 2026 11AM - 8PM"
"863",="26011538WQVW81","CLL3MNE115647701","","J&T Cargo","Monde Nissin","Shopee Philippines (Monde Nissin Shopee)","15 Jan, 2026","9 hrs ago","15 Jan, 2026 11AM - 8PM"
"864",="26011538AV6RAY","CLL3MNE115647706 $","","J&T Cargo","Monde Nissin","Shopee Philippines (Monde Nissin Shopee)","15 Jan, 2026","9 hrs ago","15 Jan, 2026 11AM - 8PM"
"865",="260115388W8BMF","CLL3MNE115647709 $","","SPX Express","Monde Nissin","Shopee Philippines (Monde Nissin Shopee)","15 Jan, 2026","9 hrs ago","15 Jan, 2026 11AM - 8PM"
"866",="26011538CAWSDC","CLL3MNE115647710","","SPX Express","Monde Nissin","Shopee Philippines (Monde Nissin Shopee)","15 Jan, 2026","9 hrs ago","15 Jan, 2026 11AM - 8PM"
"867",="260115389GBF3C","CLL3MNE115647714 $","","SPX Express","Monde Nissin","Shopee Philippines (Monde Nissin Shopee)","15 Jan, 2026","9 hrs ago","15 Jan, 2026 11AM - 8PM"
"868",="26011538RUE58N","CLL3ARA115647716","","SPX Express","ARLA PH","Shopee Philippines (Arla Shopee)","15 Jan, 2026","9 hrs ago","15 Jan, 2026 11AM - 8PM"
"869",="26011538DYCN9A","CLL3MNE115647721 $","","J&T Cargo","Monde Nissin","Shopee Philippines (Monde Nissin Shopee)","15 Jan, 2026","9 hrs ago","15 Jan, 2026 11AM - 8PM"
"870",="26011538XR7XAU","CLL3MNE115647722","","SPX Express","Monde Nissin","Shopee Philippines (Monde Nissin Shopee)","15 Jan, 2026","9 hrs ago","15 Jan, 2026 11AM - 8PM"
"871",="260115389H8TMX","CLL3MNE115647729 $","","SPX Express","Monde Nissin","Shopee Philippines (Monde Nissin Shopee)","15 Jan, 2026","9 hrs ago","15 Jan, 2026 11AM - 8PM"
"872",="260115389AM6HK","CLL3ARA115647730 $","","SPX Express","ARLA PH","Shopee Philippines (Arla Shopee)","15 Jan, 2026","9 hrs ago","15 Jan, 2026 11AM - 8PM"
"873",="260115389YGYBJ","CLL3MNE115647732 $","","SPX Express","Monde Nissin","Shopee Philippines (Monde Nissin Shopee)","15 Jan, 2026","9 hrs ago","15 Jan, 2026 11AM - 8PM"
"874",="26011538EP7FDR","CLL3ARA115647734 $","","SPX Express","ARLA PH","Shopee Philippines (Arla Shopee)","15 Jan, 2026","9 hrs ago","15 Jan, 2026 11AM - 8PM"
"875",="260115391G0HAA","CLL3MNE115647736","","SPX Express","Monde Nissin","Shopee Philippines (Monde Nissin Shopee)","15 Jan, 2026","9 hrs ago","15 Jan, 2026 11AM - 8PM"
"876",="26011538J8PRAG","CLL3MNE115647739 $","","SPX Express","Monde Nissin","Shopee Philippines (Monde Nissin Shopee)","15 Jan, 2026","9 hrs ago","15 Jan, 2026 11AM - 8PM"
"877",="26011538K3C3GU","CLL3MNE115647744 $","","SPX Express","Monde Nissin","Shopee Philippines (Monde Nissin Shopee)","15 Jan, 2026","9 hrs ago","15 Jan, 2026 11AM - 8PM"
"878",="26011538HREK1E","CLL3MNE115647746 $","","SPX Express","Monde Nissin","Shopee Philippines (Monde Nissin Shopee)","15 Jan, 2026","9 hrs ago","15 Jan, 2026 11AM - 8PM"
"879",="260115392GEJPS","CLL3ARA115647749","","SPX Express","ARLA PH","Shopee Philippines (Arla Shopee)","15 Jan, 2026","9 hrs ago","15 Jan, 2026 11AM - 8PM"
"880",="260115394QX8W5","CLL3MNE115647760","","SPX Express","Monde Nissin","Shopee Philippines (Monde Nissin Shopee)","15 Jan, 2026","9 hrs ago","15 Jan, 2026 11AM - 8PM"
"881",="260115391A9Y1B","CLL3ARA115647766","","SPX Express","ARLA PH","Shopee Philippines (Arla Shopee)","15 Jan, 2026","9 hrs ago","15 Jan, 2026 11AM - 8PM"
"882",="26011538V69B4D","CLL3MNE115647781","","J&T Cargo","Monde Nissin","Shopee Philippines (Monde Nissin Shopee)","15 Jan, 2026","9 hrs ago","15 Jan, 2026 11AM - 8PM"
"883",="26011538PQPS60","CLL3MNE115647792 $","","SPX Express","Monde Nissin","Shopee Philippines (Monde Nissin Shopee)","15 Jan, 2026","9 hrs ago","15 Jan, 2026 11AM - 8PM"
"884",="26011538PH1402","CLL3MNE115647801 $","","J&T Cargo","Monde Nissin","Shopee Philippines (Monde Nissin Shopee)","15 Jan, 2026","9 hrs ago","15 Jan, 2026 11AM - 8PM"
"885",="260115395TAR58","CLL3MNE115647802","","SPX Express","Monde Nissin","Shopee Philippines (Monde Nissin Shopee)","15 Jan, 2026","9 hrs ago","15 Jan, 2026 11AM - 8PM"
"886",="260115395EV246","CLL3MNE115647810","","SPX Express","Monde Nissin","Shopee Philippines (Monde Nissin Shopee)","15 Jan, 2026","9 hrs ago","15 Jan, 2026 11AM - 8PM"
"887",="260115395T8RBJ","CLL3ARA115647815","","SPX Express","ARLA PH","Shopee Philippines (Arla Shopee)","15 Jan, 2026","9 hrs ago","15 Jan, 2026 11AM - 8PM"
"888",="26011538NXYHWA","CLL3MNE115647812 $","","J&T Cargo","Monde Nissin","Shopee Philippines (Monde Nissin Shopee)","15 Jan, 2026","9 hrs ago","15 Jan, 2026 11AM - 8PM"
"889",="26011538Q9UHVA","CLL3MNE115647813 $","","SPX Express","Monde Nissin","Shopee Philippines (Monde Nissin Shopee)","15 Jan, 2026","9 hrs ago","15 Jan, 2026 11AM - 8PM"
"890",="26011538MBFAT9","CLL3MNE115647816 $","","SPX Express","Monde Nissin","Shopee Philippines (Monde Nissin Shopee)","15 Jan, 2026","9 hrs ago","15 Jan, 2026 11AM - 8PM"
"891",="26011538PACPPM","CLL3MNE115647817 $","","J&T Cargo","Monde Nissin","Shopee Philippines (Monde Nissin Shopee)","15 Jan, 2026","9 hrs ago","15 Jan, 2026 11AM - 8PM"
"892",="26011538KBYBPB","CLL3MNE115647820 $","","J&T Cargo","Monde Nissin","Shopee Philippines (Monde Nissin Shopee)","15 Jan, 2026","9 hrs ago","15 Jan, 2026 11AM - 8PM"
"893",="26011538QR46RN","CLL3MNE115647821 $","","SPX Express","Monde Nissin","Shopee Philippines (Monde Nissin Shopee)","15 Jan, 2026","9 hrs ago","15 Jan, 2026 11AM - 8PM"
"894",="260115393X6RQH","CLL3ARA115647826","","SPX Express","ARLA PH","Shopee Philippines (Arla Shopee)","15 Jan, 2026","9 hrs ago","15 Jan, 2026 11AM - 8PM"
"895",="26011538QTYN9T","CLL3MNE115647825 $","","SPX Express","Monde Nissin","Shopee Philippines (Monde Nissin Shopee)","15 Jan, 2026","9 hrs ago","15 Jan, 2026 11AM - 8PM"
"896",="1064930418909340","CLL3ARA115647828","","LEX PH","ARLA PH","Lazada Philippines (Arla Lazada)","15 Jan, 2026","9 hrs ago","16 Jan, 2026 11AM - 8PM"
"897",="260115399GGUG6","CLL3MNE115647837","","SPX Express","Monde Nissin","Shopee Philippines (Monde Nissin Shopee)","15 Jan, 2026","9 hrs ago","15 Jan, 2026 11AM - 8PM"
"898",="26011539A0QK7E","CLL3MNE115647839","","SPX Express","Monde Nissin","Shopee Philippines (Monde Nissin Shopee)","15 Jan, 2026","9 hrs ago","15 Jan, 2026 11AM - 8PM"
"899",="26011539AB7BYW","CLL3MNE115647840","","J&T Cargo","Monde Nissin","Shopee Philippines (Monde Nissin Shopee)","15 Jan, 2026","9 hrs ago","15 Jan, 2026 11AM - 8PM"
"900",="26011539E69HP6","CLL3MNE115647853","","SPX Express","Monde Nissin","Shopee Philippines (Monde Nissin Shopee)","15 Jan, 2026","9 hrs ago","15 Jan, 2026 11AM - 8PM"
"901",="26011538VGSJFB","CLL3MNE115647857 $","","SPX Express","Monde Nissin","Shopee Philippines (Monde Nissin Shopee)","15 Jan, 2026","9 hrs ago","15 Jan, 2026 11AM - 8PM"
"902",="26011538VQE758","CLL3MNE115647870 $","","SPX Express","Monde Nissin","Shopee Philippines (Monde Nissin Shopee)","15 Jan, 2026","9 hrs ago","15 Jan, 2026 11AM - 8PM"
"903",="26011538W3TSG1","CLL3MNE115647873 $","","SPX Express","Monde Nissin","Shopee Philippines (Monde Nissin Shopee)","15 Jan, 2026","9 hrs ago","15 Jan, 2026 11AM - 8PM"
"904",="26011538V69VJX","CLL3MNE115647872 $","","SPX Express","Monde Nissin","Shopee Philippines (Monde Nissin Shopee)","15 Jan, 2026","9 hrs ago","15 Jan, 2026 11AM - 8PM"
"905",="26011539DWQUFH","CLL3MNE115647874","","SPX Express","Monde Nissin","Shopee Philippines (Monde Nissin Shopee)","15 Jan, 2026","9 hrs ago","15 Jan, 2026 11AM - 8PM"
"906",="26011538SYQFDB","CLL3MNE115647879 $","","SPX Express","Monde Nissin","Shopee Philippines (Monde Nissin Shopee)","15 Jan, 2026","9 hrs ago","15 Jan, 2026 11AM - 8PM"
"907",="26011538TB5M9V","CLL3MNE115647886 $","","SPX Express","Monde Nissin","Shopee Philippines (Monde Nissin Shopee)","15 Jan, 2026","9 hrs ago","15 Jan, 2026 11AM - 8PM"
"908",="26011538TFVCY4","CLL3MNE115647887 $","","SPX Express","Monde Nissin","Shopee Philippines (Monde Nissin Shopee)","15 Jan, 2026","9 hrs ago","15 Jan, 2026 11AM - 8PM"
"909",="26011538X6539R","CLL3MNE115647889 $","","SPX Express","Monde Nissin","Shopee Philippines (Monde Nissin Shopee)","15 Jan, 2026","9 hrs ago","15 Jan, 2026 11AM - 8PM"
"910",="260115390S522W","CLL3MNE115647894 $","","SPX Express","Monde Nissin","Shopee Philippines (Monde Nissin Shopee)","15 Jan, 2026","9 hrs ago","15 Jan, 2026 11AM - 8PM"
"911",="260115391JWF5W","CLL3MNE115647899 $","","SPX Express","Monde Nissin","Shopee Philippines (Monde Nissin Shopee)","15 Jan, 2026","9 hrs ago","15 Jan, 2026 11AM - 8PM"
"912",="260115392N859X","CLL3MNE115647900 $","","SPX Express","Monde Nissin","Shopee Philippines (Monde Nissin Shopee)","15 Jan, 2026","9 hrs ago","15 Jan, 2026 11AM - 8PM"
"913",="26011538XW094B","CLL3MNE115647901 $","","SPX Express","Monde Nissin","Shopee Philippines (Monde Nissin Shopee)","15 Jan, 2026","9 hrs ago","15 Jan, 2026 11AM - 8PM"
"914",="26011539054Y87","CLL3MNE115647904 $","","J&T Cargo","Monde Nissin","Shopee Philippines (Monde Nissin Shopee)","15 Jan, 2026","9 hrs ago","15 Jan, 2026 11AM - 8PM"
"915",="26011539K8D79E","CLL3MNE115647909","","SPX Express","Monde Nissin","Shopee Philippines (Monde Nissin Shopee)","15 Jan, 2026","9 hrs ago","15 Jan, 2026 11AM - 8PM"
"916",="26011538XQAR9S","CLL3MNE115647913 $","","SPX Express","Monde Nissin","Shopee Philippines (Monde Nissin Shopee)","15 Jan, 2026","9 hrs ago","15 Jan, 2026 11AM - 8PM"
"917",="26011539M9R1QU","CLL3MNE115647935","","SPX Express","Monde Nissin","Shopee Philippines (Monde Nissin Shopee)","15 Jan, 2026","9 hrs ago","15 Jan, 2026 11AM - 8PM"
"918",="26011538XJHY0N","CLL3MNE115647938 $","","SPX Express","Monde Nissin","Shopee Philippines (Monde Nissin Shopee)","15 Jan, 2026","9 hrs ago","15 Jan, 2026 11AM - 8PM"
"919",="26011539N7ATHB","CLL3MNE115647953","","SPX Express","Monde Nissin","Shopee Philippines (Monde Nissin Shopee)","15 Jan, 2026","9 hrs ago","15 Jan, 2026 11AM - 8PM"
"920",="582121248823674720","CLL3ARA115647965","","J&T Express","ARLA PH","Tiktok Philippines (Arla Tiktok)","15 Jan, 2026","9 hrs ago","16 Jan, 2026 11AM - 8PM"
"921",="26011539NHTEHA","CLL3MNE115647972","","SPX Express","Monde Nissin","Shopee Philippines (Monde Nissin Shopee)","15 Jan, 2026","9 hrs ago","15 Jan, 2026 11AM - 8PM"
"922",="2601153967MW8G","CLL3MNE115647977 $","","SPX Express","Monde Nissin","Shopee Philippines (Monde Nissin Shopee)","15 Jan, 2026","9 hrs ago","15 Jan, 2026 11AM - 8PM"
"923",="260115396YEMCR","CLL3MNE115647980 $","","J&T Cargo","Monde Nissin","Shopee Philippines (Monde Nissin Shopee)","15 Jan, 2026","9 hrs ago","15 Jan, 2026 11AM - 8PM"
"924",="26011539Q4BD2R","CLL3MNE115647987","","SPX Express","Monde Nissin","Shopee Philippines (Monde Nissin Shopee)","15 Jan, 2026","9 hrs ago","15 Jan, 2026 11AM - 8PM"
"925",="260115399DQGU2","CLL3ARA115647996 $","","SPX Express","ARLA PH","Shopee Philippines (Arla Shopee)","15 Jan, 2026","9 hrs ago","15 Jan, 2026 11AM - 8PM"
"926",="2601153943YBHT","CLL3ARA115648001 $","","J&T Cargo","ARLA PH","Shopee Philippines (Arla Shopee)","15 Jan, 2026","9 hrs ago","15 Jan, 2026 11AM - 8PM"
"927",="26011539QX5QF6","CLL3MNE115648007","","SPX Express","Monde Nissin","Shopee Philippines (Monde Nissin Shopee)","15 Jan, 2026","9 hrs ago","15 Jan, 2026 11AM - 8PM"
"928",="26011539NRFF06","CLL3MNE115648010","","SPX Express","Monde Nissin","Shopee Philippines (Monde Nissin Shopee)","15 Jan, 2026","9 hrs ago","15 Jan, 2026 11AM - 8PM"
"929",="260115398F5UVQ","CLL3MNE115648015 $","","SPX Express","Monde Nissin","Shopee Philippines (Monde Nissin Shopee)","15 Jan, 2026","9 hrs ago","15 Jan, 2026 11AM - 8PM"
"930",="260115394SW0Q4","CLL3ARA115648023 $","","SPX Express","ARLA PH","Shopee Philippines (Arla Shopee)","15 Jan, 2026","9 hrs ago","15 Jan, 2026 11AM - 8PM"
"931",="26011539BS2T3P","CLL3MNE115648033 $","","SPX Express","Monde Nissin","Shopee Philippines (Monde Nissin Shopee)","15 Jan, 2026","9 hrs ago","15 Jan, 2026 11AM - 8PM"
"932",="26011539CVA88W","CLL3MNE115648039 $","","SPX Express","Monde Nissin","Shopee Philippines (Monde Nissin Shopee)","15 Jan, 2026","9 hrs ago","15 Jan, 2026 11AM - 8PM"
"933",="26011539U9WVX2","CLL3ARA115648053","","SPX Express","ARLA PH","Shopee Philippines (Arla Shopee)","15 Jan, 2026","9 hrs ago","15 Jan, 2026 11AM - 8PM"
"934",="26011539DXPBXH","CLL3MNE115648056 $","","SPX Express","Monde Nissin","Shopee Philippines (Monde Nissin Shopee)","15 Jan, 2026","9 hrs ago","15 Jan, 2026 11AM - 8PM"
"935",="26011539EPGNNQ","CLL3MNE115648059 $","","SPX Express","Monde Nissin","Shopee Philippines (Monde Nissin Shopee)","15 Jan, 2026","9 hrs ago","15 Jan, 2026 11AM - 8PM"
"936",="26011539US3TXP","CLL3ARA115648060","","SPX Express","ARLA PH","Shopee Philippines (Arla Shopee)","15 Jan, 2026","9 hrs ago","15 Jan, 2026 11AM - 8PM"
"937",="1073278399610971","CLL3MNE115648070 $","","LEX","Monde Nissin","Lazada Philippines (Monde Nissin Lazada)","15 Jan, 2026","9 hrs ago","16 Jan, 2026 11AM - 8PM"
"938",="26011539DH8SP9","CLL3MNE115648077 $","","SPX Express","Monde Nissin","Shopee Philippines (Monde Nissin Shopee)","15 Jan, 2026","9 hrs ago","15 Jan, 2026 11AM - 8PM"
"939",="26011539V9DJUX","CLL3MNE115648084","","SPX Express","Monde Nissin","Shopee Philippines (Monde Nissin Shopee)","15 Jan, 2026","9 hrs ago","15 Jan, 2026 11AM - 8PM"
"940",="26011539Q2EYBK","CLL3MNE115648086","","SPX Express","Monde Nissin","Shopee Philippines (Monde Nissin Shopee)","15 Jan, 2026","9 hrs ago","15 Jan, 2026 11AM - 8PM"
"941",="26011539S47TFE","CLL3MNE115648092","","SPX Express","Monde Nissin","Shopee Philippines (Monde Nissin Shopee)","15 Jan, 2026","9 hrs ago","15 Jan, 2026 11AM - 8PM"
"942",="26011539RH6PVT","CLL3MNE115648098","","J&T Cargo","Monde Nissin","Shopee Philippines (Monde Nissin Shopee)","15 Jan, 2026","9 hrs ago","15 Jan, 2026 11AM - 8PM"
"943",="26011539T5N95D","CLL3MNE115648101","","SPX Express","Monde Nissin","Shopee Philippines (Monde Nissin Shopee)","15 Jan, 2026","9 hrs ago","15 Jan, 2026 11AM - 8PM"
"944",="26011539ST64P5","CLL3MNE115648102","","SPX Express","Monde Nissin","Shopee Philippines (Monde Nissin Shopee)","15 Jan, 2026","9 hrs ago","15 Jan, 2026 11AM - 8PM"
"945",="26011539GR9JXG","CLL3MNE115648106 $","","SPX Express","Monde Nissin","Shopee Philippines (Monde Nissin Shopee)","15 Jan, 2026","9 hrs ago","15 Jan, 2026 11AM - 8PM"
"946",="2601153A2W4H3T","CLL3MNE115648107","","SPX Express","Monde Nissin","Shopee Philippines (Monde Nissin Shopee)","15 Jan, 2026","9 hrs ago","15 Jan, 2026 11AM - 8PM"
"947",="26011539HNU6AM","CLL3MNE115648111 $","","SPX Express","Monde Nissin","Shopee Philippines (Monde Nissin Shopee)","15 Jan, 2026","9 hrs ago","15 Jan, 2026 11AM - 8PM"
"948",="2601153A2T88TG","CLL3MNE115648114","","SPX Express","Monde Nissin","Shopee Philippines (Monde Nissin Shopee)","15 Jan, 2026","9 hrs ago","15 Jan, 2026 11AM - 8PM"
"949",="26011539HVJ6D2","CLL3ARA115648117 $","","SPX Express","ARLA PH","Shopee Philippines (Arla Shopee)","15 Jan, 2026","9 hrs ago","15 Jan, 2026 11AM - 8PM"
"950",="26011539H5NY5E","CLL3MNE115648121 $","","SPX Express","Monde Nissin","Shopee Philippines (Monde Nissin Shopee)","15 Jan, 2026","9 hrs ago","15 Jan, 2026 11AM - 8PM"
"951",="26011539FN0BW7","CLL3MNE115648124 $","","SPX Express","Monde Nissin","Shopee Philippines (Monde Nissin Shopee)","15 Jan, 2026","9 hrs ago","15 Jan, 2026 11AM - 8PM"
"952",="2601153A40BDT0","CLL3MNE115648126","","SPX Express","Monde Nissin","Shopee Philippines (Monde Nissin Shopee)","15 Jan, 2026","9 hrs ago","15 Jan, 2026 11AM - 8PM"
"953",="26011539JP8CY9","CLL3MNE115648131 $","","SPX Express","Monde Nissin","Shopee Philippines (Monde Nissin Shopee)","15 Jan, 2026","9 hrs ago","15 Jan, 2026 11AM - 8PM"
"954",="26011539G2D8B8","CLL3MNE115648133 $","","SPX Express","Monde Nissin","Shopee Philippines (Monde Nissin Shopee)","15 Jan, 2026","9 hrs ago","15 Jan, 2026 11AM - 8PM"
"955",="26011539K8CFCY","CLL3MNE115648140 $","","SPX Express","Monde Nissin","Shopee Philippines (Monde Nissin Shopee)","15 Jan, 2026","9 hrs ago","15 Jan, 2026 11AM - 8PM"
"956",="26011539GKGHW1","CLL3MNE115648142 $","","SPX Express","Monde Nissin","Shopee Philippines (Monde Nissin Shopee)","15 Jan, 2026","9 hrs ago","15 Jan, 2026 11AM - 8PM"
"957",="26011539YANR7N","CLL3MNE115648171","","SPX Express","Monde Nissin","Shopee Philippines (Monde Nissin Shopee)","15 Jan, 2026","9 hrs ago","15 Jan, 2026 11AM - 8PM"
"958",="2601153AA8KSH3","CLL3MNE115648175","","SPX Express","Monde Nissin","Shopee Philippines (Monde Nissin Shopee)","15 Jan, 2026","9 hrs ago","15 Jan, 2026 11AM - 8PM"
"959",="582121348936598885","CLL3ARA115648178 $","","J&T Express","ARLA PH","Tiktok Philippines (Arla Tiktok)","15 Jan, 2026","9 hrs ago","16 Jan, 2026 11AM - 8PM"
"960",="26011539MWTS06","CLL3MNE115648183 $","","SPX Express","Monde Nissin","Shopee Philippines (Monde Nissin Shopee)","15 Jan, 2026","9 hrs ago","15 Jan, 2026 11AM - 8PM"
"961",="26011539SAYR45","CLL3MNE115648188 $","","SPX Express","Monde Nissin","Shopee Philippines (Monde Nissin Shopee)","15 Jan, 2026","9 hrs ago","15 Jan, 2026 11AM - 8PM"
"962",="26011539PAMQKN","CLL3ARA115648196 $","","SPX Express","ARLA PH","Shopee Philippines (Arla Shopee)","15 Jan, 2026","9 hrs ago","15 Jan, 2026 11AM - 8PM"
"963",="582121381400183965","CLL3UCH115648199","","J&T Express","Cloud Mart","Tiktok Philippines (Cloud Mart Tiktok)","15 Jan, 2026","9 hrs ago","16 Jan, 2026 11AM - 8PM"
"964",="26011539NW8GXA","CLL3MNE115648200 $","","J&T Cargo","Monde Nissin","Shopee Philippines (Monde Nissin Shopee)","15 Jan, 2026","9 hrs ago","15 Jan, 2026 11AM - 8PM"
"965",="26011539VC85CQ","CLL3MNE115648208 $","","J&T Cargo","Monde Nissin","Shopee Philippines (Monde Nissin Shopee)","15 Jan, 2026","9 hrs ago","15 Jan, 2026 11AM - 8PM"
"966",="26011539Y12F7W","CLL3MNE115648219 $","","SPX Express","Monde Nissin","Shopee Philippines (Monde Nissin Shopee)","15 Jan, 2026","9 hrs ago","15 Jan, 2026 11AM - 8PM"
"967",="2601153AGJSJ1Y","CLL3ARA115648224","","SPX Express","ARLA PH","Shopee Philippines (Arla Shopee)","15 Jan, 2026","9 hrs ago","15 Jan, 2026 11AM - 8PM"
"968",="26011539TNV1MV","CLL3MNE115648232 $","","SPX Express","Monde Nissin","Shopee Philippines (Monde Nissin Shopee)","15 Jan, 2026","9 hrs ago","15 Jan, 2026 11AM - 8PM"
"969",="2601153ADHK95U","CLL3MNE115648245","","SPX Express","Monde Nissin","Shopee Philippines (Monde Nissin Shopee)","15 Jan, 2026","8 hrs ago","15 Jan, 2026 11AM - 8PM"
"970",="2601153AJW6DMN","CLL3MNE115648259","","SPX Express","Monde Nissin","Shopee Philippines (Monde Nissin Shopee)","15 Jan, 2026","8 hrs ago","15 Jan, 2026 11AM - 8PM"
"971",="2601153A3BB9VX","CLL3MNE115648270 $","","SPX Express","Monde Nissin","Shopee Philippines (Monde Nissin Shopee)","15 Jan, 2026","8 hrs ago","15 Jan, 2026 11AM - 8PM"
"972",="2601153AMMFQ6V","CLL3ARA115648273","","SPX Express","ARLA PH","Shopee Philippines (Arla Shopee)","15 Jan, 2026","8 hrs ago","15 Jan, 2026 11AM - 8PM"
"973",="582121401921996480","CLL3ARA115648274 $","","J&T Express","ARLA PH","Tiktok Philippines (Arla Tiktok)","15 Jan, 2026","8 hrs ago","16 Jan, 2026 11AM - 8PM"
"974",="582121407380424453","CLL3MNE115648280","","Flash Express Philippines","Monde Nissin","Tiktok Philippines (Monde Nissin Tiktok)","15 Jan, 2026","8 hrs ago","16 Jan, 2026 11AM - 8PM"
"975",="2601153A2NG7PW","CLL3MNE115648299 $","","SPX Express","Monde Nissin","Shopee Philippines (Monde Nissin Shopee)","15 Jan, 2026","8 hrs ago","15 Jan, 2026 11AM - 8PM"
"976",="2601153ANUMC9A","CLL3ARA115648303","","SPX Express","ARLA PH","Shopee Philippines (Arla Shopee)","15 Jan, 2026","8 hrs ago","15 Jan, 2026 11AM - 8PM"
"977",="2601153AEJXHUD","CLL3MNE115648308","","SPX Express","Monde Nissin","Shopee Philippines (Monde Nissin Shopee)","15 Jan, 2026","8 hrs ago","15 Jan, 2026 11AM - 8PM"
"978",="2601153AP54CNX","CLL3MNE115648310","","SPX Express","Monde Nissin","Shopee Philippines (Monde Nissin Shopee)","15 Jan, 2026","8 hrs ago","15 Jan, 2026 11AM - 8PM"
"979",="2601153ASF1M66","CLL3MNE115648318","","J&T Cargo","Monde Nissin","Shopee Philippines (Monde Nissin Shopee)","15 Jan, 2026","8 hrs ago","15 Jan, 2026 11AM - 8PM"
"980",="2601153AQD7V6X","CLL3MNE115648320","","SPX Express","Monde Nissin","Shopee Philippines (Monde Nissin Shopee)","15 Jan, 2026","8 hrs ago","15 Jan, 2026 11AM - 8PM"
"981",="2601153A9X5YY4","CLL3MNE115648325 $","","SPX Express","Monde Nissin","Shopee Philippines (Monde Nissin Shopee)","15 Jan, 2026","8 hrs ago","15 Jan, 2026 11AM - 8PM"
"982",="2601153AA03CVW","CLL3ARA115648326 $","","SPX Express","ARLA PH","Shopee Philippines (Arla Shopee)","15 Jan, 2026","8 hrs ago","15 Jan, 2026 11AM - 8PM"
"983",="2601153AAM2C9M","CLL3MNE115648328 $","","J&T Cargo","Monde Nissin","Shopee Philippines (Monde Nissin Shopee)","15 Jan, 2026","8 hrs ago","15 Jan, 2026 11AM - 8PM"
"984",="2601153AMMFQ6U","CLL3MNE115648355","","J&T Cargo","Monde Nissin","Shopee Philippines (Monde Nissin Shopee)","15 Jan, 2026","8 hrs ago","15 Jan, 2026 11AM - 8PM"
"985",="2601153ACKXR3R","CLL3MNE115648356","","SPX Express","Monde Nissin","Shopee Philippines (Monde Nissin Shopee)","15 Jan, 2026","8 hrs ago","15 Jan, 2026 11AM - 8PM"
"986",="2601153AWX1YJ7","CLL3ARA115648358","","SPX Express","ARLA PH","Shopee Philippines (Arla Shopee)","15 Jan, 2026","8 hrs ago","15 Jan, 2026 11AM - 8PM"
"987",="2601153AE0S72T","CLL3MNE115648359 $","","SPX Express","Monde Nissin","Shopee Philippines (Monde Nissin Shopee)","15 Jan, 2026","8 hrs ago","15 Jan, 2026 11AM - 8PM"
"988",="2601153B00SFDX","CLL3MNE115648361","","SPX Express","Monde Nissin","Shopee Philippines (Monde Nissin Shopee)","15 Jan, 2026","8 hrs ago","15 Jan, 2026 11AM - 8PM"
"989",="2601153AFHFD1V","CLL3MNE115648366 $","","SPX Express","Monde Nissin","Shopee Philippines (Monde Nissin Shopee)","15 Jan, 2026","8 hrs ago","15 Jan, 2026 11AM - 8PM"
"990",="2601153B1U0Q64","CLL3ARA115648373","","SPX Express","ARLA PH","Shopee Philippines (Arla Shopee)","15 Jan, 2026","8 hrs ago","15 Jan, 2026 11AM - 8PM"
"991",="582121434122978640","CLL3ARA115648388 $","","J&T Express","ARLA PH","Tiktok Philippines (Arla Tiktok)","15 Jan, 2026","8 hrs ago","16 Jan, 2026 11AM - 8PM"
"992",="2601153B4Y5PNP","CLL3ARA115648396","","SPX Express","ARLA PH","Shopee Philippines (Arla Shopee)","15 Jan, 2026","8 hrs ago","15 Jan, 2026 11AM - 8PM"
"993",="2601153B5AK1J0","CLL3ARA115648400","","SPX Express","ARLA PH","Shopee Philippines (Arla Shopee)","15 Jan, 2026","8 hrs ago","15 Jan, 2026 11AM - 8PM"
"994",="2601153AGFX699","CLL3MNE115648410 $","","J&T Cargo","Monde Nissin","Shopee Philippines (Monde Nissin Shopee)","15 Jan, 2026","8 hrs ago","15 Jan, 2026 11AM - 8PM"
"995",="2601153AMKGX8X","CLL3MNE115648411 $","","J&T Cargo","Monde Nissin","Shopee Philippines (Monde Nissin Shopee)","15 Jan, 2026","8 hrs ago","15 Jan, 2026 11AM - 8PM"
"996",="2601153AGA7EU7","CLL3MNE115648413 $","","J&T Cargo","Monde Nissin","Shopee Philippines (Monde Nissin Shopee)","15 Jan, 2026","8 hrs ago","15 Jan, 2026 11AM - 8PM"
"997",="2601153AKTTBB5","CLL3MNE115648416 $","","SPX Express","Monde Nissin","Shopee Philippines (Monde Nissin Shopee)","15 Jan, 2026","8 hrs ago","15 Jan, 2026 11AM - 8PM"
"998",="2601153B1WUAKV","CLL3ARA115648417","","SPX Express","ARLA PH","Shopee Philippines (Arla Shopee)","15 Jan, 2026","8 hrs ago","15 Jan, 2026 11AM - 8PM"
"999",="2601153AG7CQ1Q","CLL3MNE115648419 $","","J&T Cargo","Monde Nissin","Shopee Philippines (Monde Nissin Shopee)","15 Jan, 2026","8 hrs ago","15 Jan, 2026 11AM - 8PM"
"1000",="2601153AKP0C8N","CLL3MNE115648420 $","","J&T","Monde Nissin","Shopee Philippines (Monde Nissin Shopee)","15 Jan, 2026","8 hrs ago","15 Jan, 2026 11AM - 8PM"
"1001",="2601153AMCWA17","CLL3MNE115648424 $","","J&T Cargo","Monde Nissin","Shopee Philippines (Monde Nissin Shopee)","15 Jan, 2026","8 hrs ago","15 Jan, 2026 11AM - 8PM"
"1002",="2601153AYXWT9C","CLL3ARA115648427","","J&T Cargo","ARLA PH","Shopee Philippines (Arla Shopee)","15 Jan, 2026","8 hrs ago","15 Jan, 2026 11AM - 8PM"
"1003",="2601153AMY18UY","CLL3MNE115648430 $","","SPX Express","Monde Nissin","Shopee Philippines (Monde Nissin Shopee)","15 Jan, 2026","8 hrs ago","15 Jan, 2026 11AM - 8PM"
"1004",="2601153AG6DHHH","CLL3MNE115648431 $","","SPX Express","Monde Nissin","Shopee Philippines (Monde Nissin Shopee)","15 Jan, 2026","8 hrs ago","15 Jan, 2026 11AM - 8PM"
"1005",="2601153B9H161V","CLL3MNE115648433","","SPX Express","Monde Nissin","Shopee Philippines (Monde Nissin Shopee)","15 Jan, 2026","8 hrs ago","15 Jan, 2026 11AM - 8PM"
"1006",="2601153ASFYX56","CLL3MNE115648447 $","","SPX Express","Monde Nissin","Shopee Philippines (Monde Nissin Shopee)","15 Jan, 2026","8 hrs ago","15 Jan, 2026 11AM - 8PM"
"1007",="2601153BA09VJT","CLL3MNE115648464","","SPX Express","Monde Nissin","Shopee Philippines (Monde Nissin Shopee)","15 Jan, 2026","8 hrs ago","15 Jan, 2026 11AM - 8PM"
"1008",="2601153B2C51C0","CLL3MNE115648492","","J&T Cargo","Monde Nissin","Shopee Philippines (Monde Nissin Shopee)","15 Jan, 2026","8 hrs ago","15 Jan, 2026 11AM - 8PM"
"1009",="2601153BHU4C88","CLL3MNE115648496","","SPX Express","Monde Nissin","Shopee Philippines (Monde Nissin Shopee)","15 Jan, 2026","8 hrs ago","15 Jan, 2026 11AM - 8PM"
"1010",="2601153BDMM2W1","CLL3MNE115648497","","SPX Express","Monde Nissin","Shopee Philippines (Monde Nissin Shopee)","15 Jan, 2026","8 hrs ago","15 Jan, 2026 11AM - 8PM"
"1011",="2601153BGWJ7P0","CLL3MNE115648501","","J&T Cargo","Monde Nissin","Shopee Philippines (Monde Nissin Shopee)","15 Jan, 2026","8 hrs ago","15 Jan, 2026 11AM - 8PM"
"1012",="2601153AT9QQYE","CLL3MNE115648505 $","","J&T Cargo","Monde Nissin","Shopee Philippines (Monde Nissin Shopee)","15 Jan, 2026","8 hrs ago","15 Jan, 2026 11AM - 8PM"
"1013",="2601153AVWMP7C","CLL3ARA115648511 $","","SPX Express","ARLA PH","Shopee Philippines (Arla Shopee)","15 Jan, 2026","8 hrs ago","15 Jan, 2026 11AM - 8PM"
"1014",="2601153BGG7KWM","CLL3ARA115648513","","SPX Express","ARLA PH","Shopee Philippines (Arla Shopee)","15 Jan, 2026","8 hrs ago","15 Jan, 2026 11AM - 8PM"
"1015",="2601153B8DSCPJ","CLL3MNE115648514","","SPX Express","Monde Nissin","Shopee Philippines (Monde Nissin Shopee)","15 Jan, 2026","8 hrs ago","15 Jan, 2026 11AM - 8PM"
"1016",="2601153BGDCB9F","CLL3MNE115648516","","SPX Express","Monde Nissin","Shopee Philippines (Monde Nissin Shopee)","15 Jan, 2026","8 hrs ago","15 Jan, 2026 11AM - 8PM"
"1017",="2601153B7UN90H","CLL3ARA115648546","","SPX Express","ARLA PH","Shopee Philippines (Arla Shopee)","15 Jan, 2026","8 hrs ago","15 Jan, 2026 11AM - 8PM"
"1018",="2601153AY2BKXP","CLL3MNE115648547 $","","SPX Express","Monde Nissin","Shopee Philippines (Monde Nissin Shopee)","15 Jan, 2026","8 hrs ago","15 Jan, 2026 11AM - 8PM"
"1019",="2601153ASUEVAU","CLL3MNE115648548 $","","SPX Express","Monde Nissin","Shopee Philippines (Monde Nissin Shopee)","15 Jan, 2026","8 hrs ago","15 Jan, 2026 11AM - 8PM"
"1020",="2601153AU2H0DG","CLL3MNE115648550 $","","SPX Express","Monde Nissin","Shopee Philippines (Monde Nissin Shopee)","15 Jan, 2026","8 hrs ago","15 Jan, 2026 11AM - 8PM"
"1021",="2601153AXAF366","CLL3MNE115648551 $","","J&T Cargo","Monde Nissin","Shopee Philippines (Monde Nissin Shopee)","15 Jan, 2026","8 hrs ago","15 Jan, 2026 11AM - 8PM"
"1022",="2601153BFA15S2","CLL3MNE115648560","","SPX Express","Monde Nissin","Shopee Philippines (Monde Nissin Shopee)","15 Jan, 2026","8 hrs ago","15 Jan, 2026 11AM - 8PM"
"1023",="2601153B3GCM6P","CLL3MNE115648569 $","","SPX Express","Monde Nissin","Shopee Philippines (Monde Nissin Shopee)","15 Jan, 2026","8 hrs ago","15 Jan, 2026 11AM - 8PM"
"1024",="2601153B54T6D4","CLL3MNE115648577 $","","SPX Express","Monde Nissin","Shopee Philippines (Monde Nissin Shopee)","15 Jan, 2026","8 hrs ago","15 Jan, 2026 11AM - 8PM"
"1025",="2601153BMB77J5","CLL3ARA115648578","","SPX Express","ARLA PH","Shopee Philippines (Arla Shopee)","15 Jan, 2026","8 hrs ago","15 Jan, 2026 11AM - 8PM"
"1026",="2601153B5NYUKR","CLL3MNE115648579 $","","SPX Express","Monde Nissin","Shopee Philippines (Monde Nissin Shopee)","15 Jan, 2026","8 hrs ago","15 Jan, 2026 11AM - 8PM"
"1027",="2601153B05JR6U","CLL3MNE115648580 $","","J&T Cargo","Monde Nissin","Shopee Philippines (Monde Nissin Shopee)","15 Jan, 2026","8 hrs ago","15 Jan, 2026 11AM - 8PM"
"1028",="2601153BJBBKDT","CLL3MNE115648586","","SPX Express","Monde Nissin","Shopee Philippines (Monde Nissin Shopee)","15 Jan, 2026","8 hrs ago","15 Jan, 2026 11AM - 8PM"
"1029",="2601153BAN8Q83","CLL3MNE115648599 $","","J&T Cargo","Monde Nissin","Shopee Philippines (Monde Nissin Shopee)","15 Jan, 2026","8 hrs ago","15 Jan, 2026 11AM - 8PM"
"1030",="2601153B80ESQ9","CLL3MNE115648623 $","","SPX Express","Monde Nissin","Shopee Philippines (Monde Nissin Shopee)","15 Jan, 2026","8 hrs ago","15 Jan, 2026 11AM - 8PM"
"1031",="2601153BW5H4SP","CLL3MNE115648625","","SPX Express","Monde Nissin","Shopee Philippines (Monde Nissin Shopee)","15 Jan, 2026","8 hrs ago","15 Jan, 2026 11AM - 8PM"
"1032",="2601153BSXJ13R","CLL3MNE115648626","","J&T Cargo","Monde Nissin","Shopee Philippines (Monde Nissin Shopee)","15 Jan, 2026","8 hrs ago","15 Jan, 2026 11AM - 8PM"
"1033",="2601153C26QN77","CLL3ARA115648636","","SPX Express","ARLA PH","Shopee Philippines (Arla Shopee)","15 Jan, 2026","8 hrs ago","15 Jan, 2026 11AM - 8PM"
"1034",="2601153C2AF20N","CLL3ARA115648637","","SPX Express","ARLA PH","Shopee Philippines (Arla Shopee)","15 Jan, 2026","8 hrs ago","15 Jan, 2026 11AM - 8PM"
"1035",="2601153BXEJCHH","CLL3ARA115648638","","SPX Express","ARLA PH","Shopee Philippines (Arla Shopee)","15 Jan, 2026","8 hrs ago","15 Jan, 2026 11AM - 8PM"
"1036",="2601153BCANDEQ","CLL3MNE115648639 $","","SPX Express","Monde Nissin","Shopee Philippines (Monde Nissin Shopee)","15 Jan, 2026","8 hrs ago","15 Jan, 2026 11AM - 8PM"
"1037",="2601153C20WTWB","CLL3MNE115648641","","SPX Express","Monde Nissin","Shopee Philippines (Monde Nissin Shopee)","15 Jan, 2026","8 hrs ago","15 Jan, 2026 11AM - 8PM"
"1038",="2601153BXHE3D0","CLL3ARA115648645","","SPX Express","ARLA PH","Shopee Philippines (Arla Shopee)","15 Jan, 2026","8 hrs ago","15 Jan, 2026 11AM - 8PM"
"1039",="2601153BY3HP9U","CLL3MNE115648648","","SPX Express","Monde Nissin","Shopee Philippines (Monde Nissin Shopee)","15 Jan, 2026","8 hrs ago","15 Jan, 2026 11AM - 8PM"
"1040",="2601153C31BPV3","CLL3MNE115648665","","J&T Cargo","Monde Nissin","Shopee Philippines (Monde Nissin Shopee)","15 Jan, 2026","8 hrs ago","15 Jan, 2026 11AM - 8PM"
"1041",="2601153BHT4WGJ","CLL3MNE115648667 $","","SPX Express","Monde Nissin","Shopee Philippines (Monde Nissin Shopee)","15 Jan, 2026","8 hrs ago","15 Jan, 2026 11AM - 8PM"
"1042",="2601153C7TWYR0","CLL3MNE115648690","","SPX Express","Monde Nissin","Shopee Philippines (Monde Nissin Shopee)","15 Jan, 2026","8 hrs ago","15 Jan, 2026 11AM - 8PM"
"1043",="2601153BRMHTCR","CLL3MNE115648701 $","","SPX Express","Monde Nissin","Shopee Philippines (Monde Nissin Shopee)","15 Jan, 2026","8 hrs ago","15 Jan, 2026 11AM - 8PM"
"1044",="2601153BRQD8M5","CLL3MNE115648703 $","","SPX Express","Monde Nissin","Shopee Philippines (Monde Nissin Shopee)","15 Jan, 2026","8 hrs ago","15 Jan, 2026 11AM - 8PM"
"1045",="2601153CANGY07","CLL3MNE115648705","","J&T Cargo","Monde Nissin","Shopee Philippines (Monde Nissin Shopee)","15 Jan, 2026","8 hrs ago","15 Jan, 2026 11AM - 8PM"
"1046",="2601153BUNTAWN","CLL3MNE115648712 $","","SPX Express","Monde Nissin","Shopee Philippines (Monde Nissin Shopee)","15 Jan, 2026","8 hrs ago","15 Jan, 2026 11AM - 8PM"
"1047",="2601153BQFBU2G","CLL3MNE115648714 $","","SPX Express","Monde Nissin","Shopee Philippines (Monde Nissin Shopee)","15 Jan, 2026","8 hrs ago","15 Jan, 2026 11AM - 8PM"
"1048",="582121526361294254","CLL3ARA115648722 $","","J&T Express","ARLA PH","Tiktok Philippines (Arla Tiktok)","15 Jan, 2026","8 hrs ago","16 Jan, 2026 11AM - 8PM"
"1049",="2601153CJ8P5KU","CLL3MNE115648737","","SPX Express","Monde Nissin","Shopee Philippines (Monde Nissin Shopee)","15 Jan, 2026","8 hrs ago","15 Jan, 2026 11AM - 8PM"
"1050",="2601153BYQGF2D","CLL3MNE115648751 $","","J&T Cargo","Monde Nissin","Shopee Philippines (Monde Nissin Shopee)","15 Jan, 2026","8 hrs ago","15 Jan, 2026 11AM - 8PM"
"1051",="2601153BW8BXF7","CLL3MNE115648756 $","","J&T Cargo","Monde Nissin","Shopee Philippines (Monde Nissin Shopee)","15 Jan, 2026","8 hrs ago","15 Jan, 2026 11AM - 8PM"
"1052",="2601153C1C076Y","CLL3MNE115648757 $","","J&T Cargo","Monde Nissin","Shopee Philippines (Monde Nissin Shopee)","15 Jan, 2026","8 hrs ago","15 Jan, 2026 11AM - 8PM"
"1053",="2601153BYB4VKG","CLL3MNE115648766 $","","J&T Cargo","Monde Nissin","Shopee Philippines (Monde Nissin Shopee)","15 Jan, 2026","8 hrs ago","15 Jan, 2026 11AM - 8PM"
"1054",="2601153BYFWBEJ","CLL3MNE115648767 $","","SPX Express","Monde Nissin","Shopee Philippines (Monde Nissin Shopee)","15 Jan, 2026","8 hrs ago","15 Jan, 2026 11AM - 8PM"
"1055",="2601153CK94YDY","CLL3MNE115648771","","J&T Cargo","Monde Nissin","Shopee Philippines (Monde Nissin Shopee)","15 Jan, 2026","8 hrs ago","15 Jan, 2026 11AM - 8PM"
"1056",="2601153CFC6BU2","CLL3ARA115648790","","SPX Express","ARLA PH","Shopee Philippines (Arla Shopee)","15 Jan, 2026","8 hrs ago","15 Jan, 2026 11AM - 8PM"
"1057",="2601153CKFTP42","CLL3MNE115648793","","SPX Express","Monde Nissin","Shopee Philippines (Monde Nissin Shopee)","15 Jan, 2026","8 hrs ago","15 Jan, 2026 11AM - 8PM"
"1058",="2601153CN39JD2","CLL3ARA115648794","","SPX Express","ARLA PH","Shopee Philippines (Arla Shopee)","15 Jan, 2026","8 hrs ago","15 Jan, 2026 11AM - 8PM"
"1059",="2601153CENBHSB","CLL3ARA115648799","","SPX Express","ARLA PH","Shopee Philippines (Arla Shopee)","15 Jan, 2026","8 hrs ago","15 Jan, 2026 11AM - 8PM"
"1060",="2601153C78U81N","CLL3MNE115648802 $","","SPX Express","Monde Nissin","Shopee Philippines (Monde Nissin Shopee)","15 Jan, 2026","8 hrs ago","15 Jan, 2026 11AM - 8PM"
"1061",="2601153C2XJ3BD","CLL3ARA115648810 $","","SPX Express","ARLA PH","Shopee Philippines (Arla Shopee)","15 Jan, 2026","8 hrs ago","15 Jan, 2026 11AM - 8PM"
"1062",="2601153CNDRT8A","CLL3ARA115648811","","SPX Express","ARLA PH","Shopee Philippines (Arla Shopee)","15 Jan, 2026","8 hrs ago","15 Jan, 2026 11AM - 8PM"
"1063",="2601153C6MSG77","CLL3MNE115648816 $","","SPX Express","Monde Nissin","Shopee Philippines (Monde Nissin Shopee)","15 Jan, 2026","8 hrs ago","15 Jan, 2026 11AM - 8PM"
"1064",="2601153C5FJSU6","CLL3MNE115648817 $","","SPX Express","Monde Nissin","Shopee Philippines (Monde Nissin Shopee)","15 Jan, 2026","8 hrs ago","15 Jan, 2026 11AM - 8PM"
"1065",="2601153CUAP4RK","CLL3ARA115648829","","SPX Express","ARLA PH","Shopee Philippines (Arla Shopee)","15 Jan, 2026","8 hrs ago","15 Jan, 2026 11AM - 8PM"
"1066",="2601153CAB15C1","CLL3MNE115648832 $","","SPX Express","Monde Nissin","Shopee Philippines (Monde Nissin Shopee)","15 Jan, 2026","8 hrs ago","15 Jan, 2026 11AM - 8PM"
"1067",="2601153CSBR0NM","CLL3MNE115648862","","SPX Express","Monde Nissin","Shopee Philippines (Monde Nissin Shopee)","15 Jan, 2026","8 hrs ago","15 Jan, 2026 11AM - 8PM"
"1068",="2601153CS4YNP2","CLL3MNE115648863","","SPX Express","Monde Nissin","Shopee Philippines (Monde Nissin Shopee)","15 Jan, 2026","8 hrs ago","15 Jan, 2026 11AM - 8PM"
"1069",="2601153CYM0AG9","CLL3MNE115648869","","SPX Express","Monde Nissin","Shopee Philippines (Monde Nissin Shopee)","15 Jan, 2026","8 hrs ago","15 Jan, 2026 11AM - 8PM"
"1070",="2601153CFUEJ49","CLL3MNE115648875 $","","SPX Express","Monde Nissin","Shopee Philippines (Monde Nissin Shopee)","15 Jan, 2026","8 hrs ago","15 Jan, 2026 11AM - 8PM"
"1071",="2601153CY6KVME","CLL3MNE115648879","","SPX Express","Monde Nissin","Shopee Philippines (Monde Nissin Shopee)","15 Jan, 2026","8 hrs ago","15 Jan, 2026 11AM - 8PM"
"1072",="2601153D0HGFTX","CLL3ARA115648880","","SPX Express","ARLA PH","Shopee Philippines (Arla Shopee)","15 Jan, 2026","8 hrs ago","15 Jan, 2026 11AM - 8PM"
"1073",="2601153D4N5FCP","CLL3MNE115648897","","SPX Express","Monde Nissin","Shopee Philippines (Monde Nissin Shopee)","15 Jan, 2026","8 hrs ago","15 Jan, 2026 11AM - 8PM"
"1074",="2601153CK3E9X3","CLL3MNE115648909 $","","J&T","Monde Nissin","Shopee Philippines (Monde Nissin Shopee)","15 Jan, 2026","8 hrs ago","15 Jan, 2026 11AM - 8PM"
"1075",="2601153D0P9KB6","CLL3MNE115648911","","SPX Express","Monde Nissin","Shopee Philippines (Monde Nissin Shopee)","15 Jan, 2026","8 hrs ago","15 Jan, 2026 11AM - 8PM"
"1076",="1064932061946081","CLL3ARA115648917","","LEX PH","ARLA PH","Lazada Philippines (Arla Lazada)","15 Jan, 2026","8 hrs ago","16 Jan, 2026 11AM - 8PM"
"1077",="2601153DA3M058","CLL3MNE115648923","","J&T Cargo","Monde Nissin","Shopee Philippines (Monde Nissin Shopee)","15 Jan, 2026","8 hrs ago","15 Jan, 2026 11AM - 8PM"
"1078",="2601153DE2GEE1","CLL3MNE115648925","","SPX Express","Monde Nissin","Shopee Philippines (Monde Nissin Shopee)","15 Jan, 2026","8 hrs ago","15 Jan, 2026 11AM - 8PM"
"1079",="2601153DC6F0M4","CLL3MNE115648927","","SPX Express","Monde Nissin","Shopee Philippines (Monde Nissin Shopee)","15 Jan, 2026","8 hrs ago","15 Jan, 2026 11AM - 8PM"
"1080",="2601153CSGFCXX","CLL3MNE115648935 $","","SPX Express","Monde Nissin","Shopee Philippines (Monde Nissin Shopee)","15 Jan, 2026","8 hrs ago","15 Jan, 2026 11AM - 8PM"
"1081",="2601153DCW9DUG","CLL3MNE115648938","","SPX Express","Monde Nissin","Shopee Philippines (Monde Nissin Shopee)","15 Jan, 2026","8 hrs ago","15 Jan, 2026 11AM - 8PM"
"1082",="2601153D7EQTW6","CLL3MNE115648943","","J&T Cargo","Monde Nissin","Shopee Philippines (Monde Nissin Shopee)","15 Jan, 2026","8 hrs ago","15 Jan, 2026 11AM - 8PM"
"1083",="2601153CUFCXA1","CLL3MNE115648947 $","","SPX Express","Monde Nissin","Shopee Philippines (Monde Nissin Shopee)","15 Jan, 2026","8 hrs ago","15 Jan, 2026 11AM - 8PM"
"1084",="2601153CSN6XP4","CLL3MNE115648948 $","","J&T Cargo","Monde Nissin","Shopee Philippines (Monde Nissin Shopee)","15 Jan, 2026","8 hrs ago","15 Jan, 2026 11AM - 8PM"
"1085",="2601153D054E7D","CLL3MNE115648972 $","","SPX Express","Monde Nissin","Shopee Philippines (Monde Nissin Shopee)","15 Jan, 2026","8 hrs ago","15 Jan, 2026 11AM - 8PM"
"1086",="2601153DFXJJ7K","CLL3MNE115648983","","SPX Express","Monde Nissin","Shopee Philippines (Monde Nissin Shopee)","15 Jan, 2026","8 hrs ago","15 Jan, 2026 11AM - 8PM"
"1087",="2601153CXQCT8Q","CLL3MNE115648987 $","","J&T Cargo","Monde Nissin","Shopee Philippines (Monde Nissin Shopee)","15 Jan, 2026","8 hrs ago","15 Jan, 2026 11AM - 8PM"
"1088",="2601153DGB0BJH","CLL3MNE115648991","","J&T Cargo","Monde Nissin","Shopee Philippines (Monde Nissin Shopee)","15 Jan, 2026","8 hrs ago","15 Jan, 2026 11AM - 8PM"
"1089",="2601153DPEFFQP","CLL3ARA115648997","","SPX Express","ARLA PH","Shopee Philippines (Arla Shopee)","15 Jan, 2026","8 hrs ago","15 Jan, 2026 11AM - 8PM"
"1090",="2601153DRECSMJ","CLL3MNE115649013","","SPX Express","Monde Nissin","Shopee Philippines (Monde Nissin Shopee)","15 Jan, 2026","8 hrs ago","15 Jan, 2026 11AM - 8PM"
"1091",="2601153DRBG0G4","CLL3ARA115649016","","SPX Express","ARLA PH","Shopee Philippines (Arla Shopee)","15 Jan, 2026","8 hrs ago","15 Jan, 2026 11AM - 8PM"
"1092",="2601153D6RV6NE","CLL3MNE115649028 $","","SPX Express","Monde Nissin","Shopee Philippines (Monde Nissin Shopee)","15 Jan, 2026","8 hrs ago","15 Jan, 2026 11AM - 8PM"
"1093",="1072990568764533","CLL3MNE115649030","","LEX PH","Monde Nissin","Lazada Philippines (Monde Nissin Lazada)","15 Jan, 2026","8 hrs ago","16 Jan, 2026 11AM - 8PM"
"1094",="1064927254224629","CLL3MNE115649032 $","","LEX","Monde Nissin","Lazada Philippines (Monde Nissin Lazada)","15 Jan, 2026","8 hrs ago","16 Jan, 2026 11AM - 8PM"
"1095",="2601153DW60KGE","CLL3MNE115649042","","SPX Express","Monde Nissin","Shopee Philippines (Monde Nissin Shopee)","15 Jan, 2026","7 hrs ago","15 Jan, 2026 11AM - 8PM"
"1096",="2601153DU55KYF","CLL3ARA115649043","","J&T Cargo","ARLA PH","Shopee Philippines (Arla Shopee)","15 Jan, 2026","7 hrs ago","15 Jan, 2026 11AM - 8PM"
"1097",="2601153DC9AKBM","CLL3ARA115649045 $","","SPX Express","ARLA PH","Shopee Philippines (Arla Shopee)","15 Jan, 2026","7 hrs ago","15 Jan, 2026 11AM - 8PM"
"1098",="2601153D91ANCG","CLL3MNE115649046 $","","SPX Express","Monde Nissin","Shopee Philippines (Monde Nissin Shopee)","15 Jan, 2026","7 hrs ago","15 Jan, 2026 11AM - 8PM"
"1099",="2601153D99VF53","CLL3MNE115649047 $","","SPX Express","Monde Nissin","Shopee Philippines (Monde Nissin Shopee)","15 Jan, 2026","7 hrs ago","15 Jan, 2026 11AM - 8PM"
"1100",="2601153DRQX2R3","CLL3MNE115649050","","J&T","Monde Nissin","Shopee Philippines (Monde Nissin Shopee)","15 Jan, 2026","7 hrs ago","15 Jan, 2026 11AM - 8PM"
"1101",="2601153DUGN5MR","CLL3MNE115649052","","SPX Express","Monde Nissin","Shopee Philippines (Monde Nissin Shopee)","15 Jan, 2026","7 hrs ago","15 Jan, 2026 11AM - 8PM"
"1102",="2601153D953BRK","CLL3MNE115649055 $","","J&T Cargo","Monde Nissin","Shopee Philippines (Monde Nissin Shopee)","15 Jan, 2026","7 hrs ago","15 Jan, 2026 11AM - 8PM"
"1103",="2601153DQ2H8CA","CLL3MNE115649056","","SPX Express","Monde Nissin","Shopee Philippines (Monde Nissin Shopee)","15 Jan, 2026","7 hrs ago","15 Jan, 2026 11AM - 8PM"
"1104",="2601153DV5HMM1","CLL3MNE115649058","","J&T Cargo","Monde Nissin","Shopee Philippines (Monde Nissin Shopee)","15 Jan, 2026","7 hrs ago","15 Jan, 2026 11AM - 8PM"
"1105",="26011536GX73P9","CLL3MNE115649062 $","","SPX Express","Monde Nissin","Shopee Philippines (Monde Nissin Shopee)","15 Jan, 2026","7 hrs ago","15 Jan, 2026 11AM - 8PM"
"1106",="1064929662725092","CLL3MNE115649063","","LEX","Monde Nissin","Lazada Philippines (Monde Nissin Lazada)","15 Jan, 2026","7 hrs ago","16 Jan, 2026 11AM - 8PM"
"1107",="2601153E1SV3SG","CLL3MNE115649068","","SPX Express","Monde Nissin","Shopee Philippines (Monde Nissin Shopee)","15 Jan, 2026","7 hrs ago","15 Jan, 2026 11AM - 8PM"
"1108",="2601153E19KA9D","CLL3ARA115649071","","SPX Express","ARLA PH","Shopee Philippines (Arla Shopee)","15 Jan, 2026","7 hrs ago","15 Jan, 2026 11AM - 8PM"
"1109",="1073286370305849","CLL3MNE115649075 $","","LEX","Monde Nissin","Lazada Philippines (Monde Nissin Lazada)","15 Jan, 2026","7 hrs ago","16 Jan, 2026 11AM - 8PM"
"1110",="2601153DYWRBNR","CLL3ARA115649078","","SPX Express","ARLA PH","Shopee Philippines (Arla Shopee)","15 Jan, 2026","7 hrs ago","15 Jan, 2026 11AM - 8PM"
"1111",="2601153DEB1PNN","CLL3MNE115649081 $","","J&T","Monde Nissin","Shopee Philippines (Monde Nissin Shopee)","15 Jan, 2026","7 hrs ago","15 Jan, 2026 11AM - 8PM"
"1112",="2601153E5WFPCR","CLL3ARA115649135","","SPX Express","ARLA PH","Shopee Philippines (Arla Shopee)","15 Jan, 2026","7 hrs ago","15 Jan, 2026 11AM - 8PM"
"1113",="2601153EA213BW","CLL3MNE115649136","","J&T Cargo","Monde Nissin","Shopee Philippines (Monde Nissin Shopee)","15 Jan, 2026","7 hrs ago","15 Jan, 2026 11AM - 8PM"
"1114",="2601153E5CA9UM","CLL3MNE115649138","","SPX Express","Monde Nissin","Shopee Philippines (Monde Nissin Shopee)","15 Jan, 2026","7 hrs ago","15 Jan, 2026 11AM - 8PM"
"1115",="2601153DQHT7HD","CLL3MNE115649139 $","","SPX Express","Monde Nissin","Shopee Philippines (Monde Nissin Shopee)","15 Jan, 2026","7 hrs ago","15 Jan, 2026 11AM - 8PM"
"1116",="2601153DKJVP3P","CLL3MNE115649140 $","","SPX Express","Monde Nissin","Shopee Philippines (Monde Nissin Shopee)","15 Jan, 2026","7 hrs ago","15 Jan, 2026 11AM - 8PM"
"1117",="2601153DMUWXF7","CLL3MNE115649145 $","","SPX Express","Monde Nissin","Shopee Philippines (Monde Nissin Shopee)","15 Jan, 2026","7 hrs ago","15 Jan, 2026 11AM - 8PM"
"1118",="2601153ED1C575","CLL3MNE115649149","","SPX Express","Monde Nissin","Shopee Philippines (Monde Nissin Shopee)","15 Jan, 2026","7 hrs ago","15 Jan, 2026 11AM - 8PM"
"1119",="582121645421004135","CLL3MNE115649176 $","","J&T Express","Monde Nissin","Tiktok Philippines (Monde Nissin Tiktok)","15 Jan, 2026","7 hrs ago","16 Jan, 2026 11AM - 8PM"
"1120",="2601153EC5Q5H6","CLL3ARA115649196","","J&T Cargo","ARLA PH","Shopee Philippines (Arla Shopee)","15 Jan, 2026","7 hrs ago","15 Jan, 2026 11AM - 8PM"
"1121",="2601153DXNQ23S","CLL3MNE115649199 $","","SPX Express","Monde Nissin","Shopee Philippines (Monde Nissin Shopee)","15 Jan, 2026","7 hrs ago","15 Jan, 2026 11AM - 8PM"
"1122",="2601153DY400AU","CLL3MNE115649208 $","","SPX Express","Monde Nissin","Shopee Philippines (Monde Nissin Shopee)","15 Jan, 2026","7 hrs ago","15 Jan, 2026 11AM - 8PM"
"1123",="2601153E3RS1UQ","CLL3MNE115649211 $","","SPX Express","Monde Nissin","Shopee Philippines (Monde Nissin Shopee)","15 Jan, 2026","7 hrs ago","15 Jan, 2026 11AM - 8PM"
"1124",="2601153DYEFWCG","CLL3MNE115649212 $","","SPX Express","Monde Nissin","Shopee Philippines (Monde Nissin Shopee)","15 Jan, 2026","7 hrs ago","15 Jan, 2026 11AM - 8PM"
"1125",="2601153E9DWV26","CLL3MNE115649216","","SPX Express","Monde Nissin","Shopee Philippines (Monde Nissin Shopee)","15 Jan, 2026","7 hrs ago","15 Jan, 2026 11AM - 8PM"
"1126",="2601153E6VW83K","CLL3MNE115649218 $","","SPX Express","Monde Nissin","Shopee Philippines (Monde Nissin Shopee)","15 Jan, 2026","7 hrs ago","15 Jan, 2026 11AM - 8PM"
"1127",="2601153EP55776","CLL3ARA115649227","","SPX Express","ARLA PH","Shopee Philippines (Arla Shopee)","15 Jan, 2026","7 hrs ago","15 Jan, 2026 11AM - 8PM"
"1128",="2601153E5KUK5T","CLL3ARA115649233 $","","SPX Express","ARLA PH","Shopee Philippines (Arla Shopee)","15 Jan, 2026","7 hrs ago","15 Jan, 2026 11AM - 8PM"
"1129",="2601153E5C9F5F","CLL3MNE115649234 $","","SPX Express","Monde Nissin","Shopee Philippines (Monde Nissin Shopee)","15 Jan, 2026","7 hrs ago","15 Jan, 2026 11AM - 8PM"
"1130",="2601153ETKAJBT","CLL3ARA115649238","","SPX Express","ARLA PH","Shopee Philippines (Arla Shopee)","15 Jan, 2026","7 hrs ago","15 Jan, 2026 11AM - 8PM"
"1131",="2601153EDS7TWE","CLL3MNE115649246 $","","SPX Express","Monde Nissin","Shopee Philippines (Monde Nissin Shopee)","15 Jan, 2026","7 hrs ago","15 Jan, 2026 11AM - 8PM"
"1132",="2601153EEH2Q6Q","CLL3MNE115649253 $","","SPX Express","Monde Nissin","Shopee Philippines (Monde Nissin Shopee)","15 Jan, 2026","7 hrs ago","15 Jan, 2026 11AM - 8PM"
"1133",="2601153ES9BGAR","CLL3MNE115649258","","J&T Cargo","Monde Nissin","Shopee Philippines (Monde Nissin Shopee)","15 Jan, 2026","7 hrs ago","15 Jan, 2026 11AM - 8PM"
"1134",="2601153EUDXNHM","CLL3ARA115649259","","J&T Cargo","ARLA PH","Shopee Philippines (Arla Shopee)","15 Jan, 2026","7 hrs ago","15 Jan, 2026 11AM - 8PM"
"1135",="2601153ES5HH9N","CLL3MNE115649260","","J&T Cargo","Monde Nissin","Shopee Philippines (Monde Nissin Shopee)","15 Jan, 2026","7 hrs ago","15 Jan, 2026 11AM - 8PM"
"1136",="2601153EFJDJ34","CLL3MNE115649269 $","","SPX Express","Monde Nissin","Shopee Philippines (Monde Nissin Shopee)","15 Jan, 2026","7 hrs ago","15 Jan, 2026 11AM - 8PM"
"1137",="1073290393796868","CLL3ARA115649274 $","","LEX PH","ARLA PH","Lazada Philippines (Arla Lazada)","15 Jan, 2026","7 hrs ago","16 Jan, 2026 11AM - 8PM"
"1138",="2601153EF17505","CLL3MNE115649278 $","","SPX Express","Monde Nissin","Shopee Philippines (Monde Nissin Shopee)","15 Jan, 2026","7 hrs ago","15 Jan, 2026 11AM - 8PM"
"1139",="1064929886468012","CLL3MNE115649283","","LEX","Monde Nissin","Lazada Philippines (Monde Nissin Lazada)","15 Jan, 2026","7 hrs ago","16 Jan, 2026 11AM - 8PM"
"1140",="2601153EF0A127","CLL3MNE115649288 $","","SPX Express","Monde Nissin","Shopee Philippines (Monde Nissin Shopee)","15 Jan, 2026","7 hrs ago","15 Jan, 2026 11AM - 8PM"
"1141",="2601153F53XUBQ","CLL3MNE115649299","","SPX Express","Monde Nissin","Shopee Philippines (Monde Nissin Shopee)","15 Jan, 2026","7 hrs ago","15 Jan, 2026 11AM - 8PM"
"1142",="2601153EX7P15K","CLL3MNE115649302","","J&T Cargo","Monde Nissin","Shopee Philippines (Monde Nissin Shopee)","15 Jan, 2026","7 hrs ago","15 Jan, 2026 11AM - 8PM"
"1143",="2601153EVYJ51H","CLL3MNE115649304","","J&T Cargo","Monde Nissin","Shopee Philippines (Monde Nissin Shopee)","15 Jan, 2026","7 hrs ago","15 Jan, 2026 11AM - 8PM"
"1144",="2601153EN0WSMW","CLL3MNE115649307 $","","J&T Cargo","Monde Nissin","Shopee Philippines (Monde Nissin Shopee)","15 Jan, 2026","7 hrs ago","15 Jan, 2026 11AM - 8PM"
"1145",="2601153F9PU1F4","CLL3MNE115649309","","SPX Express","Monde Nissin","Shopee Philippines (Monde Nissin Shopee)","15 Jan, 2026","7 hrs ago","15 Jan, 2026 11AM - 8PM"
"1146",="2601153F6MJKP4","CLL3MNE115649315","","J&T Cargo","Monde Nissin","Shopee Philippines (Monde Nissin Shopee)","15 Jan, 2026","7 hrs ago","15 Jan, 2026 11AM - 8PM"
"1147",="2601153EV8P8H7","CLL3MNE115649358 $","","J&T Cargo","Monde Nissin","Shopee Philippines (Monde Nissin Shopee)","15 Jan, 2026","7 hrs ago","15 Jan, 2026 11AM - 8PM"
"1148",="2601153EXUM9CS","CLL3MNE115649360 $","","SPX Express","Monde Nissin","Shopee Philippines (Monde Nissin Shopee)","15 Jan, 2026","7 hrs ago","15 Jan, 2026 11AM - 8PM"
"1149",="2601153F9RPF1G","CLL3ARA115649382","","J&T Cargo","ARLA PH","Shopee Philippines (Arla Shopee)","15 Jan, 2026","7 hrs ago","15 Jan, 2026 11AM - 8PM"
"1150",="2601153F0H3381","CLL3MNE115649386","","SPX Express","Monde Nissin","Shopee Philippines (Monde Nissin Shopee)","15 Jan, 2026","7 hrs ago","15 Jan, 2026 11AM - 8PM"
"1151",="2601153F70Y2JB","CLL3MNE115649392 $","","SPX Express","Monde Nissin","Shopee Philippines (Monde Nissin Shopee)","15 Jan, 2026","7 hrs ago","15 Jan, 2026 11AM - 8PM"
"1152",="2601153F75Q0TN","CLL3MNE115649393 $","","SPX Express","Monde Nissin","Shopee Philippines (Monde Nissin Shopee)","15 Jan, 2026","7 hrs ago","15 Jan, 2026 11AM - 8PM"
"1153",="2601153F865JXQ","CLL3MNE115649398 $","","J&T Cargo","Monde Nissin","Shopee Philippines (Monde Nissin Shopee)","15 Jan, 2026","7 hrs ago","15 Jan, 2026 11AM - 8PM"
"1154",="2601153FT92SK3","CLL3ARA115649412","","SPX Express","ARLA PH","Shopee Philippines (Arla Shopee)","15 Jan, 2026","7 hrs ago","15 Jan, 2026 11AM - 8PM"
"1155",="2601153FB1QSHM","CLL3MNE115649427 $","","SPX Express","Monde Nissin","Shopee Philippines (Monde Nissin Shopee)","15 Jan, 2026","7 hrs ago","15 Jan, 2026 11AM - 8PM"
"1156",="2601153FBGXC7S","CLL3MNE115649439 $","","SPX Express","Monde Nissin","Shopee Philippines (Monde Nissin Shopee)","15 Jan, 2026","7 hrs ago","15 Jan, 2026 11AM - 8PM"
"1157",="2601153FX0781Y","CLL3ARA115649447","","SPX Express","ARLA PH","Shopee Philippines (Arla Shopee)","15 Jan, 2026","7 hrs ago","15 Jan, 2026 11AM - 8PM"
"1158",="2601153G3YX31T","CLL3ARA115649454","","SPX Express","ARLA PH","Shopee Philippines (Arla Shopee)","15 Jan, 2026","7 hrs ago","15 Jan, 2026 11AM - 8PM"
"1159",="2601153G0FDGHV","CLL3ARA115649455","","SPX Express","ARLA PH","Shopee Philippines (Arla Shopee)","15 Jan, 2026","7 hrs ago","15 Jan, 2026 11AM - 8PM"
"1160",="2601153FHPBU97","CLL3MNE115649456 $","","J&T Cargo","Monde Nissin","Shopee Philippines (Monde Nissin Shopee)","15 Jan, 2026","7 hrs ago","15 Jan, 2026 11AM - 8PM"
"1161",="2601153FHGP1QU","CLL3MNE115649458 $","","SPX Express","Monde Nissin","Shopee Philippines (Monde Nissin Shopee)","15 Jan, 2026","7 hrs ago","15 Jan, 2026 11AM - 8PM"
"1162",="2601153FD7A4K0","CLL3MNE115649464 $","","SPX Express","Monde Nissin","Shopee Philippines (Monde Nissin Shopee)","15 Jan, 2026","7 hrs ago","15 Jan, 2026 11AM - 8PM"
"1163",="1064927683900052","CLL3ARA115649465","","LEX PH","ARLA PH","Lazada Philippines (Arla Lazada)","15 Jan, 2026","7 hrs ago","16 Jan, 2026 11AM - 8PM"
"1164",="2601153FM5GNA8","CLL3MNE115649478","","SPX Express","Monde Nissin","Shopee Philippines (Monde Nissin Shopee)","15 Jan, 2026","7 hrs ago","15 Jan, 2026 11AM - 8PM"
"1165",="2601153FRA44H4","CLL3MNE115649480 $","","SPX Express","Monde Nissin","Shopee Philippines (Monde Nissin Shopee)","15 Jan, 2026","7 hrs ago","15 Jan, 2026 11AM - 8PM"
"1166",="2601153FPJR308","CLL3MNE115649481","","SPX Express","Monde Nissin","Shopee Philippines (Monde Nissin Shopee)","15 Jan, 2026","7 hrs ago","15 Jan, 2026 11AM - 8PM"
"1167",="2601153FY7AKCN","CLL3MNE115649483","","J&T","Monde Nissin","Shopee Philippines (Monde Nissin Shopee)","15 Jan, 2026","7 hrs ago","15 Jan, 2026 11AM - 8PM"
"1168",="2601153FRGRDVQ","CLL3MNE115649482","","J&T Cargo","Monde Nissin","Shopee Philippines (Monde Nissin Shopee)","15 Jan, 2026","7 hrs ago","15 Jan, 2026 11AM - 8PM"
"1169",="2601153FRFUUN1","CLL3MNE115649485","","J&T Cargo","Monde Nissin","Shopee Philippines (Monde Nissin Shopee)","15 Jan, 2026","7 hrs ago","15 Jan, 2026 11AM - 8PM"
"1170",="2601153FPY5V2S","CLL3MNE115649486","","SPX Express","Monde Nissin","Shopee Philippines (Monde Nissin Shopee)","15 Jan, 2026","7 hrs ago","15 Jan, 2026 11AM - 8PM"
"1171",="2601153FVS3S2F","CLL3MNE115649487","","J&T Cargo","Monde Nissin","Shopee Philippines (Monde Nissin Shopee)","15 Jan, 2026","7 hrs ago","15 Jan, 2026 11AM - 8PM"
"1172",="2601153FTFQSE5","CLL3MNE115649488","","J&T Cargo","Monde Nissin","Shopee Philippines (Monde Nissin Shopee)","15 Jan, 2026","7 hrs ago","15 Jan, 2026 11AM - 8PM"
"1173",="2601153G004NGW","CLL3MNE115649489","","J&T Cargo","Monde Nissin","Shopee Philippines (Monde Nissin Shopee)","15 Jan, 2026","7 hrs ago","15 Jan, 2026 11AM - 8PM"
"1174",="1064927494277025","CLL3MNE115649494","","LEX","Monde Nissin","Lazada Philippines (Monde Nissin Lazada)","15 Jan, 2026","7 hrs ago","16 Jan, 2026 11AM - 8PM"
"1175",="1064927093388587","CLL3MNE115649496 $","","LEX PH","Monde Nissin","Lazada Philippines (Monde Nissin Lazada)","15 Jan, 2026","7 hrs ago","16 Jan, 2026 11AM - 8PM"
"1176",="2601153GATBB58","CLL3MNE115649497","","SPX Express","Monde Nissin","Shopee Philippines (Monde Nissin Shopee)","15 Jan, 2026","7 hrs ago","15 Jan, 2026 11AM - 8PM"
"1177",="2601153G8KQQXC","CLL3MNE115649498","","SPX Express","Monde Nissin","Shopee Philippines (Monde Nissin Shopee)","15 Jan, 2026","7 hrs ago","15 Jan, 2026 11AM - 8PM"
"1178",="2601153FRDX4V2","CLL3MNE115649526","","SPX Express","Monde Nissin","Shopee Philippines (Monde Nissin Shopee)","15 Jan, 2026","7 hrs ago","15 Jan, 2026 11AM - 8PM"
"1179",="2601153FRA3AUM","CLL3MNE115649527 $","","J&T Cargo","Monde Nissin","Shopee Philippines (Monde Nissin Shopee)","15 Jan, 2026","7 hrs ago","15 Jan, 2026 11AM - 8PM"
"1180",="2601153FRFUUN9","CLL3MNE115649531","","SPX Express","Monde Nissin","Shopee Philippines (Monde Nissin Shopee)","15 Jan, 2026","7 hrs ago","15 Jan, 2026 11AM - 8PM"
"1181",="2601153FPJSWHT","CLL3MNE115649534 $","","J&T Cargo","Monde Nissin","Shopee Philippines (Monde Nissin Shopee)","15 Jan, 2026","7 hrs ago","15 Jan, 2026 11AM - 8PM"
"1182",="2601153FVXVDYC","CLL3ARA115649538 $","","SPX Express","ARLA PH","Shopee Philippines (Arla Shopee)","15 Jan, 2026","7 hrs ago","15 Jan, 2026 11AM - 8PM"
"1183",="2601153G750G24","CLL3MNE115649552","","J&T Cargo","Monde Nissin","Shopee Philippines (Monde Nissin Shopee)","15 Jan, 2026","7 hrs ago","15 Jan, 2026 11AM - 8PM"
"1184",="582121742353204798","CLL3ARA115649555","","J&T Express","ARLA PH","Tiktok Philippines (Arla Tiktok)","15 Jan, 2026","7 hrs ago","16 Jan, 2026 11AM - 8PM"
"1185",="2601153FYB6B2S","CLL3MNE115649561 $","","SPX Express","Monde Nissin","Shopee Philippines (Monde Nissin Shopee)","15 Jan, 2026","7 hrs ago","15 Jan, 2026 11AM - 8PM"
"1186",="2601153G365MV6","CLL3MNE115649562","","J&T Cargo","Monde Nissin","Shopee Philippines (Monde Nissin Shopee)","15 Jan, 2026","7 hrs ago","15 Jan, 2026 11AM - 8PM"
"1187",="2601153GH2KB42","CLL3MNE115649564","","SPX Express","Monde Nissin","Shopee Philippines (Monde Nissin Shopee)","15 Jan, 2026","7 hrs ago","15 Jan, 2026 11AM - 8PM"
"1188",="2601153G8JUH9D","CLL3MNE115649574","","SPX Express","Monde Nissin","Shopee Philippines (Monde Nissin Shopee)","15 Jan, 2026","7 hrs ago","15 Jan, 2026 11AM - 8PM"
"1189",="2601153GGQ45D7","CLL3MNE115649577","","J&T Cargo","Monde Nissin","Shopee Philippines (Monde Nissin Shopee)","15 Jan, 2026","7 hrs ago","15 Jan, 2026 11AM - 8PM"
"1190",="1064933683284351","CLL3MNE115649590","","LEX PH","Monde Nissin","Lazada Philippines (Monde Nissin Lazada)","15 Jan, 2026","7 hrs ago","16 Jan, 2026 11AM - 8PM"
"1191",="2601153G0TTNNJ","CLL3MNE115649592 $","","J&T Cargo","Monde Nissin","Shopee Philippines (Monde Nissin Shopee)","15 Jan, 2026","7 hrs ago","15 Jan, 2026 11AM - 8PM"
"1192",="2601153GJAPF0C","CLL3MNE115649598","","SPX Express","Monde Nissin","Shopee Philippines (Monde Nissin Shopee)","15 Jan, 2026","7 hrs ago","15 Jan, 2026 11AM - 8PM"
"1193",="2601153GKFVREW","CLL3MNE115649600","","SPX Express","Monde Nissin","Shopee Philippines (Monde Nissin Shopee)","15 Jan, 2026","7 hrs ago","15 Jan, 2026 11AM - 8PM"
"1194",="2601153G2BGBG0","CLL3MNE115649602 $","","J&T Cargo","Monde Nissin","Shopee Philippines (Monde Nissin Shopee)","15 Jan, 2026","7 hrs ago","15 Jan, 2026 11AM - 8PM"
"1195",="2601153GK3DBT8","CLL3MNE115649603","","SPX Express","Monde Nissin","Shopee Philippines (Monde Nissin Shopee)","15 Jan, 2026","7 hrs ago","15 Jan, 2026 11AM - 8PM"
"1196",="2601153G7YQSN7","CLL3MNE115649607 $","","SPX Express","Monde Nissin","Shopee Philippines (Monde Nissin Shopee)","15 Jan, 2026","7 hrs ago","15 Jan, 2026 11AM - 8PM"
"1197",="2601153GAKMKQ2","CLL3MNE115649612 $","","J&T","Monde Nissin","Shopee Philippines (Monde Nissin Shopee)","15 Jan, 2026","7 hrs ago","15 Jan, 2026 11AM - 8PM"
"1198",="2601153G7FHKJB","CLL3MNE115649613 $","","SPX Express","Monde Nissin","Shopee Philippines (Monde Nissin Shopee)","15 Jan, 2026","7 hrs ago","15 Jan, 2026 11AM - 8PM"
"1199",="2601153GCAYSD6","CLL3MNE115649623 $","","SPX Express","Monde Nissin","Shopee Philippines (Monde Nissin Shopee)","15 Jan, 2026","7 hrs ago","15 Jan, 2026 11AM - 8PM"
"1200",="2601153GET5J4B","CLL3MNE115649627 $","","J&T Cargo","Monde Nissin","Shopee Philippines (Monde Nissin Shopee)","15 Jan, 2026","7 hrs ago","15 Jan, 2026 11AM - 8PM"
"1201",="2601153GAB2CFE","CLL3MNE115649644 $","","SPX Express","Monde Nissin","Shopee Philippines (Monde Nissin Shopee)","15 Jan, 2026","6 hrs ago","15 Jan, 2026 11AM - 8PM"
"1202",="2601153GNYYX8S","CLL3MNE115649696 $","","SPX Express","Monde Nissin","Shopee Philippines (Monde Nissin Shopee)","15 Jan, 2026","6 hrs ago","15 Jan, 2026 11AM - 8PM"
"1203",="2601153GQT4H9U","CLL3MNE115649698 $","","J&T Cargo","Monde Nissin","Shopee Philippines (Monde Nissin Shopee)","15 Jan, 2026","6 hrs ago","15 Jan, 2026 11AM - 8PM"
"1204",="2601153GRKUSK8","CLL3MNE115649699","","SPX Express","Monde Nissin","Shopee Philippines (Monde Nissin Shopee)","15 Jan, 2026","6 hrs ago","15 Jan, 2026 11AM - 8PM"
"1205",="2601153GSWVCE8","CLL3MNE115649700 $","","J&T Cargo","Monde Nissin","Shopee Philippines (Monde Nissin Shopee)","15 Jan, 2026","6 hrs ago","15 Jan, 2026 11AM - 8PM"
"1206",="2601153GV2F5UH","CLL3MNE115649702","","SPX Express","Monde Nissin","Shopee Philippines (Monde Nissin Shopee)","15 Jan, 2026","6 hrs ago","15 Jan, 2026 11AM - 8PM"
"1207",="2601153GW1XGCG","CLL3MNE115649703","","J&T Cargo","Monde Nissin","Shopee Philippines (Monde Nissin Shopee)","15 Jan, 2026","6 hrs ago","15 Jan, 2026 11AM - 8PM"
"1208",="2601153GSXT74S","CLL3MNE115649705","","SPX Express","Monde Nissin","Shopee Philippines (Monde Nissin Shopee)","15 Jan, 2026","6 hrs ago","15 Jan, 2026 11AM - 8PM"
"1209",="2601153GUDG119","CLL3MNE115649704 $","","SPX Express","Monde Nissin","Shopee Philippines (Monde Nissin Shopee)","15 Jan, 2026","6 hrs ago","15 Jan, 2026 11AM - 8PM"
"1210",="2601153GQ72HP2","CLL3MNE115649701","","SPX Express","Monde Nissin","Shopee Philippines (Monde Nissin Shopee)","15 Jan, 2026","6 hrs ago","15 Jan, 2026 11AM - 8PM"
"1211",="2601153GXMGE6D","CLL3MNE115649706 $","","SPX Express","Monde Nissin","Shopee Philippines (Monde Nissin Shopee)","15 Jan, 2026","6 hrs ago","15 Jan, 2026 11AM - 8PM"
"1212",="2601153GYF6X85","CLL3MNE115649707","","SPX Express","Monde Nissin","Shopee Philippines (Monde Nissin Shopee)","15 Jan, 2026","6 hrs ago","15 Jan, 2026 11AM - 8PM"
"1213",="2601153H2XTB4V","CLL3MNE115649708 $","","SPX Express","Monde Nissin","Shopee Philippines (Monde Nissin Shopee)","15 Jan, 2026","6 hrs ago","15 Jan, 2026 11AM - 8PM"
"1214",="2601153H9V1HMX","CLL3MNE115649710","","J&T","Monde Nissin","Shopee Philippines (Monde Nissin Shopee)","15 Jan, 2026","6 hrs ago","15 Jan, 2026 11AM - 8PM"
"1215",="2601153HP33UJF","CLL3MNE115649712","","J&T","Monde Nissin","Shopee Philippines (Monde Nissin Shopee)","15 Jan, 2026","6 hrs ago","15 Jan, 2026 11AM - 8PM"
"1216",="2601153H09Y1DF","CLL3MNE115649711","","J&T Cargo","Monde Nissin","Shopee Philippines (Monde Nissin Shopee)","15 Jan, 2026","6 hrs ago","15 Jan, 2026 11AM - 8PM"
"1217",="2601153GV1HV1E","CLL3MNE115649709 $","","J&T Cargo","Monde Nissin","Shopee Philippines (Monde Nissin Shopee)","15 Jan, 2026","6 hrs ago","15 Jan, 2026 11AM - 8PM"
"1218",="2601153GS26UKM","CLL3MNE115649714 $","","SPX Express","Monde Nissin","Shopee Philippines (Monde Nissin Shopee)","15 Jan, 2026","6 hrs ago","15 Jan, 2026 11AM - 8PM"
"1219",="582121790414947858","CLL3ARA115649766 $","","J&T Express","ARLA PH","Tiktok Philippines (Arla Tiktok)","15 Jan, 2026","6 hrs ago","16 Jan, 2026 11AM - 8PM"
"1220",="2601153HKTJCF4","CLL3ARA115649769","","SPX Express","ARLA PH","Shopee Philippines (Arla Shopee)","15 Jan, 2026","6 hrs ago","15 Jan, 2026 11AM - 8PM"
"1221",="2601153HCMQ3K3","CLL3MNE115649775","","SPX Express","Monde Nissin","Shopee Philippines (Monde Nissin Shopee)","15 Jan, 2026","6 hrs ago","15 Jan, 2026 11AM - 8PM"
"1222",="2601153HQFVHAB","CLL3MNE115649776","","J&T Cargo","Monde Nissin","Shopee Philippines (Monde Nissin Shopee)","15 Jan, 2026","6 hrs ago","15 Jan, 2026 11AM - 8PM"
"1223",="2601153HQGT2R6","CLL3MNE115649777","","J&T Cargo","Monde Nissin","Shopee Philippines (Monde Nissin Shopee)","15 Jan, 2026","6 hrs ago","15 Jan, 2026 11AM - 8PM"
"1224",="582121821662447557","CLL3MNE115649780","","J&T Express","Monde Nissin","Tiktok Philippines (Monde Nissin Tiktok)","15 Jan, 2026","6 hrs ago","16 Jan, 2026 11AM - 8PM"
"1225",="2601153GV4CWR8","CLL3MNE115649778","","J&T Cargo","Monde Nissin","Shopee Philippines (Monde Nissin Shopee)","15 Jan, 2026","6 hrs ago","15 Jan, 2026 11AM - 8PM"
"1226",="2601153HXWCEQ2","CLL3MNE115649843","","J&T Cargo","Monde Nissin","Shopee Philippines (Monde Nissin Shopee)","15 Jan, 2026","6 hrs ago","15 Jan, 2026 11AM - 8PM"
"1227",="2601153HYP553H","CLL3MNE115649844","","J&T","Monde Nissin","Shopee Philippines (Monde Nissin Shopee)","15 Jan, 2026","6 hrs ago","15 Jan, 2026 11AM - 8PM"
"1228",="2601153HCWBAC0","CLL3ARA115649851 $","","SPX Express","ARLA PH","Shopee Philippines (Arla Shopee)","15 Jan, 2026","6 hrs ago","15 Jan, 2026 11AM - 8PM"
"1229",="2601153HSRBASF","CLL3MNE115649856","","SPX Express","Monde Nissin","Shopee Philippines (Monde Nissin Shopee)","15 Jan, 2026","6 hrs ago","15 Jan, 2026 11AM - 8PM"
"1230",="2601153H6111AB","CLL3MNE115649867 $","","SPX Express","Monde Nissin","Shopee Philippines (Monde Nissin Shopee)","15 Jan, 2026","6 hrs ago","15 Jan, 2026 11AM - 8PM"
"1231",="2601153HSB1JPD","CLL3MNE115649869","","SPX Express","Monde Nissin","Shopee Philippines (Monde Nissin Shopee)","15 Jan, 2026","6 hrs ago","15 Jan, 2026 11AM - 8PM"
"1232",="2601153J644UNN","CLL3MNE115649876","","SPX Express","Monde Nissin","Shopee Philippines (Monde Nissin Shopee)","15 Jan, 2026","6 hrs ago","15 Jan, 2026 11AM - 8PM"
"1233",="2601153J71NJQU","CLL3MNE115649878","","J&T","Monde Nissin","Shopee Philippines (Monde Nissin Shopee)","15 Jan, 2026","6 hrs ago","15 Jan, 2026 11AM - 8PM"
"1234",="1073299328129980","CLL3MNE115649891","","LEX","Monde Nissin","Lazada Philippines (Monde Nissin Lazada)","15 Jan, 2026","6 hrs ago","16 Jan, 2026 11AM - 8PM"
"1235",="1073298734448791","CLL3MNE115649892 $","","LEX PH","Monde Nissin","Lazada Philippines (Monde Nissin Lazada)","15 Jan, 2026","6 hrs ago","16 Jan, 2026 11AM - 8PM"
"1236",="1073299524404666","CLL3MNE115649893","","LEX","Monde Nissin","Lazada Philippines (Monde Nissin Lazada)","15 Jan, 2026","6 hrs ago","16 Jan, 2026 11AM - 8PM"
"1237",="1073296923778137","CLL3ARA115649900","","LEX PH","ARLA PH","Lazada Philippines (Arla Lazada)","15 Jan, 2026","6 hrs ago","16 Jan, 2026 11AM - 8PM"
"1238",="2601153H8QUKFT","CLL3ARA115649902","","J&T Cargo","ARLA PH","Shopee Philippines (Arla Shopee)","15 Jan, 2026","6 hrs ago","15 Jan, 2026 11AM - 8PM"
"1239",="2601153HTKYX5W","CLL3MNE115649905 $","","J&T Cargo","Monde Nissin","Shopee Philippines (Monde Nissin Shopee)","15 Jan, 2026","6 hrs ago","15 Jan, 2026 11AM - 8PM"
"1240",="582121814651864347","CLL3ARA115649907","","J&T Express","ARLA PH","Tiktok Philippines (Arla Tiktok)","15 Jan, 2026","6 hrs ago","16 Jan, 2026 11AM - 8PM"
"1241",="2601153HTDAU7C","CLL3MNE115649908 $","","SPX Express","Monde Nissin","Shopee Philippines (Monde Nissin Shopee)","15 Jan, 2026","6 hrs ago","15 Jan, 2026 11AM - 8PM"
"1242",="2601153J8KB7N8","CLL3MNE115649914","","J&T Cargo","Monde Nissin","Shopee Philippines (Monde Nissin Shopee)","15 Jan, 2026","6 hrs ago","15 Jan, 2026 11AM - 8PM"
"1243",="2601153HSSAWXG","CLL3MNE115649921 $","","SPX Express","Monde Nissin","Shopee Philippines (Monde Nissin Shopee)","15 Jan, 2026","6 hrs ago","15 Jan, 2026 11AM - 8PM"
"1244",="2601153HSGQ2N6","CLL3MNE115649926 $","","J&T Cargo","Monde Nissin","Shopee Philippines (Monde Nissin Shopee)","15 Jan, 2026","6 hrs ago","15 Jan, 2026 11AM - 8PM"
"1245",="582121830683936330","CLL3ARA115649933 $","","J&T Express","ARLA PH","Tiktok Philippines (Arla Tiktok)","15 Jan, 2026","6 hrs ago","16 Jan, 2026 11AM - 8PM"
"1246",="2601153JH50Y8H","CLL3MNE115649943","","SPX Express","Monde Nissin","Shopee Philippines (Monde Nissin Shopee)","15 Jan, 2026","6 hrs ago","15 Jan, 2026 11AM - 8PM"
"1247",="2601153HWQ5EV7","CLL3MNE115649953 $","","SPX Express","Monde Nissin","Shopee Philippines (Monde Nissin Shopee)","15 Jan, 2026","6 hrs ago","15 Jan, 2026 11AM - 8PM"
"1248",="2601153HWYTNVU","CLL3MNE115649958 $","","SPX Express","Monde Nissin","Shopee Philippines (Monde Nissin Shopee)","15 Jan, 2026","6 hrs ago","15 Jan, 2026 11AM - 8PM"
"1249",="2601153HX2NMG2","CLL3MNE115649961 $","","SPX Express","Monde Nissin","Shopee Philippines (Monde Nissin Shopee)","15 Jan, 2026","6 hrs ago","15 Jan, 2026 11AM - 8PM"
"1250",="1073297741611507","CLL3MNE115649962","","LEX PH","Monde Nissin","Lazada Philippines (Monde Nissin Lazada)","15 Jan, 2026","6 hrs ago","16 Jan, 2026 11AM - 8PM"
"1251",="2601153J36QQ2A","CLL3MNE115649984 $","","SPX Express","Monde Nissin","Shopee Philippines (Monde Nissin Shopee)","15 Jan, 2026","6 hrs ago","15 Jan, 2026 11AM - 8PM"
"1252",="2601153J6GH514","CLL3MNE115649986 $","","SPX Express","Monde Nissin","Shopee Philippines (Monde Nissin Shopee)","15 Jan, 2026","6 hrs ago","15 Jan, 2026 11AM - 8PM"
"1253",="2601153JSSJE6P","CLL3ARA115649995","","SPX Express","ARLA PH","Shopee Philippines (Arla Shopee)","15 Jan, 2026","6 hrs ago","15 Jan, 2026 11AM - 8PM"
"1254",="2601153J0EW4W5","CLL3MNE115649999 $","","J&T Cargo","Monde Nissin","Shopee Philippines (Monde Nissin Shopee)","15 Jan, 2026","6 hrs ago","15 Jan, 2026 11AM - 8PM"
"1255",="2601153JQVJF1V","CLL3MNE115650002","","SPX Express","Monde Nissin","Shopee Philippines (Monde Nissin Shopee)","15 Jan, 2026","6 hrs ago","15 Jan, 2026 11AM - 8PM"
"1256",="2601153JAUQX87","CLL3MNE115650005 $","","J&T Cargo","Monde Nissin","Shopee Philippines (Monde Nissin Shopee)","15 Jan, 2026","6 hrs ago","15 Jan, 2026 11AM - 8PM"
"1257",="2601153JASUWE7","CLL3MNE115650007 $","","SPX Express","Monde Nissin","Shopee Philippines (Monde Nissin Shopee)","15 Jan, 2026","6 hrs ago","15 Jan, 2026 11AM - 8PM"
"1258",="2601153JC0X7WJ","CLL3MNE115650022 $","","SPX Express","Monde Nissin","Shopee Philippines (Monde Nissin Shopee)","15 Jan, 2026","6 hrs ago","15 Jan, 2026 11AM - 8PM"
"1259",="2601153J9QGBRY","CLL3MNE115650026 $","","J&T Cargo","Monde Nissin","Shopee Philippines (Monde Nissin Shopee)","15 Jan, 2026","6 hrs ago","15 Jan, 2026 11AM - 8PM"
"1260",="2601153K19URHX","CLL3ARA115650027","","J&T Cargo","ARLA PH","Shopee Philippines (Arla Shopee)","15 Jan, 2026","6 hrs ago","15 Jan, 2026 11AM - 8PM"
"1261",="2601153J23C9A6","CLL3MNE115650028 $","","SPX Express","Monde Nissin","Shopee Philippines (Monde Nissin Shopee)","15 Jan, 2026","6 hrs ago","15 Jan, 2026 11AM - 8PM"
"1262",="2601153JGVDPN6","CLL3MNE115650030 $","","J&T Cargo","Monde Nissin","Shopee Philippines (Monde Nissin Shopee)","15 Jan, 2026","6 hrs ago","15 Jan, 2026 11AM - 8PM"
"1263",="2601153JYMERQF","CLL3ARA115650034","","J&T Cargo","ARLA PH","Shopee Philippines (Arla Shopee)","15 Jan, 2026","6 hrs ago","15 Jan, 2026 11AM - 8PM"
"1264",="2601153K1XWPD3","CLL3MNE115650037","","J&T Cargo","Monde Nissin","Shopee Philippines (Monde Nissin Shopee)","15 Jan, 2026","6 hrs ago","15 Jan, 2026 11AM - 8PM"
"1265",="2601153K343DUW","CLL3ARA115650040","","J&T Cargo","ARLA PH","Shopee Philippines (Arla Shopee)","15 Jan, 2026","6 hrs ago","15 Jan, 2026 11AM - 8PM"
"1266",="2601153JT7UMA5","CLL3MNE115650041","","SPX Express","Monde Nissin","Shopee Philippines (Monde Nissin Shopee)","15 Jan, 2026","6 hrs ago","15 Jan, 2026 11AM - 8PM"
"1267",="2601153JWW6X60","CLL3MNE115650049","","SPX Express","Monde Nissin","Shopee Philippines (Monde Nissin Shopee)","15 Jan, 2026","6 hrs ago","15 Jan, 2026 11AM - 8PM"
"1268",="2601153JV3XB1J","CLL3ARA115650052","","J&T Cargo","ARLA PH","Shopee Philippines (Arla Shopee)","15 Jan, 2026","6 hrs ago","15 Jan, 2026 11AM - 8PM"
"1269",="2601153JFGJVSE","CLL3MNE115650054 $","","SPX Express","Monde Nissin","Shopee Philippines (Monde Nissin Shopee)","15 Jan, 2026","6 hrs ago","15 Jan, 2026 11AM - 8PM"
"1270",="2601153JPKH1WW","CLL3MNE115650061 $","","J&T","Monde Nissin","Shopee Philippines (Monde Nissin Shopee)","15 Jan, 2026","6 hrs ago","15 Jan, 2026 11AM - 8PM"
"1271",="2601153JEWG6SU","CLL3MNE115650066 $","","SPX Express","Monde Nissin","Shopee Philippines (Monde Nissin Shopee)","15 Jan, 2026","6 hrs ago","15 Jan, 2026 11AM - 8PM"
"1272",="2601153JQBBE11","CLL3MNE115650067 $","","J&T","Monde Nissin","Shopee Philippines (Monde Nissin Shopee)","15 Jan, 2026","6 hrs ago","15 Jan, 2026 11AM - 8PM"
"1273",="2601153JM84QM4","CLL3MNE115650071 $","","J&T Cargo","Monde Nissin","Shopee Philippines (Monde Nissin Shopee)","15 Jan, 2026","6 hrs ago","15 Jan, 2026 11AM - 8PM"
"1274",="2601153JAURG0S","CLL3MNE115650074 $","","SPX Express","Monde Nissin","Shopee Philippines (Monde Nissin Shopee)","15 Jan, 2026","6 hrs ago","15 Jan, 2026 11AM - 8PM"
"1275",="2601153JVVS5FC","CLL3MNE115650085 $","","J&T Cargo","Monde Nissin","Shopee Philippines (Monde Nissin Shopee)","15 Jan, 2026","6 hrs ago","15 Jan, 2026 11AM - 8PM"
"1276",="2601153JSHXTH4","CLL3MNE115650089 $","","J&T Cargo","Monde Nissin","Shopee Philippines (Monde Nissin Shopee)","15 Jan, 2026","6 hrs ago","15 Jan, 2026 11AM - 8PM"
"1277",="2601153K1P9KJU","CLL3MNE115650090 $","","SPX Express","Monde Nissin","Shopee Philippines (Monde Nissin Shopee)","15 Jan, 2026","6 hrs ago","15 Jan, 2026 11AM - 8PM"
"1278",="2601153K2MSERD","CLL3MNE115650092 $","","J&T Cargo","Monde Nissin","Shopee Philippines (Monde Nissin Shopee)","15 Jan, 2026","6 hrs ago","15 Jan, 2026 11AM - 8PM"
"1279",="2601153K07GTXC","CLL3MNE115650093 $","","J&T Cargo","Monde Nissin","Shopee Philippines (Monde Nissin Shopee)","15 Jan, 2026","6 hrs ago","15 Jan, 2026 11AM - 8PM"
"1280",="2601153JXQUV8U","CLL3MNE115650096 $","","SPX Express","Monde Nissin","Shopee Philippines (Monde Nissin Shopee)","15 Jan, 2026","6 hrs ago","15 Jan, 2026 11AM - 8PM"
"1281",="2601153JHQ4XC5","CLL3MNE115650112","","SPX Express","Monde Nissin","Shopee Philippines (Monde Nissin Shopee)","15 Jan, 2026","6 hrs ago","15 Jan, 2026 11AM - 8PM"
"1282",="26011419FPF75M","CLL3ARA115650152","","SPX Express","ARLA PH","Shopee Philippines (Arla Shopee)","15 Jan, 2026","6 hrs ago","15 Jan, 2026 11AM - 8PM"
"1283",="2601153MF6KAPJ","CLL3ARA115650169","","J&T Cargo","ARLA PH","Shopee Philippines (Arla Shopee)","15 Jan, 2026","6 hrs ago","15 Jan, 2026 11AM - 8PM"
"1284",="1064942829220889","CLL3ARA115650168","","LEX PH","ARLA PH","Lazada Philippines (Arla Lazada)","15 Jan, 2026","6 hrs ago","16 Jan, 2026 11AM - 8PM"
"1285",="2601153KMBA63N","CLL3ARA115650171 $","","SPX Express","ARLA PH","Shopee Philippines (Arla Shopee)","15 Jan, 2026","6 hrs ago","15 Jan, 2026 11AM - 8PM"
"1286",="2601153KJ6MEMJ","CLL3ARA115650170 $","","SPX Express","ARLA PH","Shopee Philippines (Arla Shopee)","15 Jan, 2026","6 hrs ago","15 Jan, 2026 11AM - 8PM"
"1287",="2601153KGPWP1J","CLL3ARA115650172","","SPX Express","ARLA PH","Shopee Philippines (Arla Shopee)","15 Jan, 2026","6 hrs ago","15 Jan, 2026 11AM - 8PM"
"1288",="2601153KH49YFV","CLL3ARA115650173 $","","SPX Express","ARLA PH","Shopee Philippines (Arla Shopee)","15 Jan, 2026","6 hrs ago","15 Jan, 2026 11AM - 8PM"
"1289",="2601153KRQG2DF","CLL3ARA115650174 $","","SPX Express","ARLA PH","Shopee Philippines (Arla Shopee)","15 Jan, 2026","6 hrs ago","15 Jan, 2026 11AM - 8PM"
"1290",="2601153K875XNP","CLL3MNE115650185","","SPX Express","Monde Nissin","Shopee Philippines (Monde Nissin Shopee)","15 Jan, 2026","6 hrs ago","15 Jan, 2026 11AM - 8PM"
"1291",="2601153KEAMDYY","CLL3MNE115650186 $","","SPX Express","Monde Nissin","Shopee Philippines (Monde Nissin Shopee)","15 Jan, 2026","6 hrs ago","15 Jan, 2026 11AM - 8PM"
"1292",="2601153K5UTRK0","CLL3MNE115650187 $","","J&T Cargo","Monde Nissin","Shopee Philippines (Monde Nissin Shopee)","15 Jan, 2026","6 hrs ago","15 Jan, 2026 11AM - 8PM"
"1293",="1073297991576365","CLL3MNE115650189 $","","LEX PH","Monde Nissin","Lazada Philippines (Monde Nissin Lazada)","15 Jan, 2026","6 hrs ago","16 Jan, 2026 11AM - 8PM"
"1294",="2601153KHDUNW9","CLL3MNE115650188","","SPX Express","Monde Nissin","Shopee Philippines (Monde Nissin Shopee)","15 Jan, 2026","6 hrs ago","15 Jan, 2026 11AM - 8PM"
"1295",="2601153KH2CJH0","CLL3MNE115650194 $","","J&T Cargo","Monde Nissin","Shopee Philippines (Monde Nissin Shopee)","15 Jan, 2026","6 hrs ago","15 Jan, 2026 11AM - 8PM"
"1296",="2601153KCR3A5A","CLL3MNE115650195","","SPX Express","Monde Nissin","Shopee Philippines (Monde Nissin Shopee)","15 Jan, 2026","6 hrs ago","15 Jan, 2026 11AM - 8PM"
"1297",="2601153KBMURQF","CLL3MNE115650191","","SPX Express","Monde Nissin","Shopee Philippines (Monde Nissin Shopee)","15 Jan, 2026","6 hrs ago","15 Jan, 2026 11AM - 8PM"
"1298",="2601153KJ5MEP7","CLL3MNE115650193","","SPX Express","Monde Nissin","Shopee Philippines (Monde Nissin Shopee)","15 Jan, 2026","6 hrs ago","15 Jan, 2026 11AM - 8PM"
"1299",="1064938079884327","CLL3MNE115650198","","LEX PH","Monde Nissin","Lazada Philippines (Monde Nissin Lazada)","15 Jan, 2026","6 hrs ago","16 Jan, 2026 11AM - 8PM"
"1300",="2601153KE41061","CLL3MNE115650199 $","","SPX Express","Monde Nissin","Shopee Philippines (Monde Nissin Shopee)","15 Jan, 2026","6 hrs ago","15 Jan, 2026 11AM - 8PM"
"1301",="2601153K9QRD2G","CLL3MNE115650196 $","","SPX Express","Monde Nissin","Shopee Philippines (Monde Nissin Shopee)","15 Jan, 2026","6 hrs ago","15 Jan, 2026 11AM - 8PM"
"1302",="1064939850504666","CLL3MNE115650204 $","","LEX","Monde Nissin","Lazada Philippines (Monde Nissin Lazada)","15 Jan, 2026","6 hrs ago","16 Jan, 2026 11AM - 8PM"
"1303",="2601153KEK7A19","CLL3MNE115650203","","SPX Express","Monde Nissin","Shopee Philippines (Monde Nissin Shopee)","15 Jan, 2026","6 hrs ago","15 Jan, 2026 11AM - 8PM"
"1304",="2601153KJM0B88","CLL3MNE115650207 $","","SPX Express","Monde Nissin","Shopee Philippines (Monde Nissin Shopee)","15 Jan, 2026","6 hrs ago","15 Jan, 2026 11AM - 8PM"
"1305",="2601153M3B129K","CLL3MNE115650206","","J&T Cargo","Monde Nissin","Shopee Philippines (Monde Nissin Shopee)","15 Jan, 2026","6 hrs ago","15 Jan, 2026 11AM - 8PM"
"1306",="2601153KR0JURT","CLL3MNE115650254 $","","SPX Express","Monde Nissin","Shopee Philippines (Monde Nissin Shopee)","15 Jan, 2026","5 hrs ago","15 Jan, 2026 11AM - 8PM"
"1307",="2601153KYEYG38","CLL3MNE115650255 $","","J&T Cargo","Monde Nissin","Shopee Philippines (Monde Nissin Shopee)","15 Jan, 2026","5 hrs ago","15 Jan, 2026 11AM - 8PM"
"1308",="2601153KPB7FV3","CLL3ARA115650258 $","","SPX Express","ARLA PH","Shopee Philippines (Arla Shopee)","15 Jan, 2026","5 hrs ago","15 Jan, 2026 11AM - 8PM"
"1309",="2601153M3MG8DF","CLL3MNE115650264 $","","SPX Express","Monde Nissin","Shopee Philippines (Monde Nissin Shopee)","15 Jan, 2026","5 hrs ago","15 Jan, 2026 11AM - 8PM"
"1310",="2601153K6T9XTR","CLL3MNE115650268","","SPX Express","Monde Nissin","Shopee Philippines (Monde Nissin Shopee)","15 Jan, 2026","5 hrs ago","15 Jan, 2026 11AM - 8PM"
"1311",="2601153KNJCCGE","CLL3ARA115650288","","SPX Express","ARLA PH","Shopee Philippines (Arla Shopee)","15 Jan, 2026","5 hrs ago","15 Jan, 2026 11AM - 8PM"
"1312",="2601153MARFDQA","CLL3ARA115650289","","SPX Express","ARLA PH","Shopee Philippines (Arla Shopee)","15 Jan, 2026","5 hrs ago","15 Jan, 2026 11AM - 8PM"
"1313",="582121939239012230","CLL3ARA115650290 $","","J&T Express","ARLA PH","Tiktok Philippines (Arla Tiktok)","15 Jan, 2026","5 hrs ago","16 Jan, 2026 11AM - 8PM"
"1314",="2601153MFKV63J","CLL3ARA115650292","","SPX Express","ARLA PH","Shopee Philippines (Arla Shopee)","15 Jan, 2026","5 hrs ago","15 Jan, 2026 11AM - 8PM"
"1315",="2601153M5DSBXU","CLL3ARA115650334","","J&T Cargo","ARLA PH","Shopee Philippines (Arla Shopee)","15 Jan, 2026","5 hrs ago","15 Jan, 2026 11AM - 8PM"
"1316",="2601153KPVC62M","CLL3MNE115650366 $","","SPX Express","Monde Nissin","Shopee Philippines (Monde Nissin Shopee)","15 Jan, 2026","5 hrs ago","15 Jan, 2026 11AM - 8PM"
"1317",="2601153KMY954B","CLL3MNE115650365","","J&T","Monde Nissin","Shopee Philippines (Monde Nissin Shopee)","15 Jan, 2026","5 hrs ago","15 Jan, 2026 11AM - 8PM"
"1318",="2601153KKFN725","CLL3MNE115650367","","SPX Express","Monde Nissin","Shopee Philippines (Monde Nissin Shopee)","15 Jan, 2026","5 hrs ago","15 Jan, 2026 11AM - 8PM"
"1319",="2601153KM7GGU8","CLL3MNE115650368","","SPX Express","Monde Nissin","Shopee Philippines (Monde Nissin Shopee)","15 Jan, 2026","5 hrs ago","15 Jan, 2026 11AM - 8PM"
"1320",="2601153KXGGWGH","CLL3MNE115650369","","SPX Express","Monde Nissin","Shopee Philippines (Monde Nissin Shopee)","15 Jan, 2026","5 hrs ago","15 Jan, 2026 11AM - 8PM"
"1321",="1064938690668393","CLL3MNE115650370 $","","LEX","Monde Nissin","Lazada Philippines (Monde Nissin Lazada)","15 Jan, 2026","5 hrs ago","16 Jan, 2026 11AM - 8PM"
"1322",="2601153KSH6RET","CLL3MNE115650371 $","","J&T Cargo","Monde Nissin","Shopee Philippines (Monde Nissin Shopee)","15 Jan, 2026","5 hrs ago","15 Jan, 2026 11AM - 8PM"
"1323",="2601153M4G6E6B","CLL3MNE115650372","","SPX Express","Monde Nissin","Shopee Philippines (Monde Nissin Shopee)","15 Jan, 2026","5 hrs ago","15 Jan, 2026 11AM - 8PM"
"1324",="2601153K7QUDDD","CLL3MNE115650374 $","","SPX Express","Monde Nissin","Shopee Philippines (Monde Nissin Shopee)","15 Jan, 2026","5 hrs ago","15 Jan, 2026 11AM - 8PM"
"1325",="2601153KVFKJJV","CLL3MNE115650375","","SPX Express","Monde Nissin","Shopee Philippines (Monde Nissin Shopee)","15 Jan, 2026","5 hrs ago","15 Jan, 2026 11AM - 8PM"
"1326",="2601153KR3F783","CLL3MNE115650373","","SPX Express","Monde Nissin","Shopee Philippines (Monde Nissin Shopee)","15 Jan, 2026","5 hrs ago","15 Jan, 2026 11AM - 8PM"
"1327",="1064939694232407","CLL3MNE115650376","","LEX PH","Monde Nissin","Lazada Philippines (Monde Nissin Lazada)","15 Jan, 2026","5 hrs ago","16 Jan, 2026 11AM - 8PM"
"1328",="2601153KWNSMJF","CLL3MNE115650378","","SPX Express","Monde Nissin","Shopee Philippines (Monde Nissin Shopee)","15 Jan, 2026","5 hrs ago","15 Jan, 2026 11AM - 8PM"
"1329",="2601153M7ASAUR","CLL3MNE115650380","","SPX Express","Monde Nissin","Shopee Philippines (Monde Nissin Shopee)","15 Jan, 2026","5 hrs ago","15 Jan, 2026 11AM - 8PM"
"1330",="2601153M7KBH5E","CLL3MNE115650381","","J&T Cargo","Monde Nissin","Shopee Philippines (Monde Nissin Shopee)","15 Jan, 2026","5 hrs ago","15 Jan, 2026 11AM - 8PM"
"1331",="1064940895740823","CLL3MNE115650383 $","","LEX","Monde Nissin","Lazada Philippines (Monde Nissin Lazada)","15 Jan, 2026","5 hrs ago","16 Jan, 2026 11AM - 8PM"
"1332",="2601153M8MPXWT","CLL3MNE115650384 $","","SPX Express","Monde Nissin","Shopee Philippines (Monde Nissin Shopee)","15 Jan, 2026","5 hrs ago","15 Jan, 2026 11AM - 8PM"
"1333",="2601153MQAWDBC","CLL3ARA115650410","","J&T Cargo","ARLA PH","Shopee Philippines (Arla Shopee)","15 Jan, 2026","5 hrs ago","15 Jan, 2026 11AM - 8PM"
"1334",="2601153M5NCD2C","CLL3MNE115650420 $","","SPX Express","Monde Nissin","Shopee Philippines (Monde Nissin Shopee)","15 Jan, 2026","5 hrs ago","15 Jan, 2026 11AM - 8PM"
"1335",="2601153MTF0R4B","CLL3MNE115650423","","SPX Express","Monde Nissin","Shopee Philippines (Monde Nissin Shopee)","15 Jan, 2026","5 hrs ago","15 Jan, 2026 11AM - 8PM"
"1336",="2601153M3FSGJF","CLL3MNE115650424 $","","SPX Express","Monde Nissin","Shopee Philippines (Monde Nissin Shopee)","15 Jan, 2026","5 hrs ago","15 Jan, 2026 11AM - 8PM"
"1337",="2601153MD1WQ8B","CLL3MNE115650432 $","","J&T Cargo","Monde Nissin","Shopee Philippines (Monde Nissin Shopee)","15 Jan, 2026","5 hrs ago","15 Jan, 2026 11AM - 8PM"
"1338",="2601153MEPAH67","CLL3MNE115650436 $","","SPX Express","Monde Nissin","Shopee Philippines (Monde Nissin Shopee)","15 Jan, 2026","5 hrs ago","15 Jan, 2026 11AM - 8PM"
"1339",="2601153M6RPARN","CLL3MNE115650450 $","","SPX Express","Monde Nissin","Shopee Philippines (Monde Nissin Shopee)","15 Jan, 2026","5 hrs ago","15 Jan, 2026 11AM - 8PM"
"1340",="2601153MM7R2RM","CLL3MNE115650454 $","","SPX Express","Monde Nissin","Shopee Philippines (Monde Nissin Shopee)","15 Jan, 2026","5 hrs ago","15 Jan, 2026 11AM - 8PM"
"1341",="2601153MG18868","CLL3MNE115650459 $","","SPX Express","Monde Nissin","Shopee Philippines (Monde Nissin Shopee)","15 Jan, 2026","5 hrs ago","15 Jan, 2026 11AM - 8PM"
"1342",="2601153MHY7YWU","CLL3MNE115650463 $","","SPX Express","Monde Nissin","Shopee Philippines (Monde Nissin Shopee)","15 Jan, 2026","5 hrs ago","15 Jan, 2026 11AM - 8PM"
"1343",="2601153MHUEN6H","CLL3MNE115650464 $","","SPX Express","Monde Nissin","Shopee Philippines (Monde Nissin Shopee)","15 Jan, 2026","5 hrs ago","15 Jan, 2026 11AM - 8PM"
"1344",="2601153MRRPVNK","CLL3MNE115650473 $","","J&T Cargo","Monde Nissin","Shopee Philippines (Monde Nissin Shopee)","15 Jan, 2026","5 hrs ago","15 Jan, 2026 11AM - 8PM"
"1345",="2601153MPJ4RYV","CLL3MNE115650477 $","","SPX Express","Monde Nissin","Shopee Philippines (Monde Nissin Shopee)","15 Jan, 2026","5 hrs ago","15 Jan, 2026 11AM - 8PM"
"1346",="2601153MPM1649","CLL3MNE115650478 $","","SPX Express","Monde Nissin","Shopee Philippines (Monde Nissin Shopee)","15 Jan, 2026","5 hrs ago","15 Jan, 2026 11AM - 8PM"
"1347",="2601153MT2P3FC","CLL3MNE115650481 $","","SPX Express","Monde Nissin","Shopee Philippines (Monde Nissin Shopee)","15 Jan, 2026","5 hrs ago","15 Jan, 2026 11AM - 8PM"
"1348",="2601153MP0WA8V","CLL3MNE115650482 $","","SPX Express","Monde Nissin","Shopee Philippines (Monde Nissin Shopee)","15 Jan, 2026","5 hrs ago","15 Jan, 2026 11AM - 8PM"
"1349",="2601153MSXT6U4","CLL3MNE115650483 $","","J&T Cargo","Monde Nissin","Shopee Philippines (Monde Nissin Shopee)","15 Jan, 2026","5 hrs ago","15 Jan, 2026 11AM - 8PM"
"1350",="2601153MQ9YK18","CLL3MNE115650484 $","","SPX Express","Monde Nissin","Shopee Philippines (Monde Nissin Shopee)","15 Jan, 2026","5 hrs ago","15 Jan, 2026 11AM - 8PM"
"1351",="2601153MWDDU7F","CLL3MNE115650485 $","","SPX Express","Monde Nissin","Shopee Philippines (Monde Nissin Shopee)","15 Jan, 2026","5 hrs ago","15 Jan, 2026 11AM - 8PM"
"1352",="2601153MWH9GBC","CLL3MNE115650492 $","","SPX Express","Monde Nissin","Shopee Philippines (Monde Nissin Shopee)","15 Jan, 2026","5 hrs ago","15 Jan, 2026 11AM - 8PM"
"1353",="2601153N8J3A54","CLL3ARA115650688","","SPX Express","ARLA PH","Shopee Philippines (Arla Shopee)","15 Jan, 2026","5 hrs ago","15 Jan, 2026 11AM - 8PM"
"1354",="2601153NE0M9PP","CLL3ARA115650689","","SPX Express","ARLA PH","Shopee Philippines (Arla Shopee)","15 Jan, 2026","5 hrs ago","15 Jan, 2026 11AM - 8PM"
"1355",="2601153P17QPYY","CLL3ARA115650691","","SPX Express","ARLA PH","Shopee Philippines (Arla Shopee)","15 Jan, 2026","5 hrs ago","15 Jan, 2026 11AM - 8PM"
"1356",="2601153NYCNX1C","CLL3ARA115650692","","SPX Express","ARLA PH","Shopee Philippines (Arla Shopee)","15 Jan, 2026","5 hrs ago","15 Jan, 2026 11AM - 8PM"
"1357",="2601153NMU1Q51","CLL3ARA115650693","","SPX Express","ARLA PH","Shopee Philippines (Arla Shopee)","15 Jan, 2026","5 hrs ago","15 Jan, 2026 11AM - 8PM"
"1358",="2601153PAUUCU4","CLL3ARA115650715","","J&T Cargo","ARLA PH","Shopee Philippines (Arla Shopee)","15 Jan, 2026","5 hrs ago","15 Jan, 2026 11AM - 8PM"
"1359",="2601153N28X4Y8","CLL3MNE115650717 $","","SPX Express","Monde Nissin","Shopee Philippines (Monde Nissin Shopee)","15 Jan, 2026","5 hrs ago","15 Jan, 2026 11AM - 8PM"
"1360",="2601153N2NB9AP","CLL3MNE115650721 $","","J&T","Monde Nissin","Shopee Philippines (Monde Nissin Shopee)","15 Jan, 2026","5 hrs ago","15 Jan, 2026 11AM - 8PM"
"1361",="2601153N227K9H","CLL3MNE115650722 $","","SPX Express","Monde Nissin","Shopee Philippines (Monde Nissin Shopee)","15 Jan, 2026","5 hrs ago","15 Jan, 2026 11AM - 8PM"
"1362",="2601153N33MNCE","CLL3MNE115650725 $","","J&T","Monde Nissin","Shopee Philippines (Monde Nissin Shopee)","15 Jan, 2026","5 hrs ago","15 Jan, 2026 11AM - 8PM"
"1363",="2601153PPQBF4G","CLL3ARA115650726","","SPX Express","ARLA PH","Shopee Philippines (Arla Shopee)","15 Jan, 2026","5 hrs ago","15 Jan, 2026 11AM - 8PM"
"1364",="2601153N0XW2CV","CLL3MNE115650727 $","","SPX Express","Monde Nissin","Shopee Philippines (Monde Nissin Shopee)","15 Jan, 2026","5 hrs ago","15 Jan, 2026 11AM - 8PM"
"1365",="2601153N1XE08J","CLL3MNE115650728 $","","J&T","Monde Nissin","Shopee Philippines (Monde Nissin Shopee)","15 Jan, 2026","5 hrs ago","15 Jan, 2026 11AM - 8PM"
"1366",="2601153N99YEW7","CLL3MNE115650729","","SPX Express","Monde Nissin","Shopee Philippines (Monde Nissin Shopee)","15 Jan, 2026","5 hrs ago","15 Jan, 2026 11AM - 8PM"
"1367",="1073304907348328","CLL3MNE115650731","","LEX","Monde Nissin","Lazada Philippines (Monde Nissin Lazada)","15 Jan, 2026","5 hrs ago","16 Jan, 2026 11AM - 8PM"
"1368",="2601153MYJ2U2U","CLL3MNE115650730","","J&T Cargo","Monde Nissin","Shopee Philippines (Monde Nissin Shopee)","15 Jan, 2026","5 hrs ago","15 Jan, 2026 11AM - 8PM"
"1369",="2601153N7TA23R","CLL3MNE115650732","","SPX Express","Monde Nissin","Shopee Philippines (Monde Nissin Shopee)","15 Jan, 2026","5 hrs ago","15 Jan, 2026 11AM - 8PM"
"1370",="2601153MWYK2XS","CLL3MNE115650733","","J&T Cargo","Monde Nissin","Shopee Philippines (Monde Nissin Shopee)","15 Jan, 2026","5 hrs ago","15 Jan, 2026 11AM - 8PM"
"1371",="2601153NBGHKW0","CLL3MNE115650734 $","","SPX Express","Monde Nissin","Shopee Philippines (Monde Nissin Shopee)","15 Jan, 2026","5 hrs ago","15 Jan, 2026 11AM - 8PM"
"1372",="2601153NQ7BW4N","CLL3MNE115650740","","SPX Express","Monde Nissin","Shopee Philippines (Monde Nissin Shopee)","15 Jan, 2026","5 hrs ago","15 Jan, 2026 11AM - 8PM"
"1373",="2601153NBV18G6","CLL3MNE115650738","","SPX Express","Monde Nissin","Shopee Philippines (Monde Nissin Shopee)","15 Jan, 2026","5 hrs ago","15 Jan, 2026 11AM - 8PM"
"1374",="2601153N6M48HA","CLL3MNE115650735","","J&T Cargo","Monde Nissin","Shopee Philippines (Monde Nissin Shopee)","15 Jan, 2026","5 hrs ago","15 Jan, 2026 11AM - 8PM"
"1375",="2601153NS0JX9B","CLL3MNE115650741 $","","SPX Express","Monde Nissin","Shopee Philippines (Monde Nissin Shopee)","15 Jan, 2026","5 hrs ago","15 Jan, 2026 11AM - 8PM"
"1376",="2601153NSSCM0T","CLL3MNE115650743 $","","SPX Express","Monde Nissin","Shopee Philippines (Monde Nissin Shopee)","15 Jan, 2026","5 hrs ago","15 Jan, 2026 11AM - 8PM"
"1377",="2601153NYXSUG9","CLL3MNE115650746","","SPX Express","Monde Nissin","Shopee Philippines (Monde Nissin Shopee)","15 Jan, 2026","5 hrs ago","15 Jan, 2026 11AM - 8PM"
"1378",="2601153N8PWCUB","CLL3MNE115650747 $","","J&T Cargo","Monde Nissin","Shopee Philippines (Monde Nissin Shopee)","15 Jan, 2026","5 hrs ago","15 Jan, 2026 11AM - 8PM"
"1379",="2601153P8CPKW9","CLL3MNE115650750","","J&T Cargo","Monde Nissin","Shopee Philippines (Monde Nissin Shopee)","15 Jan, 2026","5 hrs ago","15 Jan, 2026 11AM - 8PM"
"1380",="2601153NXYA8FP","CLL3MNE115650751","","SPX Express","Monde Nissin","Shopee Philippines (Monde Nissin Shopee)","15 Jan, 2026","5 hrs ago","15 Jan, 2026 11AM - 8PM"
"1381",="2601153MPBDU1B","CLL3MNE115650752","","J&T Cargo","Monde Nissin","Shopee Philippines (Monde Nissin Shopee)","15 Jan, 2026","5 hrs ago","15 Jan, 2026 11AM - 8PM"
"1382",="2601153N3Y992W","CLL3MNE115650753 $","","J&T","Monde Nissin","Shopee Philippines (Monde Nissin Shopee)","15 Jan, 2026","5 hrs ago","15 Jan, 2026 11AM - 8PM"
"1383",="2601153NHPVSK7","CLL3MNE115650754 $","","SPX Express","Monde Nissin","Shopee Philippines (Monde Nissin Shopee)","15 Jan, 2026","5 hrs ago","15 Jan, 2026 11AM - 8PM"
"1384",="2601153N69P101","CLL3MNE115650767","","J&T Cargo","Monde Nissin","Shopee Philippines (Monde Nissin Shopee)","15 Jan, 2026","5 hrs ago","15 Jan, 2026 11AM - 8PM"
"1385",="2601153N2CRDJ6","CLL3MNE115650819 $","","SPX Express","Monde Nissin","Shopee Philippines (Monde Nissin Shopee)","15 Jan, 2026","5 hrs ago","15 Jan, 2026 11AM - 8PM"
"1386",="2601153N8PVJ98","CLL3MNE115650820 $","","SPX Express","Monde Nissin","Shopee Philippines (Monde Nissin Shopee)","15 Jan, 2026","5 hrs ago","15 Jan, 2026 11AM - 8PM"
"1387",="2601153NGEV3SK","CLL3MNE115650823 $","","J&T","Monde Nissin","Shopee Philippines (Monde Nissin Shopee)","15 Jan, 2026","5 hrs ago","15 Jan, 2026 11AM - 8PM"
"1388",="2601153NXTJHRF","CLL3MNE115650824 $","","SPX Express","Monde Nissin","Shopee Philippines (Monde Nissin Shopee)","15 Jan, 2026","5 hrs ago","15 Jan, 2026 11AM - 8PM"
"1389",="2601153N9NEU3D","CLL3MNE115650826","","SPX Express","Monde Nissin","Shopee Philippines (Monde Nissin Shopee)","15 Jan, 2026","5 hrs ago","15 Jan, 2026 11AM - 8PM"
"1390",="2601153NEKR8SY","CLL3MNE115650827 $","","SPX Express","Monde Nissin","Shopee Philippines (Monde Nissin Shopee)","15 Jan, 2026","5 hrs ago","15 Jan, 2026 11AM - 8PM"
"1391",="2601153P1H9MRS","CLL3MNE115650829 $","","SPX Express","Monde Nissin","Shopee Philippines (Monde Nissin Shopee)","15 Jan, 2026","5 hrs ago","15 Jan, 2026 11AM - 8PM"
"1392",="2601153NE88C5T","CLL3MNE115650831 $","","SPX Express","Monde Nissin","Shopee Philippines (Monde Nissin Shopee)","15 Jan, 2026","5 hrs ago","15 Jan, 2026 11AM - 8PM"
"1393",="2601153P6ME2MB","CLL3MNE115650834 $","","SPX Express","Monde Nissin","Shopee Philippines (Monde Nissin Shopee)","15 Jan, 2026","5 hrs ago","15 Jan, 2026 11AM - 8PM"
"1394",="2601153NPTYDNG","CLL3MNE115650850 $","","SPX Express","Monde Nissin","Shopee Philippines (Monde Nissin Shopee)","15 Jan, 2026","5 hrs ago","15 Jan, 2026 11AM - 8PM"
"1395",="2601153PPCWCH8","CLL3MNE115650856","","SPX Express","Monde Nissin","Shopee Philippines (Monde Nissin Shopee)","15 Jan, 2026","5 hrs ago","15 Jan, 2026 11AM - 8PM"
"1396",="2601153P4FQHQ3","CLL3MNE115650858 $","","SPX Express","Monde Nissin","Shopee Philippines (Monde Nissin Shopee)","15 Jan, 2026","5 hrs ago","15 Jan, 2026 11AM - 8PM"
"1397",="2601153P1WPE2F","CLL3ARA115650865 $","","SPX Express","ARLA PH","Shopee Philippines (Arla Shopee)","15 Jan, 2026","5 hrs ago","15 Jan, 2026 11AM - 8PM"
"1398",="1073303138529997","CLL3ARA115650871","","LEX PH","ARLA PH","Lazada Philippines (Arla Lazada)","15 Jan, 2026","5 hrs ago","16 Jan, 2026 11AM - 8PM"
"1399",="2601153PBQF8TR","CLL3MNE115650875","","J&T Cargo","Monde Nissin","Shopee Philippines (Monde Nissin Shopee)","15 Jan, 2026","5 hrs ago","15 Jan, 2026 11AM - 8PM"
"1400",="2601153PBEWKD8","CLL3MNE115650878 $","","SPX Express","Monde Nissin","Shopee Philippines (Monde Nissin Shopee)","15 Jan, 2026","5 hrs ago","15 Jan, 2026 11AM - 8PM"
"1401",="2601153P9FXUFB","CLL3MNE115650881 $","","SPX Express","Monde Nissin","Shopee Philippines (Monde Nissin Shopee)","15 Jan, 2026","5 hrs ago","15 Jan, 2026 11AM - 8PM"
"1402",="2601153P5NURWM","CLL3MNE115650883 $","","SPX Express","Monde Nissin","Shopee Philippines (Monde Nissin Shopee)","15 Jan, 2026","5 hrs ago","15 Jan, 2026 11AM - 8PM"
"1403",="2601153P8DKGC0","CLL3MNE115650884 $","","SPX Express","Monde Nissin","Shopee Philippines (Monde Nissin Shopee)","15 Jan, 2026","5 hrs ago","15 Jan, 2026 11AM - 8PM"
"1404",="2601153P8AQ4SK","CLL3MNE115650889 $","","SPX Express","Monde Nissin","Shopee Philippines (Monde Nissin Shopee)","15 Jan, 2026","5 hrs ago","15 Jan, 2026 11AM - 8PM"
"1405",="2601153P7TG1V0","CLL3MNE115650895 $","","SPX Express","Monde Nissin","Shopee Philippines (Monde Nissin Shopee)","15 Jan, 2026","5 hrs ago","15 Jan, 2026 11AM - 8PM"
"1406",="2601153PACHGH7","CLL3MNE115650896 $","","SPX Express","Monde Nissin","Shopee Philippines (Monde Nissin Shopee)","15 Jan, 2026","5 hrs ago","15 Jan, 2026 11AM - 8PM"
"1407",="2601153P4XXRQG","CLL3MNE115650897 $","","SPX Express","Monde Nissin","Shopee Philippines (Monde Nissin Shopee)","15 Jan, 2026","5 hrs ago","15 Jan, 2026 11AM - 8PM"
"1408",="2601153PQ0VBK5","CLL3MNE115650903","","SPX Express","Monde Nissin","Shopee Philippines (Monde Nissin Shopee)","15 Jan, 2026","5 hrs ago","15 Jan, 2026 11AM - 8PM"
"1409",="2601153NFWQGU6","CLL3ARA115650917","","SPX Express","ARLA PH","Shopee Philippines (Arla Shopee)","15 Jan, 2026","5 hrs ago","15 Jan, 2026 11AM - 8PM"
"1410",="582122040507795310","CLL3ARA115650918 $","","J&T Express","ARLA PH","Tiktok Philippines (Arla Tiktok)","15 Jan, 2026","5 hrs ago","16 Jan, 2026 11AM - 8PM"
"1411",="2601153NKXEYR5","CLL3ARA115650919 $","","SPX Express","ARLA PH","Shopee Philippines (Arla Shopee)","15 Jan, 2026","5 hrs ago","15 Jan, 2026 11AM - 8PM"
"1412",="2601153PJ3JJSM","CLL3ARA115650922","","SPX Express","ARLA PH","Shopee Philippines (Arla Shopee)","15 Jan, 2026","5 hrs ago","15 Jan, 2026 11AM - 8PM"
"1413",="2601153P40G17X","CLL3ARA115650923","","SPX Express","ARLA PH","Shopee Philippines (Arla Shopee)","15 Jan, 2026","5 hrs ago","15 Jan, 2026 11AM - 8PM"
"1414",="2601153P87UD57","CLL3ARA115650924","","SPX Express","ARLA PH","Shopee Philippines (Arla Shopee)","15 Jan, 2026","5 hrs ago","15 Jan, 2026 11AM - 8PM"
"1415",="2601153PC2XRHM","CLL3ARA115650925","","SPX Express","ARLA PH","Shopee Philippines (Arla Shopee)","15 Jan, 2026","5 hrs ago","15 Jan, 2026 11AM - 8PM"
"1416",="2601153P31YP1D","CLL3MNE115650938 $","","SPX Express","Monde Nissin","Shopee Philippines (Monde Nissin Shopee)","15 Jan, 2026","5 hrs ago","15 Jan, 2026 11AM - 8PM"
"1417",="2601153PG3NE78","CLL3ARA115650993","","SPX Express","ARLA PH","Shopee Philippines (Arla Shopee)","15 Jan, 2026","5 hrs ago","15 Jan, 2026 11AM - 8PM"
"1418",="2601153NH2U5FR","CLL3MNE115651008 $","","SPX Express","Monde Nissin","Shopee Philippines (Monde Nissin Shopee)","15 Jan, 2026","5 hrs ago","15 Jan, 2026 11AM - 8PM"
"1419",="2601153NUS79N8","CLL3MNE115651012","","SPX Express","Monde Nissin","Shopee Philippines (Monde Nissin Shopee)","15 Jan, 2026","5 hrs ago","15 Jan, 2026 11AM - 8PM"
"1420",="2601153NFSU8YQ","CLL3MNE115651015 $","","SPX Express","Monde Nissin","Shopee Philippines (Monde Nissin Shopee)","15 Jan, 2026","5 hrs ago","15 Jan, 2026 11AM - 8PM"
"1421",="2601153NF30T2E","CLL3MNE115651014","","SPX Express","Monde Nissin","Shopee Philippines (Monde Nissin Shopee)","15 Jan, 2026","5 hrs ago","15 Jan, 2026 11AM - 8PM"
"1422",="2601153NGY1P52","CLL3MNE115651019 $","","SPX Express","Monde Nissin","Shopee Philippines (Monde Nissin Shopee)","15 Jan, 2026","5 hrs ago","15 Jan, 2026 11AM - 8PM"
"1423",="582122027987797255","CLL3MNE115651018 $","","Flash Express Philippines","Monde Nissin","Tiktok Philippines (Monde Nissin Tiktok)","15 Jan, 2026","5 hrs ago","16 Jan, 2026 11AM - 8PM"
"1424",="2601153NTM3B22","CLL3MNE115651020 $","","SPX Express","Monde Nissin","Shopee Philippines (Monde Nissin Shopee)","15 Jan, 2026","5 hrs ago","15 Jan, 2026 11AM - 8PM"
"1425",="2601153NN8CEPU","CLL3MNE115651021 $","","SPX Express","Monde Nissin","Shopee Philippines (Monde Nissin Shopee)","15 Jan, 2026","5 hrs ago","15 Jan, 2026 11AM - 8PM"
"1426",="2601153NFXKXN7","CLL3MNE115651023","","SPX Express","Monde Nissin","Shopee Philippines (Monde Nissin Shopee)","15 Jan, 2026","5 hrs ago","15 Jan, 2026 11AM - 8PM"
"1427",="2601153NPYP39D","CLL3MNE115651024 $","","SPX Express","Monde Nissin","Shopee Philippines (Monde Nissin Shopee)","15 Jan, 2026","5 hrs ago","15 Jan, 2026 11AM - 8PM"
"1428",="2601153PGC8UMM","CLL3MNE115651026","","SPX Express","Monde Nissin","Shopee Philippines (Monde Nissin Shopee)","15 Jan, 2026","5 hrs ago","15 Jan, 2026 11AM - 8PM"
"1429",="2601153P3H6XFD","CLL3MNE115651027","","SPX Express","Monde Nissin","Shopee Philippines (Monde Nissin Shopee)","15 Jan, 2026","5 hrs ago","15 Jan, 2026 11AM - 8PM"
"1430",="2601153NPS1QYW","CLL3MNE115651022","","SPX Express","Monde Nissin","Shopee Philippines (Monde Nissin Shopee)","15 Jan, 2026","5 hrs ago","15 Jan, 2026 11AM - 8PM"
"1431",="2601153P4JMGEP","CLL3MNE115651025","","J&T Cargo","Monde Nissin","Shopee Philippines (Monde Nissin Shopee)","15 Jan, 2026","5 hrs ago","15 Jan, 2026 11AM - 8PM"
"1432",="2601153NWUY5NN","CLL3MNE115651030","","SPX Express","Monde Nissin","Shopee Philippines (Monde Nissin Shopee)","15 Jan, 2026","5 hrs ago","15 Jan, 2026 11AM - 8PM"
"1433",="1064944083647769","CLL3MNE115651032 $","","LEX PH","Monde Nissin","Lazada Philippines (Monde Nissin Lazada)","15 Jan, 2026","5 hrs ago","16 Jan, 2026 11AM - 8PM"
"1434",="1064944855184302","CLL3MNE115651031 $","","LEX PH","Monde Nissin","Lazada Philippines (Monde Nissin Lazada)","15 Jan, 2026","5 hrs ago","16 Jan, 2026 11AM - 8PM"
"1435",="2601153NQ5E7WC","CLL3MNE115651034","","SPX Express","Monde Nissin","Shopee Philippines (Monde Nissin Shopee)","15 Jan, 2026","5 hrs ago","15 Jan, 2026 11AM - 8PM"
"1436",="2601153PF64BC8","CLL3MNE115651033","","SPX Express","Monde Nissin","Shopee Philippines (Monde Nissin Shopee)","15 Jan, 2026","5 hrs ago","15 Jan, 2026 11AM - 8PM"
"1437",="582122015724242100","CLL3MNE115651039 $","","J&T Express","Monde Nissin","Tiktok Philippines (Monde Nissin Tiktok)","15 Jan, 2026","5 hrs ago","16 Jan, 2026 11AM - 8PM"
"1438",="2601153PB0JNU0","CLL3MNE115651040","","J&T Cargo","Monde Nissin","Shopee Philippines (Monde Nissin Shopee)","15 Jan, 2026","5 hrs ago","15 Jan, 2026 11AM - 8PM"
"1439",="1073306946982077","CLL3MNE115651041","","LEX PH","Monde Nissin","Lazada Philippines (Monde Nissin Lazada)","15 Jan, 2026","5 hrs ago","16 Jan, 2026 11AM - 8PM"
"1440",="2601153PAH9F6J","CLL3MNE115651042","","J&T Cargo","Monde Nissin","Shopee Philippines (Monde Nissin Shopee)","15 Jan, 2026","5 hrs ago","15 Jan, 2026 11AM - 8PM"
"1441",="2601153PB69NW5","CLL3MNE115651043","","J&T Cargo","Monde Nissin","Shopee Philippines (Monde Nissin Shopee)","15 Jan, 2026","5 hrs ago","15 Jan, 2026 11AM - 8PM"
"1442",="2601153NTWKCA1","CLL3ARA115651049 $","","SPX Express","ARLA PH","Shopee Philippines (Arla Shopee)","15 Jan, 2026","5 hrs ago","15 Jan, 2026 11AM - 8PM"
"1443",="2601153P9MPHXD","CLL3MNE115651077 $","","SPX Express","Monde Nissin","Shopee Philippines (Monde Nissin Shopee)","15 Jan, 2026","5 hrs ago","15 Jan, 2026 11AM - 8PM"
"1444",="2601153PC9K6NS","CLL3MNE115651114 $","","SPX Express","Monde Nissin","Shopee Philippines (Monde Nissin Shopee)","15 Jan, 2026","5 hrs ago","15 Jan, 2026 11AM - 8PM"
"1445",="2601153P8517WF","CLL3MNE115651118 $","","J&T","Monde Nissin","Shopee Philippines (Monde Nissin Shopee)","15 Jan, 2026","5 hrs ago","15 Jan, 2026 11AM - 8PM"
"1446",="2601153PBFVFM6","CLL3ARA115651134 $","","J&T Cargo","ARLA PH","Shopee Philippines (Arla Shopee)","15 Jan, 2026","5 hrs ago","15 Jan, 2026 11AM - 8PM"
"1447",="1073307367180391","CLL3MNE115651151","","LEX PH","Monde Nissin","Lazada Philippines (Monde Nissin Lazada)","15 Jan, 2026","5 hrs ago","16 Jan, 2026 11AM - 8PM"
"1448",="2601153PB2GXT2","CLL3MNE115651157 $","","J&T","Monde Nissin","Shopee Philippines (Monde Nissin Shopee)","15 Jan, 2026","5 hrs ago","15 Jan, 2026 11AM - 8PM"
"1449",="2601153PCH6ASB","CLL3MNE115651160 $","","SPX Express","Monde Nissin","Shopee Philippines (Monde Nissin Shopee)","15 Jan, 2026","5 hrs ago","15 Jan, 2026 11AM - 8PM"
"1450",="2601153PPNFFQS","CLL3MNE115651163 $","","SPX Express","Monde Nissin","Shopee Philippines (Monde Nissin Shopee)","15 Jan, 2026","5 hrs ago","15 Jan, 2026 11AM - 8PM"
"1451",="2601153PPFQ2JV","CLL3MNE115651167 $","","SPX Express","Monde Nissin","Shopee Philippines (Monde Nissin Shopee)","15 Jan, 2026","5 hrs ago","15 Jan, 2026 11AM - 8PM"
"1452",="2601153PP853KG","CLL3ARA115651169 $","","SPX Express","ARLA PH","Shopee Philippines (Arla Shopee)","15 Jan, 2026","5 hrs ago","15 Jan, 2026 11AM - 8PM"
"1453",="2601153PN2WS29","CLL3ARA115651175 $","","SPX Express","ARLA PH","Shopee Philippines (Arla Shopee)","15 Jan, 2026","5 hrs ago","15 Jan, 2026 11AM - 8PM"
"1454",="2601153PKQ1EYT","CLL3MNE115651177 $","","SPX Express","Monde Nissin","Shopee Philippines (Monde Nissin Shopee)","15 Jan, 2026","5 hrs ago","15 Jan, 2026 11AM - 8PM"
"1455",="2601153PP1DG2E","CLL3MNE115651178 $","","SPX Express","Monde Nissin","Shopee Philippines (Monde Nissin Shopee)","15 Jan, 2026","5 hrs ago","15 Jan, 2026 11AM - 8PM"
"1456",="2601153PP748RM","CLL3MNE115651186 $","","SPX Express","Monde Nissin","Shopee Philippines (Monde Nissin Shopee)","15 Jan, 2026","5 hrs ago","15 Jan, 2026 11AM - 8PM"
"1457",="2601153PKJ8G0Q","CLL3MNE115651188 $","","SPX Express","Monde Nissin","Shopee Philippines (Monde Nissin Shopee)","15 Jan, 2026","5 hrs ago","15 Jan, 2026 11AM - 8PM"
"1458",="2601153PKN3GHS","CLL3MNE115651190 $","","SPX Express","Monde Nissin","Shopee Philippines (Monde Nissin Shopee)","15 Jan, 2026","5 hrs ago","15 Jan, 2026 11AM - 8PM"
"1459",="2601153Q7GA576","CLL3ARA115651194","","J&T Cargo","ARLA PH","Shopee Philippines (Arla Shopee)","15 Jan, 2026","5 hrs ago","15 Jan, 2026 11AM - 8PM"
"1460",="2601153P277HQS","CLL3MNE115651195 $","","SPX Express","Monde Nissin","Shopee Philippines (Monde Nissin Shopee)","15 Jan, 2026","5 hrs ago","15 Jan, 2026 11AM - 8PM"
"1461",="2601153Q0UM79M","CLL3MNE115651196","","SPX Express","Monde Nissin","Shopee Philippines (Monde Nissin Shopee)","15 Jan, 2026","5 hrs ago","15 Jan, 2026 11AM - 8PM"
"1462",="2601153Q4Y87ST","CLL3MNE115651206","","SPX Express","Monde Nissin","Shopee Philippines (Monde Nissin Shopee)","15 Jan, 2026","5 hrs ago","15 Jan, 2026 11AM - 8PM"
"1463",="2601153PPY0J0N","CLL3MNE115651210 $","","SPX Express","Monde Nissin","Shopee Philippines (Monde Nissin Shopee)","15 Jan, 2026","5 hrs ago","15 Jan, 2026 11AM - 8PM"
"1464",="2601153PF8X02C","CLL3MNE115651217 $","","SPX Express","Monde Nissin","Shopee Philippines (Monde Nissin Shopee)","15 Jan, 2026","5 hrs ago","15 Jan, 2026 11AM - 8PM"
"1465",="2601153PGWDQRV","CLL3MNE115651219 $","","SPX Express","Monde Nissin","Shopee Philippines (Monde Nissin Shopee)","15 Jan, 2026","5 hrs ago","15 Jan, 2026 11AM - 8PM"
"1466",="2601153Q1ATXKR","CLL3MNE115651221","","SPX Express","Monde Nissin","Shopee Philippines (Monde Nissin Shopee)","15 Jan, 2026","5 hrs ago","15 Jan, 2026 11AM - 8PM"
"1467",="2601153PY0GHDM","CLL3MNE115651225","","J&T Cargo","Monde Nissin","Shopee Philippines (Monde Nissin Shopee)","15 Jan, 2026","5 hrs ago","15 Jan, 2026 11AM - 8PM"
"1468",="2601153QCCNA76","CLL3MNE115651228","","J&T","Monde Nissin","Shopee Philippines (Monde Nissin Shopee)","15 Jan, 2026","5 hrs ago","15 Jan, 2026 11AM - 8PM"
"1469",="1073306168024715","CLL3MNE115651229 $","","LEX","Monde Nissin","Lazada Philippines (Monde Nissin Lazada)","15 Jan, 2026","5 hrs ago","16 Jan, 2026 11AM - 8PM"
"1470",="1073303786418796","CLL3MNE115651234 $","","Flash Express PH","Monde Nissin","Lazada Philippines (Monde Nissin Lazada)","15 Jan, 2026","5 hrs ago","16 Jan, 2026 11AM - 8PM"
"1471",="2601153PREPNTJ","CLL3ARA115651236 $","","SPX Express","ARLA PH","Shopee Philippines (Arla Shopee)","15 Jan, 2026","5 hrs ago","15 Jan, 2026 11AM - 8PM"
"1472",="2601153PABMVWU","CLL3MNE115651238 $","","SPX Express","Monde Nissin","Shopee Philippines (Monde Nissin Shopee)","15 Jan, 2026","5 hrs ago","15 Jan, 2026 11AM - 8PM"
"1473",="2601153QC5YE8C","CLL3MNE115651241","","SPX Express","Monde Nissin","Shopee Philippines (Monde Nissin Shopee)","15 Jan, 2026","5 hrs ago","15 Jan, 2026 11AM - 8PM"
"1474",="2601153PTFJ6HG","CLL3MNE115651250 $","","SPX Express","Monde Nissin","Shopee Philippines (Monde Nissin Shopee)","15 Jan, 2026","5 hrs ago","15 Jan, 2026 11AM - 8PM"
"1475",="2601153Q7J756M","CLL3MNE115651260","","SPX Express","Monde Nissin","Shopee Philippines (Monde Nissin Shopee)","15 Jan, 2026","5 hrs ago","15 Jan, 2026 11AM - 8PM"
"1476",="1073306775750977","CLL3MNE115651265 $","","LEX","Monde Nissin","Lazada Philippines (Monde Nissin Lazada)","15 Jan, 2026","5 hrs ago","16 Jan, 2026 11AM - 8PM"
"1477",="1073307170420391","CLL3MNE115651266","","LEX","Monde Nissin","Lazada Philippines (Monde Nissin Lazada)","15 Jan, 2026","5 hrs ago","16 Jan, 2026 11AM - 8PM"
"1478",="2601153QAHHN75","CLL3MNE115651272","","SPX Express","Monde Nissin","Shopee Philippines (Monde Nissin Shopee)","15 Jan, 2026","5 hrs ago","15 Jan, 2026 11AM - 8PM"
"1479",="2601153PVFFE5X","CLL3ARA115651273 $","","SPX Express","ARLA PH","Shopee Philippines (Arla Shopee)","15 Jan, 2026","5 hrs ago","15 Jan, 2026 11AM - 8PM"
"1480",="2601153PRW1CXG","CLL3MNE115651275 $","","SPX Express","Monde Nissin","Shopee Philippines (Monde Nissin Shopee)","15 Jan, 2026","5 hrs ago","15 Jan, 2026 11AM - 8PM"
"1481",="2601153QBMU7FU","CLL3ARA115651277","","SPX Express","ARLA PH","Shopee Philippines (Arla Shopee)","15 Jan, 2026","5 hrs ago","15 Jan, 2026 11AM - 8PM"
"1482",="2601153QEM70YP","CLL3MNE115651286","","SPX Express","Monde Nissin","Shopee Philippines (Monde Nissin Shopee)","15 Jan, 2026","5 hrs ago","15 Jan, 2026 11AM - 8PM"
"1483",="2601153Q5HCMD5","CLL3MNE115651287","","SPX Express","Monde Nissin","Shopee Philippines (Monde Nissin Shopee)","15 Jan, 2026","5 hrs ago","15 Jan, 2026 11AM - 8PM"
"1484",="2601153Q03SJ9S","CLL3MNE115651295 $","","SPX Express","Monde Nissin","Shopee Philippines (Monde Nissin Shopee)","15 Jan, 2026","5 hrs ago","15 Jan, 2026 11AM - 8PM"
"1485",="2601153QHU7W3H","CLL3MNE115651301","","SPX Express","Monde Nissin","Shopee Philippines (Monde Nissin Shopee)","15 Jan, 2026","5 hrs ago","15 Jan, 2026 11AM - 8PM"
"1486",="2601153PX5S22M","CLL3MNE115651305 $","","SPX Express","Monde Nissin","Shopee Philippines (Monde Nissin Shopee)","15 Jan, 2026","5 hrs ago","15 Jan, 2026 11AM - 8PM"
"1487",="2601153Q1V09CF","CLL3MNE115651307 $","","SPX Express","Monde Nissin","Shopee Philippines (Monde Nissin Shopee)","15 Jan, 2026","5 hrs ago","15 Jan, 2026 11AM - 8PM"
"1488",="2601153PW8703X","CLL3MNE115651311 $","","SPX Express","Monde Nissin","Shopee Philippines (Monde Nissin Shopee)","15 Jan, 2026","5 hrs ago","15 Jan, 2026 11AM - 8PM"
"1489",="2601153QJPW5D8","CLL3MNE115651316","","SPX Express","Monde Nissin","Shopee Philippines (Monde Nissin Shopee)","15 Jan, 2026","5 hrs ago","15 Jan, 2026 11AM - 8PM"
"1490",="2601153QK54QYP","CLL3MNE115651317","","SPX Express","Monde Nissin","Shopee Philippines (Monde Nissin Shopee)","15 Jan, 2026","5 hrs ago","15 Jan, 2026 11AM - 8PM"
"1491",="2601153PVAN5E2","CLL3MNE115651332 $","","SPX Express","Monde Nissin","Shopee Philippines (Monde Nissin Shopee)","15 Jan, 2026","5 hrs ago","15 Jan, 2026 11AM - 8PM"
"1492",="2601153QMWFRR7","CLL3ARA115651336","","Shopee Express","ARLA PH","Shopee Philippines (Arla Shopee)","15 Jan, 2026","5 hrs ago","16 Jan, 2026 11AM - 8PM"
"1493",="1073303998885524","CLL3MNE115651349","","LEX","Monde Nissin","Lazada Philippines (Monde Nissin Lazada)","15 Jan, 2026","5 hrs ago","16 Jan, 2026 11AM - 8PM"
"1494",="2601153Q6QFGBS","CLL3MNE115651361 $","","SPX Express","Monde Nissin","Shopee Philippines (Monde Nissin Shopee)","15 Jan, 2026","5 hrs ago","15 Jan, 2026 11AM - 8PM"
"1495",="2601153QRVAB25","CLL3MNE115651363","","J&T Cargo","Monde Nissin","Shopee Philippines (Monde Nissin Shopee)","15 Jan, 2026","5 hrs ago","15 Jan, 2026 11AM - 8PM"
"1496",="2601153Q2PPV17","CLL3MNE115651372 $","","SPX Express","Monde Nissin","Shopee Philippines (Monde Nissin Shopee)","15 Jan, 2026","5 hrs ago","15 Jan, 2026 11AM - 8PM"
"1497",="2601153QMTK3Q8","CLL3ARA115651377","","SPX Express","ARLA PH","Shopee Philippines (Arla Shopee)","15 Jan, 2026","5 hrs ago","15 Jan, 2026 11AM - 8PM"
"1498",="2601153QN175DF","CLL3MNE115651381","","SPX Express","Monde Nissin","Shopee Philippines (Monde Nissin Shopee)","15 Jan, 2026","5 hrs ago","15 Jan, 2026 11AM - 8PM"
"1499",="2601153QHV5M6D","CLL3MNE115651382","","SPX Express","Monde Nissin","Shopee Philippines (Monde Nissin Shopee)","15 Jan, 2026","5 hrs ago","15 Jan, 2026 11AM - 8PM"
"1500",="2601153Q6KNP3U","CLL3MNE115651384 $","","SPX Express","Monde Nissin","Shopee Philippines (Monde Nissin Shopee)","15 Jan, 2026","5 hrs ago","15 Jan, 2026 11AM - 8PM"
"1501",="2601153QP5EQAV","CLL3ARA115651389","","SPX Express","ARLA PH","Shopee Philippines (Arla Shopee)","15 Jan, 2026","5 hrs ago","15 Jan, 2026 11AM - 8PM"
"1502",="1064950221460767","CLL3MNE115651415 $","","LEX PH","Monde Nissin","Lazada Philippines (Monde Nissin Lazada)","15 Jan, 2026","5 hrs ago","16 Jan, 2026 11AM - 8PM"
"1503",="2601153QKGKXVV","CLL3ARA115651418","","SPX Express","ARLA PH","Shopee Philippines (Arla Shopee)","15 Jan, 2026","5 hrs ago","15 Jan, 2026 11AM - 8PM"
"1504",="2601153Q9H48KV","CLL3MNE115651423 $","","SPX Express","Monde Nissin","Shopee Philippines (Monde Nissin Shopee)","15 Jan, 2026","5 hrs ago","15 Jan, 2026 11AM - 8PM"
"1505",="2601153QCT2KBC","CLL3MNE115651517 $","","SPX Express","Monde Nissin","Shopee Philippines (Monde Nissin Shopee)","15 Jan, 2026","5 hrs ago","15 Jan, 2026 11AM - 8PM"
"1506",="2601153QAQ84SY","CLL3MNE115651519 $","","SPX Express","Monde Nissin","Shopee Philippines (Monde Nissin Shopee)","15 Jan, 2026","5 hrs ago","15 Jan, 2026 11AM - 8PM"
"1507",="2601153Q7G998D","CLL3MNE115651528 $","","SPX Express","Monde Nissin","Shopee Philippines (Monde Nissin Shopee)","15 Jan, 2026","5 hrs ago","15 Jan, 2026 11AM - 8PM"
"1508",="2601153Q8X1CT6","CLL3MNE115651529 $","","SPX Express","Monde Nissin","Shopee Philippines (Monde Nissin Shopee)","15 Jan, 2026","5 hrs ago","15 Jan, 2026 11AM - 8PM"
"1509",="2601153QX62FVK","CLL3ARA115651534","","SPX Express","ARLA PH","Shopee Philippines (Arla Shopee)","15 Jan, 2026","4 hrs ago","15 Jan, 2026 11AM - 8PM"
"1510",="2601153QDKTX3U","CLL3MNE115651542 $","","SPX Express","Monde Nissin","Shopee Philippines (Monde Nissin Shopee)","15 Jan, 2026","4 hrs ago","15 Jan, 2026 11AM - 8PM"
"1511",="2601153QA0BKUY","CLL3MNE115651545 $","","SPX Express","Monde Nissin","Shopee Philippines (Monde Nissin Shopee)","15 Jan, 2026","4 hrs ago","15 Jan, 2026 11AM - 8PM"
"1512",="2601153QHFQMMF","CLL3MNE115651565 $","","SPX Express","Monde Nissin","Shopee Philippines (Monde Nissin Shopee)","15 Jan, 2026","4 hrs ago","15 Jan, 2026 11AM - 8PM"
"1513",="2601153QXDNX9J","CLL3MNE115651569","","SPX Express","Monde Nissin","Shopee Philippines (Monde Nissin Shopee)","15 Jan, 2026","4 hrs ago","15 Jan, 2026 11AM - 8PM"
"1514",="2601153QY6DPTD","CLL3ARA115651603","","SPX Express","ARLA PH","Shopee Philippines (Arla Shopee)","15 Jan, 2026","4 hrs ago","15 Jan, 2026 11AM - 8PM"
"1515",="1073308145155238","CLL3MNE115651605","","LEX","Monde Nissin","Lazada Philippines (Monde Nissin Lazada)","15 Jan, 2026","4 hrs ago","16 Jan, 2026 11AM - 8PM"
"1516",="2601153QF3H16Q","CLL3MNE115651610 $","","SPX Express","Monde Nissin","Shopee Philippines (Monde Nissin Shopee)","15 Jan, 2026","4 hrs ago","15 Jan, 2026 11AM - 8PM"
"1517",="2601153QFFUGTE","CLL3MNE115651614 $","","SPX Express","Monde Nissin","Shopee Philippines (Monde Nissin Shopee)","15 Jan, 2026","4 hrs ago","15 Jan, 2026 11AM - 8PM"
"1518",="2601153R7MD21Y","CLL3ARA115651624","","SPX Express","ARLA PH","Shopee Philippines (Arla Shopee)","15 Jan, 2026","4 hrs ago","15 Jan, 2026 11AM - 8PM"
"1519",="2601153QPC4WRP","CLL3MNE115651625 $","","SPX Express","Monde Nissin","Shopee Philippines (Monde Nissin Shopee)","15 Jan, 2026","4 hrs ago","15 Jan, 2026 11AM - 8PM"
"1520",="2601153R5WYB98","CLL3ARA115651628","","SPX Express","ARLA PH","Shopee Philippines (Arla Shopee)","15 Jan, 2026","4 hrs ago","15 Jan, 2026 11AM - 8PM"
"1521",="2601153R4NY8NW","CLL3MNE115651629","","SPX Express","Monde Nissin","Shopee Philippines (Monde Nissin Shopee)","15 Jan, 2026","4 hrs ago","15 Jan, 2026 11AM - 8PM"
"1522",="2601153QPA8WAN","CLL3ARA115651632 $","","SPX Express","ARLA PH","Shopee Philippines (Arla Shopee)","15 Jan, 2026","4 hrs ago","15 Jan, 2026 11AM - 8PM"
"1523",="2601153R6KWT31","CLL3MNE115651635","","SPX Express","Monde Nissin","Shopee Philippines (Monde Nissin Shopee)","15 Jan, 2026","4 hrs ago","15 Jan, 2026 11AM - 8PM"
"1524",="2601153QQ32PHG","CLL3MNE115651644 $","","SPX Express","Monde Nissin","Shopee Philippines (Monde Nissin Shopee)","15 Jan, 2026","4 hrs ago","15 Jan, 2026 11AM - 8PM"
"1525",="2601153R63PGA7","CLL3MNE115651645","","J&T Cargo","Monde Nissin","Shopee Philippines (Monde Nissin Shopee)","15 Jan, 2026","4 hrs ago","15 Jan, 2026 11AM - 8PM"
"1526",="2601153R51B3DX","CLL3MNE115651664","","SPX Express","Monde Nissin","Shopee Philippines (Monde Nissin Shopee)","15 Jan, 2026","4 hrs ago","15 Jan, 2026 11AM - 8PM"
"1527",="2601153QJK1KXM","CLL3MNE115651666 $","","SPX Express","Monde Nissin","Shopee Philippines (Monde Nissin Shopee)","15 Jan, 2026","4 hrs ago","15 Jan, 2026 11AM - 8PM"
"1528",="2601153R5FN1AR","CLL3MNE115651667","","SPX Express","Monde Nissin","Shopee Philippines (Monde Nissin Shopee)","15 Jan, 2026","4 hrs ago","15 Jan, 2026 11AM - 8PM"
"1529",="2601153R6VF6UK","CLL3MNE115651671","","SPX Express","Monde Nissin","Shopee Philippines (Monde Nissin Shopee)","15 Jan, 2026","4 hrs ago","15 Jan, 2026 11AM - 8PM"
"1530",="2601153QQDJS3F","CLL3MNE115651672 $","","J&T Cargo","Monde Nissin","Shopee Philippines (Monde Nissin Shopee)","15 Jan, 2026","4 hrs ago","15 Jan, 2026 11AM - 8PM"
"1531",="2601153QR794AF","CLL3ARA115651674 $","","SPX Express","ARLA PH","Shopee Philippines (Arla Shopee)","15 Jan, 2026","4 hrs ago","15 Jan, 2026 11AM - 8PM"
"1532",="2601153QMVGAKP","CLL3ARA115651680 $","","SPX Express","ARLA PH","Shopee Philippines (Arla Shopee)","15 Jan, 2026","4 hrs ago","15 Jan, 2026 11AM - 8PM"
"1533",="2601153R2226KD","CLL3ARA115651681","","SPX Express","ARLA PH","Shopee Philippines (Arla Shopee)","15 Jan, 2026","4 hrs ago","15 Jan, 2026 11AM - 8PM"
"1534",="2601153QSP0Y93","CLL3MNE115651683 $","","SPX Express","Monde Nissin","Shopee Philippines (Monde Nissin Shopee)","15 Jan, 2026","4 hrs ago","15 Jan, 2026 11AM - 8PM"
"1535",="2601153QUAERA1","CLL3MNE115651686 $","","SPX Express","Monde Nissin","Shopee Philippines (Monde Nissin Shopee)","15 Jan, 2026","4 hrs ago","15 Jan, 2026 11AM - 8PM"
"1536",="2601153QRRFS4M","CLL3ARA115651688 $","","SPX Express","ARLA PH","Shopee Philippines (Arla Shopee)","15 Jan, 2026","4 hrs ago","15 Jan, 2026 11AM - 8PM"
"1537",="2601153QV8Y0UQ","CLL3MNE115651690 $","","SPX Express","Monde Nissin","Shopee Philippines (Monde Nissin Shopee)","15 Jan, 2026","4 hrs ago","15 Jan, 2026 11AM - 8PM"
"1538",="2601153QSM2VER","CLL3MNE115651699 $","","SPX Express","Monde Nissin","Shopee Philippines (Monde Nissin Shopee)","15 Jan, 2026","4 hrs ago","15 Jan, 2026 11AM - 8PM"
"1539",="2601153QS7PT3P","CLL3MNE115651705 $","","SPX Express","Monde Nissin","Shopee Philippines (Monde Nissin Shopee)","15 Jan, 2026","4 hrs ago","15 Jan, 2026 11AM - 8PM"
"1540",="2601153RFJYRAP","CLL3ARA115651708","","J&T Cargo","ARLA PH","Shopee Philippines (Arla Shopee)","15 Jan, 2026","4 hrs ago","15 Jan, 2026 11AM - 8PM"
"1541",="2601153RJM8SPR","CLL3ARA115651718","","SPX Express","ARLA PH","Shopee Philippines (Arla Shopee)","15 Jan, 2026","4 hrs ago","15 Jan, 2026 11AM - 8PM"
"1542",="2601153RK979AF","CLL3MNE115651736","","SPX Express","Monde Nissin","Shopee Philippines (Monde Nissin Shopee)","15 Jan, 2026","4 hrs ago","15 Jan, 2026 11AM - 8PM"
"1543",="2601153R0YNUNC","CLL3ARA115651744 $","","SPX Express","ARLA PH","Shopee Philippines (Arla Shopee)","15 Jan, 2026","4 hrs ago","15 Jan, 2026 11AM - 8PM"
"1544",="2601153RJCK25Y","CLL3MNE115651746","","SPX Express","Monde Nissin","Shopee Philippines (Monde Nissin Shopee)","15 Jan, 2026","4 hrs ago","15 Jan, 2026 11AM - 8PM"
"1545",="2601153RGWVBD4","CLL3ARA115651747","","SPX Express","ARLA PH","Shopee Philippines (Arla Shopee)","15 Jan, 2026","4 hrs ago","15 Jan, 2026 11AM - 8PM"
"1546",="2601153RHE38S1","CLL3MNE115651750","","SPX Express","Monde Nissin","Shopee Philippines (Monde Nissin Shopee)","15 Jan, 2026","4 hrs ago","15 Jan, 2026 11AM - 8PM"
"1547",="2601153RGU2J4E","CLL3ARA115651761","","SPX Express","ARLA PH","Shopee Philippines (Arla Shopee)","15 Jan, 2026","4 hrs ago","15 Jan, 2026 11AM - 8PM"
"1548",="2601153QY6FHDS","CLL3MNE115651764 $","","SPX Express","Monde Nissin","Shopee Philippines (Monde Nissin Shopee)","15 Jan, 2026","4 hrs ago","15 Jan, 2026 11AM - 8PM"
"1549",="2601153R392XAR","CLL3MNE115651765 $","","SPX Express","Monde Nissin","Shopee Philippines (Monde Nissin Shopee)","15 Jan, 2026","4 hrs ago","15 Jan, 2026 11AM - 8PM"
"1550",="2601153RGU167S","CLL3MNE115651767","","SPX Express","Monde Nissin","Shopee Philippines (Monde Nissin Shopee)","15 Jan, 2026","4 hrs ago","15 Jan, 2026 11AM - 8PM"
"1551",="2601153R05VRDH","CLL3MNE115651770 $","","SPX Express","Monde Nissin","Shopee Philippines (Monde Nissin Shopee)","15 Jan, 2026","4 hrs ago","15 Jan, 2026 11AM - 8PM"
"1552",="2601153RH0S4XY","CLL3MNE115651775","","SPX Express","Monde Nissin","Shopee Philippines (Monde Nissin Shopee)","15 Jan, 2026","4 hrs ago","15 Jan, 2026 11AM - 8PM"
"1553",="2601153RRJ02D8","CLL3MNE115651831","","SPX Express","Monde Nissin","Shopee Philippines (Monde Nissin Shopee)","15 Jan, 2026","4 hrs ago","15 Jan, 2026 11AM - 8PM"
"1554",="2601153RRG4CM8","CLL3MNE115651838","","SPX Express","Monde Nissin","Shopee Philippines (Monde Nissin Shopee)","15 Jan, 2026","4 hrs ago","15 Jan, 2026 11AM - 8PM"
"1555",="2601153RQW2FNB","CLL3MNE115651839","","SPX Express","Monde Nissin","Shopee Philippines (Monde Nissin Shopee)","15 Jan, 2026","4 hrs ago","15 Jan, 2026 11AM - 8PM"
"1556",="2601153R44T22T","CLL3MNE115651840 $","","SPX Express","Monde Nissin","Shopee Philippines (Monde Nissin Shopee)","15 Jan, 2026","4 hrs ago","15 Jan, 2026 11AM - 8PM"
"1557",="2601153R43U51H","CLL3MNE115651845 $","","SPX Express","Monde Nissin","Shopee Philippines (Monde Nissin Shopee)","15 Jan, 2026","4 hrs ago","15 Jan, 2026 11AM - 8PM"
"1558",="2601153RP2X0H9","CLL3MNE115651847","","SPX Express","Monde Nissin","Shopee Philippines (Monde Nissin Shopee)","15 Jan, 2026","4 hrs ago","15 Jan, 2026 11AM - 8PM"
"1559",="2601153RP7MHQ6","CLL3ARA115651849","","SPX Express","ARLA PH","Shopee Philippines (Arla Shopee)","15 Jan, 2026","4 hrs ago","15 Jan, 2026 11AM - 8PM"
"1560",="2601153RP2X0HD","CLL3LGM115651853","","SPX Express","LAGUNA MAIN COMPANY","Shopee Philippines (Columbia Candies Shopee)","15 Jan, 2026","4 hrs ago","15 Jan, 2026 11AM - 8PM"
"1561",="2601153R3Y38N7","CLL3MNE115651854 $","","SPX Express","Monde Nissin","Shopee Philippines (Monde Nissin Shopee)","15 Jan, 2026","4 hrs ago","15 Jan, 2026 11AM - 8PM"
"1562",="2601153RPCDK78","CLL3MNE115651863","","SPX Express","Monde Nissin","Shopee Philippines (Monde Nissin Shopee)","15 Jan, 2026","4 hrs ago","15 Jan, 2026 11AM - 8PM"
"1563",="2601153RPUNWVP","CLL3ARA115651865","","SPX Express","ARLA PH","Shopee Philippines (Arla Shopee)","15 Jan, 2026","4 hrs ago","15 Jan, 2026 11AM - 8PM"
"1564",="2601153RNTAG7D","CLL3MNE115651867","","SPX Express","Monde Nissin","Shopee Philippines (Monde Nissin Shopee)","15 Jan, 2026","4 hrs ago","15 Jan, 2026 11AM - 8PM"
"1565",="2601153RWCHCVB","CLL3MNE115651876","","SPX Express","Monde Nissin","Shopee Philippines (Monde Nissin Shopee)","15 Jan, 2026","4 hrs ago","15 Jan, 2026 11AM - 8PM"
"1566",="2601153RWDFTGK","CLL3ARA115651879","","SPX Express","ARLA PH","Shopee Philippines (Arla Shopee)","15 Jan, 2026","4 hrs ago","15 Jan, 2026 11AM - 8PM"
"1567",="pendingKAR-710-PYXVAOFZE","CLL3KHR115651881","","PRIMER","Karcher","Www.Karchershop.Ph","15 Jan, 2026","4 hrs ago","16 Jan, 2026 11AM - 8PM"
"1568",="2601153RU7U07Q","CLL3MNE115651882","","J&T","Monde Nissin","Shopee Philippines (Monde Nissin Shopee)","15 Jan, 2026","4 hrs ago","15 Jan, 2026 11AM - 8PM"
"1569",="2601153RAY67A9","CLL3MNE115651884 $","","SPX Express","Monde Nissin","Shopee Philippines (Monde Nissin Shopee)","15 Jan, 2026","4 hrs ago","15 Jan, 2026 11AM - 8PM"
"1570",="2601153RE2AHDD","CLL3MNE115651886 $","","SPX Express","Monde Nissin","Shopee Philippines (Monde Nissin Shopee)","15 Jan, 2026","4 hrs ago","15 Jan, 2026 11AM - 8PM"
"1571",="2601153RTWB0UE","CLL3MNE115651894","","SPX Express","Monde Nissin","Shopee Philippines (Monde Nissin Shopee)","15 Jan, 2026","4 hrs ago","15 Jan, 2026 11AM - 8PM"
"1572",="2601153RCBY4T8","CLL3MNE115651898 $","","SPX Express","Monde Nissin","Shopee Philippines (Monde Nissin Shopee)","15 Jan, 2026","4 hrs ago","15 Jan, 2026 11AM - 8PM"
"1573",="2601153RBSTWA3","CLL3MNE115651900 $","","SPX Express","Monde Nissin","Shopee Philippines (Monde Nissin Shopee)","15 Jan, 2026","4 hrs ago","15 Jan, 2026 11AM - 8PM"
"1574",="2601153RCDXB78","CLL3MNE115651902 $","","SPX Express","Monde Nissin","Shopee Philippines (Monde Nissin Shopee)","15 Jan, 2026","4 hrs ago","15 Jan, 2026 11AM - 8PM"
"1575",="2601153R9XR9UY","CLL3MNE115651904 $","","SPX Express","Monde Nissin","Shopee Philippines (Monde Nissin Shopee)","15 Jan, 2026","4 hrs ago","15 Jan, 2026 11AM - 8PM"
"1576",="2601153R9FGMJ0","CLL3MNE115651905 $","","SPX Express","Monde Nissin","Shopee Philippines (Monde Nissin Shopee)","15 Jan, 2026","4 hrs ago","15 Jan, 2026 11AM - 8PM"
"1577",="2601153RUAQE19","CLL3ARA115651906","","SPX Express","ARLA PH","Shopee Philippines (Arla Shopee)","15 Jan, 2026","4 hrs ago","15 Jan, 2026 11AM - 8PM"
"1578",="2601153RXB35BH","CLL3ARA115651908","","SPX Express","ARLA PH","Shopee Philippines (Arla Shopee)","15 Jan, 2026","4 hrs ago","15 Jan, 2026 11AM - 8PM"
"1579",="2601153RXKKDNK","CLL3ARA115651912","","SPX Express","ARLA PH","Shopee Philippines (Arla Shopee)","15 Jan, 2026","4 hrs ago","15 Jan, 2026 11AM - 8PM"
"1580",="1073310380695775","CLL3MNE115651931","","LEX PH","Monde Nissin","Lazada Philippines (Monde Nissin Lazada)","15 Jan, 2026","4 hrs ago","16 Jan, 2026 11AM - 8PM"
"1581",="1073308375307395","CLL3MNE115651933 $","","LEX","Monde Nissin","Lazada Philippines (Monde Nissin Lazada)","15 Jan, 2026","4 hrs ago","16 Jan, 2026 11AM - 8PM"
"1582",="2601153RRUJWYC","CLL3MNE115651945","","SPX Express","Monde Nissin","Shopee Philippines (Monde Nissin Shopee)","15 Jan, 2026","4 hrs ago","15 Jan, 2026 11AM - 8PM"
"1583",="2601153S2Q8N3Q","CLL3MNE115651949","","SPX Express","Monde Nissin","Shopee Philippines (Monde Nissin Shopee)","15 Jan, 2026","4 hrs ago","15 Jan, 2026 11AM - 8PM"
"1584",="2601153S3VEY6B","CLL3MNE115651951","","SPX Express","Monde Nissin","Shopee Philippines (Monde Nissin Shopee)","15 Jan, 2026","4 hrs ago","15 Jan, 2026 11AM - 8PM"
"1585",="2601153RF6J275","CLL3MNE115651957 $","","SPX Express","Monde Nissin","Shopee Philippines (Monde Nissin Shopee)","15 Jan, 2026","4 hrs ago","15 Jan, 2026 11AM - 8PM"
"1586",="2601153REV4SYW","CLL3MNE115651960 $","","SPX Express","Monde Nissin","Shopee Philippines (Monde Nissin Shopee)","15 Jan, 2026","4 hrs ago","15 Jan, 2026 11AM - 8PM"
"1587",="2601153RXRCREH","CLL3MNE115651962","","SPX Express","Monde Nissin","Shopee Philippines (Monde Nissin Shopee)","15 Jan, 2026","4 hrs ago","15 Jan, 2026 11AM - 8PM"
"1588",="2601153S02ASFJ","CLL3MNE115651964","","SPX Express","Monde Nissin","Shopee Philippines (Monde Nissin Shopee)","15 Jan, 2026","4 hrs ago","15 Jan, 2026 11AM - 8PM"
"1589",="2601153RENDKQ6","CLL3MNE115651966 $","","SPX Express","Monde Nissin","Shopee Philippines (Monde Nissin Shopee)","15 Jan, 2026","4 hrs ago","15 Jan, 2026 11AM - 8PM"
"1590",="2601153RFCAD1P","CLL3MNE115651970 $","","SPX Express","Monde Nissin","Shopee Philippines (Monde Nissin Shopee)","15 Jan, 2026","4 hrs ago","15 Jan, 2026 11AM - 8PM"
"1591",="2601153S5QHBVC","CLL3ARA115651979","","SPX Express","ARLA PH","Shopee Philippines (Arla Shopee)","15 Jan, 2026","4 hrs ago","15 Jan, 2026 11AM - 8PM"
"1592",="1073308585532902","CLL3MNE115651982 $","","LEX","Monde Nissin","Lazada Philippines (Monde Nissin Lazada)","15 Jan, 2026","4 hrs ago","16 Jan, 2026 11AM - 8PM"
"1593",="1073310588321818","CLL3MNE115651985 $","","LEX PH","Monde Nissin","Lazada Philippines (Monde Nissin Lazada)","15 Jan, 2026","4 hrs ago","16 Jan, 2026 11AM - 8PM"
"1594",="1073313350796420","CLL3MNE115651986 $","","LEX","Monde Nissin","Lazada Philippines (Monde Nissin Lazada)","15 Jan, 2026","4 hrs ago","16 Jan, 2026 11AM - 8PM"
"1595",="2601153RQS6N7G","CLL3ARA115652013 $","","SPX Express","ARLA PH","Shopee Philippines (Arla Shopee)","15 Jan, 2026","4 hrs ago","15 Jan, 2026 11AM - 8PM"
"1596",="2601153RQAXJ6P","CLL3MNE115652027 $","","SPX Express","Monde Nissin","Shopee Philippines (Monde Nissin Shopee)","15 Jan, 2026","4 hrs ago","15 Jan, 2026 11AM - 8PM"
"1597",="2601153S8VMS65","CLL3ARA115652028","","J&T Cargo","ARLA PH","Shopee Philippines (Arla Shopee)","15 Jan, 2026","4 hrs ago","15 Jan, 2026 11AM - 8PM"
"1598",="2601153RRYC2DM","CLL3MNE115652032 $","","SPX Express","Monde Nissin","Shopee Philippines (Monde Nissin Shopee)","15 Jan, 2026","4 hrs ago","15 Jan, 2026 11AM - 8PM"
"1599",="2601153S7A5156","CLL3MNE115652037","","SPX Express","Monde Nissin","Shopee Philippines (Monde Nissin Shopee)","15 Jan, 2026","4 hrs ago","15 Jan, 2026 11AM - 8PM"
"1600",="2601153RSMDBK7","CLL3MNE115652038 $","","SPX Express","Monde Nissin","Shopee Philippines (Monde Nissin Shopee)","15 Jan, 2026","4 hrs ago","15 Jan, 2026 11AM - 8PM"
"1601",="2601153S7QGDKC","CLL3MNE115652039","","J&T","Monde Nissin","Shopee Philippines (Monde Nissin Shopee)","15 Jan, 2026","4 hrs ago","15 Jan, 2026 11AM - 8PM"
"1602",="2601153RMTTDV1","CLL3MNE115652044 $","","SPX Express","Monde Nissin","Shopee Philippines (Monde Nissin Shopee)","15 Jan, 2026","4 hrs ago","15 Jan, 2026 11AM - 8PM"
"1603",="2601153S6EDS87","CLL3TBY115652047","","SPX Express","The Body Shop","Shopee Philippines (The Body Shop Shopee)","15 Jan, 2026","4 hrs ago","15 Jan, 2026 11AM - 8PM"
"1604",="2601153S7GS4QQ","CLL3ARA115652049","","SPX Express","ARLA PH","Shopee Philippines (Arla Shopee)","15 Jan, 2026","4 hrs ago","15 Jan, 2026 11AM - 8PM"
"1605",="2601153FRFS7GF","CLL3MNE115652053","","SPX Express","Monde Nissin","Shopee Philippines (Monde Nissin Shopee)","15 Jan, 2026","4 hrs ago","15 Jan, 2026 11AM - 8PM"
"1606",="1064950870631546","CLL3ARA115652055 $","","LEX PH","ARLA PH","Lazada Philippines (Arla Lazada)","15 Jan, 2026","4 hrs ago","16 Jan, 2026 11AM - 8PM"
"1607",="582122357703083158","CLL3ARA115652056","","J&T Express","ARLA PH","Tiktok Philippines (Arla Tiktok)","15 Jan, 2026","4 hrs ago","16 Jan, 2026 11AM - 8PM"
"1608",="1073308193388682","CLL3MNE115652071 $","","LEX","Monde Nissin","Lazada Philippines (Monde Nissin Lazada)","15 Jan, 2026","4 hrs ago","16 Jan, 2026 11AM - 8PM"
"1609",="2601153SGX3QW6","CLL3MNE115652075","","SPX Express","Monde Nissin","Shopee Philippines (Monde Nissin Shopee)","15 Jan, 2026","4 hrs ago","15 Jan, 2026 11AM - 8PM"
"1610",="2601153RY5Q6GX","CLL3MNE115652088 $","","SPX Express","Monde Nissin","Shopee Philippines (Monde Nissin Shopee)","15 Jan, 2026","4 hrs ago","15 Jan, 2026 11AM - 8PM"
"1611",="2601153SD508JB","CLL3MNE115652118","","SPX Express","Monde Nissin","Shopee Philippines (Monde Nissin Shopee)","15 Jan, 2026","4 hrs ago","15 Jan, 2026 11AM - 8PM"
"1612",="2601153RSKDA8P","CLL3MNE115652127 $","","SPX Express","Monde Nissin","Shopee Philippines (Monde Nissin Shopee)","15 Jan, 2026","4 hrs ago","15 Jan, 2026 11AM - 8PM"
"1613",="2601153S3C7E0V","CLL3MNE115652131 $","","SPX Express","Monde Nissin","Shopee Philippines (Monde Nissin Shopee)","15 Jan, 2026","4 hrs ago","15 Jan, 2026 11AM - 8PM"
"1614",="2601153S3G2X9S","CLL3MNE115652156 $","","SPX Express","Monde Nissin","Shopee Philippines (Monde Nissin Shopee)","15 Jan, 2026","4 hrs ago","15 Jan, 2026 11AM - 8PM"
"1615",="582122428667495918","CLL3ARA115652196 $","","J&T Express","ARLA PH","Tiktok Philippines (Arla Tiktok)","15 Jan, 2026","4 hrs ago","16 Jan, 2026 11AM - 8PM"
"1616",="1073315320524575","CLL3ARA115652198","","LEX PH","ARLA PH","Lazada Philippines (Arla Lazada)","15 Jan, 2026","4 hrs ago","16 Jan, 2026 11AM - 8PM"
"1617",="582122417291822916","CLL3ARA115652205","","J&T Express","ARLA PH","Tiktok Philippines (Arla Tiktok)","15 Jan, 2026","4 hrs ago","16 Jan, 2026 11AM - 8PM"
"1618",="1064949478915246","CLL3ARA115652204","","LEX PH","ARLA PH","Lazada Philippines (Arla Lazada)","15 Jan, 2026","4 hrs ago","16 Jan, 2026 11AM - 8PM"
"1619",="2601153T55NHVY","CLL3MNE115652210","","SPX Express","Monde Nissin","Shopee Philippines (Monde Nissin Shopee)","15 Jan, 2026","4 hrs ago","15 Jan, 2026 11AM - 8PM"
"1620",="2601153SKUMATX","CLL3ARA115652241","","SPX Express","ARLA PH","Shopee Philippines (Arla Shopee)","15 Jan, 2026","4 hrs ago","15 Jan, 2026 11AM - 8PM"
"1621",="2601153SG3E1B7","CLL3LGM115652247","","SPX Express","LAGUNA MAIN COMPANY","Shopee Philippines (Mc Cormick Shopee)","15 Jan, 2026","4 hrs ago","15 Jan, 2026 11AM - 8PM"
"1622",="2601153SJ84C56","CLL3MNE115652249","","SPX Express","Monde Nissin","Shopee Philippines (Monde Nissin Shopee)","15 Jan, 2026","4 hrs ago","15 Jan, 2026 11AM - 8PM"
"1623",="2601153SNXCY11","CLL3LGM115652255","","SPX Express","LAGUNA MAIN COMPANY","Shopee Philippines (Columbia Candies Shopee)","15 Jan, 2026","4 hrs ago","15 Jan, 2026 11AM - 8PM"
"1624",="2601153S0U60C4","CLL3MNE115652256 $","","SPX Express","Monde Nissin","Shopee Philippines (Monde Nissin Shopee)","15 Jan, 2026","4 hrs ago","15 Jan, 2026 11AM - 8PM"
"1625",="2601153SS799NS","CLL3ARA115652261","","Other logistics provider","ARLA PH","Shopee Philippines (Arla Shopee)","15 Jan, 2026","4 hrs ago","16 Jan, 2026 11AM - 8PM"
"1626",="2601153SSDYJJF","CLL3MNE115652264","","SPX Express","Monde Nissin","Shopee Philippines (Monde Nissin Shopee)","15 Jan, 2026","4 hrs ago","15 Jan, 2026 11AM - 8PM"
"1627",="2601153T0GVBFT","CLL3ARA115652270","","SPX Express","ARLA PH","Shopee Philippines (Arla Shopee)","15 Jan, 2026","4 hrs ago","15 Jan, 2026 11AM - 8PM"
"1628",="2601153T104JYQ","CLL3ARA115652275","","J&T Cargo","ARLA PH","Shopee Philippines (Arla Shopee)","15 Jan, 2026","4 hrs ago","15 Jan, 2026 11AM - 8PM"
"1629",="2601153SSEVKGY","CLL3MNE115652279","","SPX Express","Monde Nissin","Shopee Philippines (Monde Nissin Shopee)","15 Jan, 2026","4 hrs ago","15 Jan, 2026 11AM - 8PM"
"1630",="2601153SQ8B8X0","CLL3LGM115652280","","SPX Express","LAGUNA MAIN COMPANY","Shopee Philippines (Mc Cormick Shopee)","15 Jan, 2026","4 hrs ago","15 Jan, 2026 11AM - 8PM"
"1631",="2601153SPCMVAT","CLL3LGM115652281","","SPX Express","LAGUNA MAIN COMPANY","Shopee Philippines (Columbia Candies Shopee)","15 Jan, 2026","4 hrs ago","15 Jan, 2026 11AM - 8PM"
"1632",="2601153SQ5DP5S","CLL3MNE115652282","","SPX Express","Monde Nissin","Shopee Philippines (Monde Nissin Shopee)","15 Jan, 2026","4 hrs ago","15 Jan, 2026 11AM - 8PM"
"1633",="2601153SXPRSPP","CLL3ARA115652283","","Other logistics provider","ARLA PH","Shopee Philippines (Arla Shopee)","15 Jan, 2026","4 hrs ago","15 Jan, 2026 11AM - 8PM"
"1634",="2601153SBJEW47","CLL3LGM115652285 $","","SPX Express","LAGUNA MAIN COMPANY","Shopee Philippines (Mc Cormick Shopee)","15 Jan, 2026","4 hrs ago","15 Jan, 2026 11AM - 8PM"
"1635",="2601153S5GU6NP","CLL3ARA115652290 $","","SPX Express","ARLA PH","Shopee Philippines (Arla Shopee)","15 Jan, 2026","4 hrs ago","15 Jan, 2026 11AM - 8PM"
"1636",="2601153S8VPB24","CLL3MNE115652291 $","","SPX Express","Monde Nissin","Shopee Philippines (Monde Nissin Shopee)","15 Jan, 2026","4 hrs ago","15 Jan, 2026 11AM - 8PM"
"1637",="2601153SRBKS6D","CLL3MNE115652295","","SPX Express","Monde Nissin","Shopee Philippines (Monde Nissin Shopee)","15 Jan, 2026","4 hrs ago","15 Jan, 2026 11AM - 8PM"
"1638",="2601153T04G3CQ","CLL3ARA115652297","","J&T Cargo","ARLA PH","Shopee Philippines (Arla Shopee)","15 Jan, 2026","4 hrs ago","15 Jan, 2026 11AM - 8PM"
"1639",="2601153SATP2XP","CLL3LGM115652300 $","","SPX Express","LAGUNA MAIN COMPANY","Shopee Philippines (Mc Cormick Shopee)","15 Jan, 2026","4 hrs ago","15 Jan, 2026 11AM - 8PM"
"1640",="2601153SPM9YCN","CLL3MNE115652303","","SPX Express","Monde Nissin","Shopee Philippines (Monde Nissin Shopee)","15 Jan, 2026","4 hrs ago","15 Jan, 2026 11AM - 8PM"
"1641",="2601153SVXEXRH","CLL3ARA115652304","","SPX Express","ARLA PH","Shopee Philippines (Arla Shopee)","15 Jan, 2026","4 hrs ago","15 Jan, 2026 11AM - 8PM"
"1642",="2601153S6FEJXA","CLL3MNE115652305 $","","J&T Cargo","Monde Nissin","Shopee Philippines (Monde Nissin Shopee)","15 Jan, 2026","4 hrs ago","15 Jan, 2026 11AM - 8PM"
"1643",="2601153ST3WFD8","CLL3ARA115652306","","SPX Express","ARLA PH","Shopee Philippines (Arla Shopee)","15 Jan, 2026","4 hrs ago","15 Jan, 2026 11AM - 8PM"
"1644",="2601153SK4R4TH","CLL3ARA115652307 $","","SPX Express","ARLA PH","Shopee Philippines (Arla Shopee)","15 Jan, 2026","4 hrs ago","15 Jan, 2026 11AM - 8PM"
"1645",="2601153SWT4QR8","CLL3ARA115652309","","SPX Express","ARLA PH","Shopee Philippines (Arla Shopee)","15 Jan, 2026","4 hrs ago","15 Jan, 2026 11AM - 8PM"
"1646",="2601153SXUG8XW","CLL3MNE115652311","","SPX Express","Monde Nissin","Shopee Philippines (Monde Nissin Shopee)","15 Jan, 2026","4 hrs ago","15 Jan, 2026 11AM - 8PM"
"1647",="2601153SDEH1KH","CLL3MNE115652317 $","","SPX Express","Monde Nissin","Shopee Philippines (Monde Nissin Shopee)","15 Jan, 2026","4 hrs ago","15 Jan, 2026 11AM - 8PM"
"1648",="2601153SVK1FCX","CLL3MNE115652320","","SPX Express","Monde Nissin","Shopee Philippines (Monde Nissin Shopee)","15 Jan, 2026","4 hrs ago","15 Jan, 2026 11AM - 8PM"
"1649",="2601153S4UWGUW","CLL3MNE115652327 $","","SPX Express","Monde Nissin","Shopee Philippines (Monde Nissin Shopee)","15 Jan, 2026","4 hrs ago","15 Jan, 2026 11AM - 8PM"
"1650",="2601153SE6CMSN","CLL3MNE115652326 $","","SPX Express","Monde Nissin","Shopee Philippines (Monde Nissin Shopee)","15 Jan, 2026","4 hrs ago","15 Jan, 2026 11AM - 8PM"
"1651",="2601153SUX33TJ","CLL3MNE115652329","","SPX Express","Monde Nissin","Shopee Philippines (Monde Nissin Shopee)","15 Jan, 2026","4 hrs ago","15 Jan, 2026 11AM - 8PM"
"1652",="2601142PN8CENS","CLL3MNE115652330 $","","SPX Express","Monde Nissin","Shopee Philippines (Monde Nissin Shopee)","15 Jan, 2026","4 hrs ago","15 Jan, 2026 11AM - 8PM"
"1653",="2601153SWDQNA8","CLL3MNE115652332","","SPX Express","Monde Nissin","Shopee Philippines (Monde Nissin Shopee)","15 Jan, 2026","4 hrs ago","15 Jan, 2026 11AM - 8PM"
"1654",="2601153SY52RJS","CLL3MNE115652334","","SPX Express","Monde Nissin","Shopee Philippines (Monde Nissin Shopee)","15 Jan, 2026","4 hrs ago","15 Jan, 2026 11AM - 8PM"
"1655",="2601153T58HN9K","CLL3TBY115652335","","SPX Express","The Body Shop","Shopee Philippines (The Body Shop Shopee)","15 Jan, 2026","4 hrs ago","15 Jan, 2026 11AM - 8PM"
"1656",="2601153SVMYPNP","CLL3ARA115652337","","SPX Express","ARLA PH","Shopee Philippines (Arla Shopee)","15 Jan, 2026","4 hrs ago","15 Jan, 2026 11AM - 8PM"
"1657",="2601153T3H8GG5","CLL3MNE115652339","","SPX Express","Monde Nissin","Shopee Philippines (Monde Nissin Shopee)","15 Jan, 2026","4 hrs ago","15 Jan, 2026 11AM - 8PM"
"1658",="2601153T4S855Y","CLL3MNE115652342","","SPX Express","Monde Nissin","Shopee Philippines (Monde Nissin Shopee)","15 Jan, 2026","4 hrs ago","15 Jan, 2026 11AM - 8PM"
"1659",="2601153T278PJ3","CLL3MNE115652347","","SPX Express","Monde Nissin","Shopee Philippines (Monde Nissin Shopee)","15 Jan, 2026","4 hrs ago","15 Jan, 2026 11AM - 8PM"
"1660",="2601153SJV3QSE","CLL3MNE115652348 $","","SPX Express","Monde Nissin","Shopee Philippines (Monde Nissin Shopee)","15 Jan, 2026","4 hrs ago","15 Jan, 2026 11AM - 8PM"
"1661",="2601153T6AWVWR","CLL3LGM115652354","","SPX Express","LAGUNA MAIN COMPANY","Shopee Philippines (Mc Cormick Shopee)","15 Jan, 2026","4 hrs ago","15 Jan, 2026 11AM - 8PM"
"1662",="2601153S37DB28","CLL3MNE115652362 $","","SPX Express","Monde Nissin","Shopee Philippines (Monde Nissin Shopee)","15 Jan, 2026","4 hrs ago","15 Jan, 2026 11AM - 8PM"
"1663",="2601153SK5NJQD","CLL3MNE115652364 $","","SPX Express","Monde Nissin","Shopee Philippines (Monde Nissin Shopee)","15 Jan, 2026","4 hrs ago","15 Jan, 2026 11AM - 8PM"
"1664",="2601153SQTD429","CLL3MNE115652366 $","","SPX Express","Monde Nissin","Shopee Philippines (Monde Nissin Shopee)","15 Jan, 2026","4 hrs ago","15 Jan, 2026 11AM - 8PM"
"1665",="2601153SR301Y8","CLL3MNE115652368 $","","SPX Express","Monde Nissin","Shopee Philippines (Monde Nissin Shopee)","15 Jan, 2026","4 hrs ago","15 Jan, 2026 11AM - 8PM"
"1666",="2601153SQWBBYT","CLL3MNE115652369 $","","SPX Express","Monde Nissin","Shopee Philippines (Monde Nissin Shopee)","15 Jan, 2026","4 hrs ago","15 Jan, 2026 11AM - 8PM"
"1667",="2601153T75KFR5","CLL3MNE115652380","","SPX Express","Monde Nissin","Shopee Philippines (Monde Nissin Shopee)","15 Jan, 2026","4 hrs ago","15 Jan, 2026 11AM - 8PM"
"1668",="2601153S778MKK","CLL3MNE115652382 $","","SPX Express","Monde Nissin","Shopee Philippines (Monde Nissin Shopee)","15 Jan, 2026","4 hrs ago","15 Jan, 2026 11AM - 8PM"
"1669",="2601153ST7Q0C0","CLL3ARA115652392 $","","J&T Cargo","ARLA PH","Shopee Philippines (Arla Shopee)","15 Jan, 2026","4 hrs ago","15 Jan, 2026 11AM - 8PM"
"1670",="2601153TASXX1Y","CLL3ARA115652393","","J&T Cargo","ARLA PH","Shopee Philippines (Arla Shopee)","15 Jan, 2026","4 hrs ago","15 Jan, 2026 11AM - 8PM"
"1671",="1064952649002349","CLL3LGM115652400","","LEX","LAGUNA MAIN COMPANY","Lazada Philippines (Mc Cormick Lazada)","15 Jan, 2026","4 hrs ago","16 Jan, 2026 11AM - 8PM"
"1672",="2601153SQ3HJSN","CLL3MNE115652401 $","","SPX Express","Monde Nissin","Shopee Philippines (Monde Nissin Shopee)","15 Jan, 2026","4 hrs ago","15 Jan, 2026 11AM - 8PM"
"1673",="582122459700102179","CLL3LGM115652403","","J&T Express","LAGUNA MAIN COMPANY","Tiktok Philippines (Mccormick Tiktok)","15 Jan, 2026","4 hrs ago","16 Jan, 2026 11AM - 8PM"
"1674",="2601153TB95P70","CLL3MNE115652415","","Shopee Express","Monde Nissin","Shopee Philippines (Monde Nissin Shopee)","15 Jan, 2026","4 hrs ago","16 Jan, 2026 11AM - 8PM"
"1675",="1064955422544717","CLL3MNE115652420","","LEX","Monde Nissin","Lazada Philippines (Monde Nissin Lazada)","15 Jan, 2026","4 hrs ago","16 Jan, 2026 11AM - 8PM"
"1676",="2601153T8MAHCS","CLL3LGM115652423","","SPX Express","LAGUNA MAIN COMPANY","Shopee Philippines (Mc Cormick Shopee)","15 Jan, 2026","4 hrs ago","15 Jan, 2026 11AM - 8PM"
"1677",="2601153SP25EB5","CLL3MNE115652425 $","","SPX Express","Monde Nissin","Shopee Philippines (Monde Nissin Shopee)","15 Jan, 2026","4 hrs ago","15 Jan, 2026 11AM - 8PM"
"1678",="2601153TC7R7WN","CLL3ARA115652427","","SPX Express","ARLA PH","Shopee Philippines (Arla Shopee)","15 Jan, 2026","4 hrs ago","15 Jan, 2026 11AM - 8PM"
"1679",="2601153SNWDUPE","CLL3ARA115652428 $","","SPX Express","ARLA PH","Shopee Philippines (Arla Shopee)","15 Jan, 2026","4 hrs ago","15 Jan, 2026 11AM - 8PM"
"1680",="2601153TBHRU40","CLL3ARA115652430","","J&T Cargo","ARLA PH","Shopee Philippines (Arla Shopee)","15 Jan, 2026","4 hrs ago","15 Jan, 2026 11AM - 8PM"
"1681",="2601153SRCJ19E","CLL3MNE115652439 $","","SPX Express","Monde Nissin","Shopee Philippines (Monde Nissin Shopee)","15 Jan, 2026","4 hrs ago","15 Jan, 2026 11AM - 8PM"
"1682",="2601153TBPJPKU","CLL3ARA115652451","","SPX Express","ARLA PH","Shopee Philippines (Arla Shopee)","15 Jan, 2026","4 hrs ago","15 Jan, 2026 11AM - 8PM"
"1683",="2601153SPHFN7D","CLL3MNE115652453 $","","SPX Express","Monde Nissin","Shopee Philippines (Monde Nissin Shopee)","15 Jan, 2026","4 hrs ago","15 Jan, 2026 11AM - 8PM"
"1684",="2601153SPCMPC3","CLL3MNE115652456 $","","SPX Express","Monde Nissin","Shopee Philippines (Monde Nissin Shopee)","15 Jan, 2026","4 hrs ago","15 Jan, 2026 11AM - 8PM"
"1685",="2601153TG8E1DE","CLL3ARA115652468","","SPX Express","ARLA PH","Shopee Philippines (Arla Shopee)","15 Jan, 2026","4 hrs ago","15 Jan, 2026 11AM - 8PM"
"1686",="2601153TCQX8M1","CLL3ARA115652487","","SPX Express","ARLA PH","Shopee Philippines (Arla Shopee)","15 Jan, 2026","4 hrs ago","15 Jan, 2026 11AM - 8PM"
"1687",="2601153TD0H3Q9","CLL3ARA115652513","","SPX Express","ARLA PH","Shopee Philippines (Arla Shopee)","15 Jan, 2026","4 hrs ago","15 Jan, 2026 11AM - 8PM"
"1688",="2601153TD1FEYD","CLL3MNE115652524","","SPX Express","Monde Nissin","Shopee Philippines (Monde Nissin Shopee)","15 Jan, 2026","4 hrs ago","15 Jan, 2026 11AM - 8PM"
"1689",="2601153SX9C9MX","CLL3MNE115652528 $","","SPX Express","Monde Nissin","Shopee Philippines (Monde Nissin Shopee)","15 Jan, 2026","4 hrs ago","15 Jan, 2026 11AM - 8PM"
"1690",="2601153THQ6BR4","CLL3ARA115652543","","SPX Express","ARLA PH","Shopee Philippines (Arla Shopee)","15 Jan, 2026","4 hrs ago","15 Jan, 2026 11AM - 8PM"
"1691",="2601153TG9CBHS","CLL3LGM115652552","","SPX Express","LAGUNA MAIN COMPANY","Shopee Philippines (Mc Cormick Shopee)","15 Jan, 2026","4 hrs ago","15 Jan, 2026 11AM - 8PM"
"1692",="2601153TGNUJ54","CLL3ARA115652563","","SPX Express","ARLA PH","Shopee Philippines (Arla Shopee)","15 Jan, 2026","4 hrs ago","15 Jan, 2026 11AM - 8PM"
"1693",="2601153TDV623V","CLL3ARA115652564","","SPX Express","ARLA PH","Shopee Philippines (Arla Shopee)","15 Jan, 2026","4 hrs ago","15 Jan, 2026 11AM - 8PM"
"1694",="2601153T2X4CDC","CLL3ARA115652568","","SPX Express","ARLA PH","Shopee Philippines (Arla Shopee)","15 Jan, 2026","4 hrs ago","15 Jan, 2026 11AM - 8PM"
"1695",="2601153T93J2B6","CLL3MNE115652656","","SPX Express","Monde Nissin","Shopee Philippines (Monde Nissin Shopee)","15 Jan, 2026","4 hrs ago","15 Jan, 2026 11AM - 8PM"
"1696",="2601153T9X9SAJ","CLL3ARA115652657","","J&T Cargo","ARLA PH","Shopee Philippines (Arla Shopee)","15 Jan, 2026","4 hrs ago","15 Jan, 2026 11AM - 8PM"
"1697",="2601153THKCFKW","CLL3ARA115652681","","SPX Express","ARLA PH","Shopee Philippines (Arla Shopee)","15 Jan, 2026","4 hrs ago","15 Jan, 2026 11AM - 8PM"
"1698",="2601153TKAP98T","CLL3ARA115652738","","SPX Express","ARLA PH","Shopee Philippines (Arla Shopee)","15 Jan, 2026","4 hrs ago","15 Jan, 2026 11AM - 8PM"
"1699",="2601153SYEJKTJ","CLL3MNE115652740 $","","SPX Express","Monde Nissin","Shopee Philippines (Monde Nissin Shopee)","15 Jan, 2026","4 hrs ago","15 Jan, 2026 11AM - 8PM"
"1700",="2601153T3VQEVY","CLL3MNE115652747 $","","SPX Express","Monde Nissin","Shopee Philippines (Monde Nissin Shopee)","15 Jan, 2026","4 hrs ago","15 Jan, 2026 11AM - 8PM"
"1701",="2601153T0D2WW9","CLL3MNE115652753 $","","SPX Express","Monde Nissin","Shopee Philippines (Monde Nissin Shopee)","15 Jan, 2026","4 hrs ago","15 Jan, 2026 11AM - 8PM"
"1702",="2601153TPAY1RU","CLL3MNE115652754","","SPX Express","Monde Nissin","Shopee Philippines (Monde Nissin Shopee)","15 Jan, 2026","4 hrs ago","15 Jan, 2026 11AM - 8PM"
"1703",="2601153T5EA749","CLL3MNE115652755 $","","SPX Express","Monde Nissin","Shopee Philippines (Monde Nissin Shopee)","15 Jan, 2026","4 hrs ago","15 Jan, 2026 11AM - 8PM"
"1704",="2601153TN115XP","CLL3MNE115652761","","SPX Express","Monde Nissin","Shopee Philippines (Monde Nissin Shopee)","15 Jan, 2026","4 hrs ago","15 Jan, 2026 11AM - 8PM"
"1705",="2601153T4YY1VH","CLL3MNE115652762 $","","SPX Express","Monde Nissin","Shopee Philippines (Monde Nissin Shopee)","15 Jan, 2026","4 hrs ago","15 Jan, 2026 11AM - 8PM"
"1706",="2601153T1USPEK","CLL3MNE115652763 $","","SPX Express","Monde Nissin","Shopee Philippines (Monde Nissin Shopee)","15 Jan, 2026","4 hrs ago","15 Jan, 2026 11AM - 8PM"
"1707",="2601153T2EX00F","CLL3MNE115652767 $","","SPX Express","Monde Nissin","Shopee Philippines (Monde Nissin Shopee)","15 Jan, 2026","4 hrs ago","15 Jan, 2026 11AM - 8PM"
"1708",="2601153TGKVAJ3","CLL3MNE115652797","","J&T","Monde Nissin","Shopee Philippines (Monde Nissin Shopee)","15 Jan, 2026","4 hrs ago","15 Jan, 2026 11AM - 8PM"
"1709",="2601153TTN9DYU","CLL3MNE115652800","","SPX Express","Monde Nissin","Shopee Philippines (Monde Nissin Shopee)","15 Jan, 2026","4 hrs ago","15 Jan, 2026 11AM - 8PM"
"1710",="2601153T9KT9F3","CLL3MNE115652805 $","","SPX Express","Monde Nissin","Shopee Philippines (Monde Nissin Shopee)","15 Jan, 2026","4 hrs ago","15 Jan, 2026 11AM - 8PM"
"1711",="2601153SK1UBKD","CLL3MNE115652806","","SPX Express","Monde Nissin","Shopee Philippines (Monde Nissin Shopee)","15 Jan, 2026","4 hrs ago","15 Jan, 2026 11AM - 8PM"
"1712",="2601153TTCP28K","CLL3MNE115652807","","SPX Express","Monde Nissin","Shopee Philippines (Monde Nissin Shopee)","15 Jan, 2026","4 hrs ago","15 Jan, 2026 11AM - 8PM"
"1713",="2601153TRFN6DP","CLL3ARA115652811","","SPX Express","ARLA PH","Shopee Philippines (Arla Shopee)","15 Jan, 2026","4 hrs ago","15 Jan, 2026 11AM - 8PM"
"1714",="2601153T5F71DE","CLL3MNE115652812 $","","SPX Express","Monde Nissin","Shopee Philippines (Monde Nissin Shopee)","15 Jan, 2026","4 hrs ago","15 Jan, 2026 11AM - 8PM"
"1715",="2601153T6DR3C9","CLL3MNE115652813 $","","SPX Express","Monde Nissin","Shopee Philippines (Monde Nissin Shopee)","15 Jan, 2026","4 hrs ago","15 Jan, 2026 11AM - 8PM"
"1716",="2601153TPPG64R","CLL3ARA115652817","","J&T Cargo","ARLA PH","Shopee Philippines (Arla Shopee)","15 Jan, 2026","4 hrs ago","15 Jan, 2026 11AM - 8PM"
"1717",="2601153TTQ6CTH","CLL3MNE115652818","","SPX Express","Monde Nissin","Shopee Philippines (Monde Nissin Shopee)","15 Jan, 2026","4 hrs ago","15 Jan, 2026 11AM - 8PM"
"1718",="2601153TADHKPN","CLL3MNE115652819 $","","SPX Express","Monde Nissin","Shopee Philippines (Monde Nissin Shopee)","15 Jan, 2026","4 hrs ago","15 Jan, 2026 11AM - 8PM"
"1719",="2601153TQVM2KK","CLL3MNE115652820","","SPX Express","Monde Nissin","Shopee Philippines (Monde Nissin Shopee)","15 Jan, 2026","4 hrs ago","15 Jan, 2026 11AM - 8PM"
"1720",="2601153TR9Y7VD","CLL3TBY115652825","","SPX Express","The Body Shop","Shopee Philippines (The Body Shop Shopee)","15 Jan, 2026","4 hrs ago","15 Jan, 2026 11AM - 8PM"
"1721",="2601153TVP4V24","CLL3MNE115652828","","J&T","Monde Nissin","Shopee Philippines (Monde Nissin Shopee)","15 Jan, 2026","4 hrs ago","15 Jan, 2026 11AM - 8PM"
"1722",="2601153TDHNMTN","CLL3MNE115652829 $","","SPX Express","Monde Nissin","Shopee Philippines (Monde Nissin Shopee)","15 Jan, 2026","4 hrs ago","15 Jan, 2026 11AM - 8PM"
"1723",="2601153TDT765F","CLL3ARA115652830 $","","SPX Express","ARLA PH","Shopee Philippines (Arla Shopee)","15 Jan, 2026","4 hrs ago","15 Jan, 2026 11AM - 8PM"
"1724",="2601153TWFVVVW","CLL3MNE115652836","","SPX Express","Monde Nissin","Shopee Philippines (Monde Nissin Shopee)","15 Jan, 2026","4 hrs ago","15 Jan, 2026 11AM - 8PM"
"1725",="1073315753488717","CLL3ARA115652839 $","","LEX PH","ARLA PH","Lazada Philippines (Arla Lazada)","15 Jan, 2026","4 hrs ago","16 Jan, 2026 11AM - 8PM"
"1726",="1073320913080267","CLL3ARA115652840","","LEX PH","ARLA PH","Lazada Philippines (Arla Lazada)","15 Jan, 2026","4 hrs ago","16 Jan, 2026 11AM - 8PM"
"1727",="1073315943324092","CLL3LGM115652844 $","","LEX","LAGUNA MAIN COMPANY","Lazada Philippines (Mc Cormick Lazada)","15 Jan, 2026","4 hrs ago","16 Jan, 2026 11AM - 8PM"
"1728",="2601153TE7K26K","CLL3LGM115652849 $","","SPX Express","LAGUNA MAIN COMPANY","Shopee Philippines (Mc Cormick Shopee)","15 Jan, 2026","4 hrs ago","15 Jan, 2026 11AM - 8PM"
"1729",="2601153TDBXGC3","CLL3MNE115652859 $","","SPX Express","Monde Nissin","Shopee Philippines (Monde Nissin Shopee)","15 Jan, 2026","4 hrs ago","15 Jan, 2026 11AM - 8PM"
"1730",="1073322306244077","CLL3MNE115652864","","LEX PH","Monde Nissin","Lazada Philippines (Monde Nissin Lazada)","15 Jan, 2026","4 hrs ago","16 Jan, 2026 11AM - 8PM"
"1731",="2601153U09JS93","CLL3MNE115652869","","SPX Express","Monde Nissin","Shopee Philippines (Monde Nissin Shopee)","15 Jan, 2026","4 hrs ago","15 Jan, 2026 11AM - 8PM"
"1732",="1073318136432073","CLL3MNE115652868 $","","LEX PH","Monde Nissin","Lazada Philippines (Monde Nissin Lazada)","15 Jan, 2026","4 hrs ago","16 Jan, 2026 11AM - 8PM"
"1733",="582122529654343495","CLL3MNE115652870 $","","J&T Express","Monde Nissin","Tiktok Philippines (Monde Nissin Tiktok)","15 Jan, 2026","4 hrs ago","16 Jan, 2026 11AM - 8PM"
"1734",="2601153U3BSRJP","CLL3MNE115652872","","Shopee Express","Monde Nissin","Shopee Philippines (Monde Nissin Shopee)","15 Jan, 2026","4 hrs ago","16 Jan, 2026 11AM - 8PM"
"1735",="2601153TU0Q4JY","CLL3MNE115652876","","J&T Cargo","Monde Nissin","Shopee Philippines (Monde Nissin Shopee)","15 Jan, 2026","4 hrs ago","15 Jan, 2026 11AM - 8PM"
"1736",="2601153TFQAWPW","CLL3MNE115652877 $","","SPX Express","Monde Nissin","Shopee Philippines (Monde Nissin Shopee)","15 Jan, 2026","4 hrs ago","15 Jan, 2026 11AM - 8PM"
"1737",="2601153TEDA16S","CLL3MNE115652881 $","","SPX Express","Monde Nissin","Shopee Philippines (Monde Nissin Shopee)","15 Jan, 2026","4 hrs ago","15 Jan, 2026 11AM - 8PM"
"1738",="2601153TFV175F","CLL3MNE115652884 $","","J&T","Monde Nissin","Shopee Philippines (Monde Nissin Shopee)","15 Jan, 2026","4 hrs ago","15 Jan, 2026 11AM - 8PM"
"1739",="2601153TBY3N2K","CLL3MNE115652885 $","","SPX Express","Monde Nissin","Shopee Philippines (Monde Nissin Shopee)","15 Jan, 2026","4 hrs ago","15 Jan, 2026 11AM - 8PM"
"1740",="2601153TXAMPCJ","CLL3MNE115652887","","SPX Express","Monde Nissin","Shopee Philippines (Monde Nissin Shopee)","15 Jan, 2026","4 hrs ago","15 Jan, 2026 11AM - 8PM"
"1741",="2601153TF62T2Y","CLL3LGM115652890 $","","SPX Express","LAGUNA MAIN COMPANY","Shopee Philippines (Columbia Candies Shopee)","15 Jan, 2026","4 hrs ago","15 Jan, 2026 11AM - 8PM"
"1742",="2601153TCWP258","CLL3MNE115652894 $","","SPX Express","Monde Nissin","Shopee Philippines (Monde Nissin Shopee)","15 Jan, 2026","4 hrs ago","15 Jan, 2026 11AM - 8PM"
"1743",="2601153U0PWAWJ","CLL3MNE115652899","","SPX Express","Monde Nissin","Shopee Philippines (Monde Nissin Shopee)","15 Jan, 2026","4 hrs ago","15 Jan, 2026 11AM - 8PM"
"1744",="2601153TCYH1TW","CLL3ARA115652900 $","","SPX Express","ARLA PH","Shopee Philippines (Arla Shopee)","15 Jan, 2026","4 hrs ago","15 Jan, 2026 11AM - 8PM"
"1745",="2601153TBB315Y","CLL3MNE115652901 $","","SPX Express","Monde Nissin","Shopee Philippines (Monde Nissin Shopee)","15 Jan, 2026","4 hrs ago","15 Jan, 2026 11AM - 8PM"
"1746",="2601153TFWWP2B","CLL3ARA115652903 $","","SPX Express","ARLA PH","Shopee Philippines (Arla Shopee)","15 Jan, 2026","4 hrs ago","15 Jan, 2026 11AM - 8PM"
"1747",="2601153TNQ0V67","CLL3MNE115652921 $","","Shopee Self Pick-up","Monde Nissin","Shopee Philippines (Monde Nissin Shopee)","15 Jan, 2026","4 hrs ago","16 Jan, 2026 11AM - 8PM"
"1748",="2601153TJF2DF1","CLL3ARA115652922 $","","SPX Express","ARLA PH","Shopee Philippines (Arla Shopee)","15 Jan, 2026","4 hrs ago","15 Jan, 2026 11AM - 8PM"
"1749",="2601153U1V1MGD","CLL3ARA115652926","","SPX Express","ARLA PH","Shopee Philippines (Arla Shopee)","15 Jan, 2026","4 hrs ago","15 Jan, 2026 11AM - 8PM"
"1750",="2601153U1HMBQW","CLL3ARA115652931","","SPX Express","ARLA PH","Shopee Philippines (Arla Shopee)","15 Jan, 2026","4 hrs ago","15 Jan, 2026 11AM - 8PM"
"1751",="2601153TYPEVRB","CLL3ARA115652932","","SPX Express","ARLA PH","Shopee Philippines (Arla Shopee)","15 Jan, 2026","4 hrs ago","15 Jan, 2026 11AM - 8PM"
"1752",="2601153THWVUA3","CLL3TBY115652933 $","","SPX Express","The Body Shop","Shopee Philippines (The Body Shop Shopee)","15 Jan, 2026","4 hrs ago","15 Jan, 2026 11AM - 8PM"
"1753",="2601153TXCFS2V","CLL3MNE115652936","","SPX Express","Monde Nissin","Shopee Philippines (Monde Nissin Shopee)","15 Jan, 2026","4 hrs ago","15 Jan, 2026 11AM - 8PM"
"1754",="2601153TJ3M9KS","CLL3MNE115652954 $","","SPX Express","Monde Nissin","Shopee Philippines (Monde Nissin Shopee)","15 Jan, 2026","4 hrs ago","15 Jan, 2026 11AM - 8PM"
"1755",="2601153TJF2DF2","CLL3MNE115652958 $","","SPX Express","Monde Nissin","Shopee Philippines (Monde Nissin Shopee)","15 Jan, 2026","4 hrs ago","15 Jan, 2026 11AM - 8PM"
"1756",="1064956653697223","CLL3MNE115652965","","LEX PH","Monde Nissin","Lazada Philippines (Monde Nissin Lazada)","15 Jan, 2026","4 hrs ago","16 Jan, 2026 11AM - 8PM"
"1757",="1073317344694095","CLL3MNE115652970 $","","LEX","Monde Nissin","Lazada Philippines (Monde Nissin Lazada)","15 Jan, 2026","4 hrs ago","16 Jan, 2026 11AM - 8PM"
"1758",="2601153UA2C1EA","CLL3MNE115652972","","Shopee Express","Monde Nissin","Shopee Philippines (Monde Nissin Shopee)","15 Jan, 2026","4 hrs ago","16 Jan, 2026 11AM - 8PM"
"1759",="2601153THFJQJ2","CLL3MNE115652983 $","","SPX Express","Monde Nissin","Shopee Philippines (Monde Nissin Shopee)","15 Jan, 2026","4 hrs ago","15 Jan, 2026 11AM - 8PM"
"1760",="2601153U4MR2EW","CLL3MNE115652988","","SPX Express","Monde Nissin","Shopee Philippines (Monde Nissin Shopee)","15 Jan, 2026","4 hrs ago","15 Jan, 2026 11AM - 8PM"
"1761",="2601153TMRDHBY","CLL3MNE115652989 $","","SPX Express","Monde Nissin","Shopee Philippines (Monde Nissin Shopee)","15 Jan, 2026","4 hrs ago","15 Jan, 2026 11AM - 8PM"
"1762",="2601153U44K8K3","CLL3MNE115653000","","SPX Express","Monde Nissin","Shopee Philippines (Monde Nissin Shopee)","15 Jan, 2026","4 hrs ago","15 Jan, 2026 11AM - 8PM"
"1763",="2601153UARA9WQ","CLL3ARA115653012","","SPX Express","ARLA PH","Shopee Philippines (Arla Shopee)","15 Jan, 2026","3 hrs ago","15 Jan, 2026 11AM - 8PM"
"1764",="2601153TSMTT28","CLL3MNE115653015 $","","SPX Express","Monde Nissin","Shopee Philippines (Monde Nissin Shopee)","15 Jan, 2026","3 hrs ago","15 Jan, 2026 11AM - 8PM"
"1765",="2601153TR2A4B4","CLL3MNE115653020 $","","SPX Express","Monde Nissin","Shopee Philippines (Monde Nissin Shopee)","15 Jan, 2026","3 hrs ago","15 Jan, 2026 11AM - 8PM"
"1766",="2601153TTFK1KX","CLL3MNE115653021 $","","SPX Express","Monde Nissin","Shopee Philippines (Monde Nissin Shopee)","15 Jan, 2026","3 hrs ago","15 Jan, 2026 11AM - 8PM"
"1767",="2601153TTXTK3P","CLL3MNE115653023 $","","SPX Express","Monde Nissin","Shopee Philippines (Monde Nissin Shopee)","15 Jan, 2026","3 hrs ago","15 Jan, 2026 11AM - 8PM"
"1768",="2601153UAU5AD1","CLL3ARA115653029","","SPX Express","ARLA PH","Shopee Philippines (Arla Shopee)","15 Jan, 2026","3 hrs ago","15 Jan, 2026 11AM - 8PM"
"1769",="2601153TSRN697","CLL3LGM115653030 $","","SPX Express","LAGUNA MAIN COMPANY","Shopee Philippines (Mc Cormick Shopee)","15 Jan, 2026","3 hrs ago","15 Jan, 2026 11AM - 8PM"
"1770",="2601153TR6418P","CLL3ARA115653031 $","","SPX Express","ARLA PH","Shopee Philippines (Arla Shopee)","15 Jan, 2026","3 hrs ago","15 Jan, 2026 11AM - 8PM"
"1771",="2601153UBWG945","CLL3MNE115653035","","SPX Express","Monde Nissin","Shopee Philippines (Monde Nissin Shopee)","15 Jan, 2026","3 hrs ago","15 Jan, 2026 11AM - 8PM"
"1772",="2601153TQUKUKB","CLL3MNE115653037 $","","SPX Express","Monde Nissin","Shopee Philippines (Monde Nissin Shopee)","15 Jan, 2026","3 hrs ago","15 Jan, 2026 11AM - 8PM"
"1773",="2601153TRNBFJC","CLL3MNE115653041 $","","SPX Express","Monde Nissin","Shopee Philippines (Monde Nissin Shopee)","15 Jan, 2026","3 hrs ago","15 Jan, 2026 11AM - 8PM"
"1774",="2601153UCT2U3G","CLL3MNE115653048","","SPX Express","Monde Nissin","Shopee Philippines (Monde Nissin Shopee)","15 Jan, 2026","3 hrs ago","15 Jan, 2026 11AM - 8PM"
"1775",="2601153TR0CE0J","CLL3MNE115653053 $","","SPX Express","Monde Nissin","Shopee Philippines (Monde Nissin Shopee)","15 Jan, 2026","3 hrs ago","15 Jan, 2026 11AM - 8PM"
"1776",="1073314382124278","CLL3ARA115653055","","LEX PH","ARLA PH","Lazada Philippines (Arla Lazada)","15 Jan, 2026","3 hrs ago","16 Jan, 2026 11AM - 8PM"
"1777",="1064955054232438","CLL3LGM115653056 $","","LEX","LAGUNA MAIN COMPANY","Lazada Philippines (Mc Cormick Lazada)","15 Jan, 2026","3 hrs ago","16 Jan, 2026 11AM - 8PM"
"1778",="2601153U9UP78C","CLL3MNE115653065","","SPX Express","Monde Nissin","Shopee Philippines (Monde Nissin Shopee)","15 Jan, 2026","3 hrs ago","15 Jan, 2026 11AM - 8PM"
"1779",="2601153UJ4SP4D","CLL3MNE115653089","","Shopee Express","Monde Nissin","Shopee Philippines (Monde Nissin Shopee)","15 Jan, 2026","3 hrs ago","16 Jan, 2026 11AM - 8PM"
"1780",="2601153UCU1GEF","CLL3MNE115653092","","SPX Express","Monde Nissin","Shopee Philippines (Monde Nissin Shopee)","15 Jan, 2026","3 hrs ago","15 Jan, 2026 11AM - 8PM"
"1781",="1073320345256743","CLL3MNE115653093 $","","LEX","Monde Nissin","Lazada Philippines (Monde Nissin Lazada)","15 Jan, 2026","3 hrs ago","16 Jan, 2026 11AM - 8PM"
"1782",="1064954271108353","CLL3MNE115653094 $","","LEX","Monde Nissin","Lazada Philippines (Monde Nissin Lazada)","15 Jan, 2026","3 hrs ago","16 Jan, 2026 11AM - 8PM"
"1783",="2601153UG6RCAJ","CLL3MNE115653107","","SPX Express","Monde Nissin","Shopee Philippines (Monde Nissin Shopee)","15 Jan, 2026","3 hrs ago","15 Jan, 2026 11AM - 8PM"
"1784",="2601153TWNKB4Q","CLL3MNE115653108 $","","SPX Express","Monde Nissin","Shopee Philippines (Monde Nissin Shopee)","15 Jan, 2026","3 hrs ago","15 Jan, 2026 11AM - 8PM"
"1785",="2601153TYX29FV","CLL3MNE115653117 $","","SPX Express","Monde Nissin","Shopee Philippines (Monde Nissin Shopee)","15 Jan, 2026","3 hrs ago","15 Jan, 2026 11AM - 8PM"
"1786",="2601153UHY278M","CLL3MNE115653119","","SPX Express","Monde Nissin","Shopee Philippines (Monde Nissin Shopee)","15 Jan, 2026","3 hrs ago","15 Jan, 2026 11AM - 8PM"
"1787",="2601153UJTNWK6","CLL3ARA115653120","","SPX Express","ARLA PH","Shopee Philippines (Arla Shopee)","15 Jan, 2026","3 hrs ago","15 Jan, 2026 11AM - 8PM"
"1788",="2601153TXTSGFK","CLL3MNE115653123 $","","SPX Express","Monde Nissin","Shopee Philippines (Monde Nissin Shopee)","15 Jan, 2026","3 hrs ago","15 Jan, 2026 11AM - 8PM"
"1789",="2601153UF7BUBV","CLL3MNE115653124","","SPX Express","Monde Nissin","Shopee Philippines (Monde Nissin Shopee)","15 Jan, 2026","3 hrs ago","15 Jan, 2026 11AM - 8PM"
"1790",="2601153UJ5SAEH","CLL3MNE115653128","","SPX Express","Monde Nissin","Shopee Philippines (Monde Nissin Shopee)","15 Jan, 2026","3 hrs ago","15 Jan, 2026 11AM - 8PM"
"1791",="2601153UEDKKCA","CLL3MNE115653130","","SPX Express","Monde Nissin","Shopee Philippines (Monde Nissin Shopee)","15 Jan, 2026","3 hrs ago","15 Jan, 2026 11AM - 8PM"
"1792",="2601153TUSGV10","CLL3TBY115653133 $","","SPX Express","The Body Shop","Shopee Philippines (The Body Shop Shopee)","15 Jan, 2026","3 hrs ago","15 Jan, 2026 11AM - 8PM"
"1793",="2601153UDSHYT1","CLL3MNE115653135","","SPX Express","Monde Nissin","Shopee Philippines (Monde Nissin Shopee)","15 Jan, 2026","3 hrs ago","15 Jan, 2026 11AM - 8PM"
"1794",="2601153UK4747E","CLL3MNE115653138","","SPX Express","Monde Nissin","Shopee Philippines (Monde Nissin Shopee)","15 Jan, 2026","3 hrs ago","15 Jan, 2026 11AM - 8PM"
"1795",="2601153TW5DBGB","CLL3MNE115653143 $","","SPX Express","Monde Nissin","Shopee Philippines (Monde Nissin Shopee)","15 Jan, 2026","3 hrs ago","15 Jan, 2026 11AM - 8PM"
"1796",="1064962214600851","CLL3ARA115653152","","Delivered by Seller","ARLA PH","Lazada Philippines (Arla Lazada)","15 Jan, 2026","3 hrs ago","16 Jan, 2026 11AM - 8PM"
"1797",="582122633704670982","CLL3LGM115653154","","J&T Express","LAGUNA MAIN COMPANY","Tiktok Philippines (Mccormick Tiktok)","15 Jan, 2026","3 hrs ago","16 Jan, 2026 11AM - 8PM"
"1798",="2601153UQ7W4VE","CLL3ARA115653182","","J&T Cargo","ARLA PH","Shopee Philippines (Arla Shopee)","15 Jan, 2026","3 hrs ago","15 Jan, 2026 11AM - 8PM"
"1799",="2601153UKQAVYA","CLL3MNE115653191","","SPX Express","Monde Nissin","Shopee Philippines (Monde Nissin Shopee)","15 Jan, 2026","3 hrs ago","15 Jan, 2026 11AM - 8PM"
"1800",="1073319740748836","CLL3MNE115653192 $","","LEX","Monde Nissin","Lazada Philippines (Monde Nissin Lazada)","15 Jan, 2026","3 hrs ago","16 Jan, 2026 11AM - 8PM"
"1801",="1064957848680726","CLL3MNE115653193","","LEX PH","Monde Nissin","Lazada Philippines (Monde Nissin Lazada)","15 Jan, 2026","3 hrs ago","16 Jan, 2026 11AM - 8PM"
"1802",="2601153U61KH14","CLL3MNE115653196 $","","SPX Express","Monde Nissin","Shopee Philippines (Monde Nissin Shopee)","15 Jan, 2026","3 hrs ago","15 Jan, 2026 11AM - 8PM"
"1803",="2601153UQDKUCC","CLL3MNE115653198","","SPX Express","Monde Nissin","Shopee Philippines (Monde Nissin Shopee)","15 Jan, 2026","3 hrs ago","15 Jan, 2026 11AM - 8PM"
"1804",="1073317563852034","CLL3MNE115653197 $","","LEX PH","Monde Nissin","Lazada Philippines (Monde Nissin Lazada)","15 Jan, 2026","3 hrs ago","16 Jan, 2026 11AM - 8PM"
"1805",="2601153UQ510YX","CLL3MNE115653202","","SPX Express","Monde Nissin","Shopee Philippines (Monde Nissin Shopee)","15 Jan, 2026","3 hrs ago","15 Jan, 2026 11AM - 8PM"
"1806",="2601153U6RH039","CLL3MNE115653209 $","","SPX Express","Monde Nissin","Shopee Philippines (Monde Nissin Shopee)","15 Jan, 2026","3 hrs ago","15 Jan, 2026 11AM - 8PM"
"1807",="2601153U49AET0","CLL3MNE115653211 $","","SPX Express","Monde Nissin","Shopee Philippines (Monde Nissin Shopee)","15 Jan, 2026","3 hrs ago","15 Jan, 2026 11AM - 8PM"
"1808",="2601153UMJ1MV5","CLL3MNE115653215","","SPX Express","Monde Nissin","Shopee Philippines (Monde Nissin Shopee)","15 Jan, 2026","3 hrs ago","15 Jan, 2026 11AM - 8PM"
"1809",="2601153U6PHS91","CLL3ARA115653220 $","","SPX Express","ARLA PH","Shopee Philippines (Arla Shopee)","15 Jan, 2026","3 hrs ago","15 Jan, 2026 11AM - 8PM"
"1810",="2601153U1NE5J3","CLL3MNE115653219 $","","SPX Express","Monde Nissin","Shopee Philippines (Monde Nissin Shopee)","15 Jan, 2026","3 hrs ago","15 Jan, 2026 11AM - 8PM"
"1811",="2601153UKJHBUK","CLL3MNE115653221","","SPX Express","Monde Nissin","Shopee Philippines (Monde Nissin Shopee)","15 Jan, 2026","3 hrs ago","15 Jan, 2026 11AM - 8PM"
"1812",="2601153U2G3X45","CLL3MNE115653224","","J&T Cargo","Monde Nissin","Shopee Philippines (Monde Nissin Shopee)","15 Jan, 2026","3 hrs ago","15 Jan, 2026 11AM - 8PM"
"1813",="2601153U6UC4N9","CLL3MNE115653225","","SPX Express","Monde Nissin","Shopee Philippines (Monde Nissin Shopee)","15 Jan, 2026","3 hrs ago","15 Jan, 2026 11AM - 8PM"
"1814",="2601153UQK908P","CLL3MNE115653227","","SPX Express","Monde Nissin","Shopee Philippines (Monde Nissin Shopee)","15 Jan, 2026","3 hrs ago","15 Jan, 2026 11AM - 8PM"
"1815",="2601153U2E76QG","CLL3LGM115653229 $","","SPX Express","LAGUNA MAIN COMPANY","Shopee Philippines (Mc Cormick Shopee)","15 Jan, 2026","3 hrs ago","15 Jan, 2026 11AM - 8PM"
"1816",="2601153U5EHMC7","CLL3MNE115653232 $","","SPX Express","Monde Nissin","Shopee Philippines (Monde Nissin Shopee)","15 Jan, 2026","3 hrs ago","15 Jan, 2026 11AM - 8PM"
"1817",="2601153URD29K2","CLL3MNE115653243","","SPX Express","Monde Nissin","Shopee Philippines (Monde Nissin Shopee)","15 Jan, 2026","3 hrs ago","15 Jan, 2026 11AM - 8PM"
"1818",="2601153UPYA0CF","CLL3MNE115653246","","SPX Express","Monde Nissin","Shopee Philippines (Monde Nissin Shopee)","15 Jan, 2026","3 hrs ago","15 Jan, 2026 11AM - 8PM"
"1819",="2601153UQ8SBAP","CLL3MNE115653247","","SPX Express","Monde Nissin","Shopee Philippines (Monde Nissin Shopee)","15 Jan, 2026","3 hrs ago","15 Jan, 2026 11AM - 8PM"
"1820",="2601153URNKCF4","CLL3MNE115653248","","SPX Express","Monde Nissin","Shopee Philippines (Monde Nissin Shopee)","15 Jan, 2026","3 hrs ago","15 Jan, 2026 11AM - 8PM"
"1821",="2601153U9QVGET","CLL3MNE115653250 $","","SPX Express","Monde Nissin","Shopee Philippines (Monde Nissin Shopee)","15 Jan, 2026","3 hrs ago","15 Jan, 2026 11AM - 8PM"
"1822",="2601153U9XHBJC","CLL3MNE115653256 $","","SPX Express","Monde Nissin","Shopee Philippines (Monde Nissin Shopee)","15 Jan, 2026","3 hrs ago","15 Jan, 2026 11AM - 8PM"
"1823",="2601153U5M7NBS","CLL3MNE115653257 $","","J&T Cargo","Monde Nissin","Shopee Philippines (Monde Nissin Shopee)","15 Jan, 2026","3 hrs ago","15 Jan, 2026 11AM - 8PM"
"1824",="2601153U81GBCH","CLL3MNE115653260 $","","SPX Express","Monde Nissin","Shopee Philippines (Monde Nissin Shopee)","15 Jan, 2026","3 hrs ago","15 Jan, 2026 11AM - 8PM"
"1825",="2601153UANCEY1","CLL3ARA115653263 $","","SPX Express","ARLA PH","Shopee Philippines (Arla Shopee)","15 Jan, 2026","3 hrs ago","15 Jan, 2026 11AM - 8PM"
"1826",="2601153USN2VU9","CLL3ARA115653264","","SPX Express","ARLA PH","Shopee Philippines (Arla Shopee)","15 Jan, 2026","3 hrs ago","15 Jan, 2026 11AM - 8PM"
"1827",="2601153UA0ERN9","CLL3MNE115653266 $","","SPX Express","Monde Nissin","Shopee Philippines (Monde Nissin Shopee)","15 Jan, 2026","3 hrs ago","15 Jan, 2026 11AM - 8PM"
"1828",="2601153U7CFBB6","CLL3MNE115653267 $","","SPX Express","Monde Nissin","Shopee Philippines (Monde Nissin Shopee)","15 Jan, 2026","3 hrs ago","15 Jan, 2026 11AM - 8PM"
"1829",="2601153UBXE5XB","CLL3MNE115653270 $","","SPX Express","Monde Nissin","Shopee Philippines (Monde Nissin Shopee)","15 Jan, 2026","3 hrs ago","15 Jan, 2026 11AM - 8PM"
"1830",="2601153UBKW455","CLL3LGM115653272 $","","SPX Express","LAGUNA MAIN COMPANY","Shopee Philippines (Mc Cormick Shopee)","15 Jan, 2026","3 hrs ago","15 Jan, 2026 11AM - 8PM"
"1831",="2601153UVGNY1Q","CLL3ARA115653275","","SPX Express","ARLA PH","Shopee Philippines (Arla Shopee)","15 Jan, 2026","3 hrs ago","15 Jan, 2026 11AM - 8PM"
"1832",="2601153U73W8JV","CLL3MNE115653274 $","","SPX Express","Monde Nissin","Shopee Philippines (Monde Nissin Shopee)","15 Jan, 2026","3 hrs ago","15 Jan, 2026 11AM - 8PM"
"1833",="2601153UWCC08E","CLL3MNE115653281","","Shopee Express","Monde Nissin","Shopee Philippines (Monde Nissin Shopee)","15 Jan, 2026","3 hrs ago","16 Jan, 2026 11AM - 8PM"
"1834",="2601153UTHQ4QG","CLL3ARA115653284","","SPX Express","ARLA PH","Shopee Philippines (Arla Shopee)","15 Jan, 2026","3 hrs ago","15 Jan, 2026 11AM - 8PM"
"1835",="2601153URTD24X","CLL3ARA115653285","","SPX Express","ARLA PH","Shopee Philippines (Arla Shopee)","15 Jan, 2026","3 hrs ago","15 Jan, 2026 11AM - 8PM"
"1836",="2601153UV6558U","CLL3MNE115653290","","SPX Express","Monde Nissin","Shopee Philippines (Monde Nissin Shopee)","15 Jan, 2026","3 hrs ago","15 Jan, 2026 11AM - 8PM"
"1837",="2601153URJRYVT","CLL3ARA115653292","","SPX Express","ARLA PH","Shopee Philippines (Arla Shopee)","15 Jan, 2026","3 hrs ago","15 Jan, 2026 11AM - 8PM"
"1838",="2601153UWG51BV","CLL3MNE115653307","","SPX Express","Monde Nissin","Shopee Philippines (Monde Nissin Shopee)","15 Jan, 2026","3 hrs ago","15 Jan, 2026 11AM - 8PM"
"1839",="2601153UTDV42S","CLL3MNE115653310","","SPX Express","Monde Nissin","Shopee Philippines (Monde Nissin Shopee)","15 Jan, 2026","3 hrs ago","15 Jan, 2026 11AM - 8PM"
"1840",="2601153UT86522","CLL3ARA115653312","","J&T Cargo","ARLA PH","Shopee Philippines (Arla Shopee)","15 Jan, 2026","3 hrs ago","15 Jan, 2026 11AM - 8PM"
"1841",="2601153UNWWS08","CLL3MNE115653313","","J&T Cargo","Monde Nissin","Shopee Philippines (Monde Nissin Shopee)","15 Jan, 2026","3 hrs ago","15 Jan, 2026 11AM - 8PM"
"1842",="2601153UER3MBK","CLL3ARA115653317 $","","SPX Express","ARLA PH","Shopee Philippines (Arla Shopee)","15 Jan, 2026","3 hrs ago","15 Jan, 2026 11AM - 8PM"
"1843",="2601153UD8C27C","CLL3LGM115653322 $","","SPX Express","LAGUNA MAIN COMPANY","Shopee Philippines (Mc Cormick Shopee)","15 Jan, 2026","3 hrs ago","15 Jan, 2026 11AM - 8PM"
"1844",="2601153UFMMQNP","CLL3MNE115653323 $","","SPX Express","Monde Nissin","Shopee Philippines (Monde Nissin Shopee)","15 Jan, 2026","3 hrs ago","15 Jan, 2026 11AM - 8PM"
"1845",="2601153UFHSK0X","CLL3MNE115653324 $","","SPX Express","Monde Nissin","Shopee Philippines (Monde Nissin Shopee)","15 Jan, 2026","3 hrs ago","15 Jan, 2026 11AM - 8PM"
"1846",="2601153V0N872A","CLL3MNE115653325","","SPX Express","Monde Nissin","Shopee Philippines (Monde Nissin Shopee)","15 Jan, 2026","3 hrs ago","15 Jan, 2026 11AM - 8PM"
"1847",="2601153UGECQHG","CLL3MNE115653326 $","","SPX Express","Monde Nissin","Shopee Philippines (Monde Nissin Shopee)","15 Jan, 2026","3 hrs ago","15 Jan, 2026 11AM - 8PM"
"1848",="2601153UHJMJ2X","CLL3LGM115653330 $","","SPX Express","LAGUNA MAIN COMPANY","Shopee Philippines (Mc Cormick Shopee)","15 Jan, 2026","3 hrs ago","15 Jan, 2026 11AM - 8PM"
"1849",="2601153UYQN1JQ","CLL3MNE115653333","","J&T","Monde Nissin","Shopee Philippines (Monde Nissin Shopee)","15 Jan, 2026","3 hrs ago","15 Jan, 2026 11AM - 8PM"
"1850",="2601153UHDV90X","CLL3MNE115653338 $","","SPX Express","Monde Nissin","Shopee Philippines (Monde Nissin Shopee)","15 Jan, 2026","3 hrs ago","15 Jan, 2026 11AM - 8PM"
"1851",="2601153UYD633P","CLL3MNE115653339","","SPX Express","Monde Nissin","Shopee Philippines (Monde Nissin Shopee)","15 Jan, 2026","3 hrs ago","15 Jan, 2026 11AM - 8PM"
"1852",="2601153UGHATSH","CLL3MNE115653340 $","","SPX Express","Monde Nissin","Shopee Philippines (Monde Nissin Shopee)","15 Jan, 2026","3 hrs ago","15 Jan, 2026 11AM - 8PM"
"1853",="2601153V026C6W","CLL3MNE115653344","","SPX Express","Monde Nissin","Shopee Philippines (Monde Nissin Shopee)","15 Jan, 2026","3 hrs ago","15 Jan, 2026 11AM - 8PM"
"1854",="2601153V1KR7H6","CLL3ARA115653347","","SPX Express","ARLA PH","Shopee Philippines (Arla Shopee)","15 Jan, 2026","3 hrs ago","15 Jan, 2026 11AM - 8PM"
"1855",="2601153V1F05KA","CLL3ARA115653348","","SPX Express","ARLA PH","Shopee Philippines (Arla Shopee)","15 Jan, 2026","3 hrs ago","15 Jan, 2026 11AM - 8PM"
"1856",="2601153V1MN9TS","CLL3MNE115653349","","SPX Express","Monde Nissin","Shopee Philippines (Monde Nissin Shopee)","15 Jan, 2026","3 hrs ago","15 Jan, 2026 11AM - 8PM"
"1857",="2601153UHFTQMU","CLL3MNE115653350 $","","SPX Express","Monde Nissin","Shopee Philippines (Monde Nissin Shopee)","15 Jan, 2026","3 hrs ago","15 Jan, 2026 11AM - 8PM"
"1858",="582122687711970640","CLL3ARA115653354","","J&T Express","ARLA PH","Tiktok Philippines (Arla Tiktok)","15 Jan, 2026","3 hrs ago","16 Jan, 2026 11AM - 8PM"
"1859",="2601153UT68P8B","CLL3MNE115653379","","SPX Express","Monde Nissin","Shopee Philippines (Monde Nissin Shopee)","15 Jan, 2026","3 hrs ago","15 Jan, 2026 11AM - 8PM"
"1860",="2601153UW9E0D1","CLL3TBY115653384","","SPX Express","The Body Shop","Shopee Philippines (The Body Shop Shopee)","15 Jan, 2026","3 hrs ago","15 Jan, 2026 11AM - 8PM"
"1861",="2601153UVGNB5N","CLL3LGM115653388","","SPX Express","LAGUNA MAIN COMPANY","Shopee Philippines (Columbia Candies Shopee)","15 Jan, 2026","3 hrs ago","15 Jan, 2026 11AM - 8PM"
"1862",="2601153UN45JG6","CLL3MNE115653389 $","","SPX Express","Monde Nissin","Shopee Philippines (Monde Nissin Shopee)","15 Jan, 2026","3 hrs ago","15 Jan, 2026 11AM - 8PM"
"1863",="2601153UMCAP59","CLL3MNE115653390 $","","SPX Express","Monde Nissin","Shopee Philippines (Monde Nissin Shopee)","15 Jan, 2026","3 hrs ago","15 Jan, 2026 11AM - 8PM"
"1864",="2601153UJ5Q7DX","CLL3MNE115653391 $","","SPX Express","Monde Nissin","Shopee Philippines (Monde Nissin Shopee)","15 Jan, 2026","3 hrs ago","15 Jan, 2026 11AM - 8PM"
"1865",="2601153UJN058P","CLL3MNE115653402 $","","SPX Express","Monde Nissin","Shopee Philippines (Monde Nissin Shopee)","15 Jan, 2026","3 hrs ago","15 Jan, 2026 11AM - 8PM"
"1866",="2601153UJDD6EG","CLL3MNE115653404 $","","SPX Express","Monde Nissin","Shopee Philippines (Monde Nissin Shopee)","15 Jan, 2026","3 hrs ago","15 Jan, 2026 11AM - 8PM"
"1867",="2601153V5QCS54","CLL3ARA115653411","","SPX Express","ARLA PH","Shopee Philippines (Arla Shopee)","15 Jan, 2026","3 hrs ago","15 Jan, 2026 11AM - 8PM"
"1868",="2601153UPPQJ36","CLL3MNE115653412 $","","SPX Express","Monde Nissin","Shopee Philippines (Monde Nissin Shopee)","15 Jan, 2026","3 hrs ago","15 Jan, 2026 11AM - 8PM"
"1869",="2601153UJNWQ0F","CLL3MNE115653415 $","","SPX Express","Monde Nissin","Shopee Philippines (Monde Nissin Shopee)","15 Jan, 2026","3 hrs ago","15 Jan, 2026 11AM - 8PM"
"1870",="2601153UPVDGP9","CLL3MNE115653414 $","","SPX Express","Monde Nissin","Shopee Philippines (Monde Nissin Shopee)","15 Jan, 2026","3 hrs ago","15 Jan, 2026 11AM - 8PM"
"1871",="2601153V7JEHMA","CLL3MNE115653420","","SPX Express","Monde Nissin","Shopee Philippines (Monde Nissin Shopee)","15 Jan, 2026","3 hrs ago","15 Jan, 2026 11AM - 8PM"
"1872",="2601153V4G748P","CLL3MNE115653423","","J&T Cargo","Monde Nissin","Shopee Philippines (Monde Nissin Shopee)","15 Jan, 2026","3 hrs ago","15 Jan, 2026 11AM - 8PM"
"1873",="2601153UPG1ME5","CLL3MNE115653426 $","","SPX Express","Monde Nissin","Shopee Philippines (Monde Nissin Shopee)","15 Jan, 2026","3 hrs ago","15 Jan, 2026 11AM - 8PM"
"1874",="2601153UPUGNAC","CLL3ARA115653431 $","","SPX Express","ARLA PH","Shopee Philippines (Arla Shopee)","15 Jan, 2026","3 hrs ago","15 Jan, 2026 11AM - 8PM"
"1875",="582122699920148025","CLL3ARA115653436 $","","J&T Express","ARLA PH","Tiktok Philippines (Arla Tiktok)","15 Jan, 2026","3 hrs ago","16 Jan, 2026 11AM - 8PM"
"1876",="582122729630893325","CLL3ARA115653439 $","","J&T Express","ARLA PH","Tiktok Philippines (Arla Tiktok)","15 Jan, 2026","3 hrs ago","16 Jan, 2026 11AM - 8PM"
"1877",="2601153USXKM5U","CLL3MNE115653445 $","","SPX Express","Monde Nissin","Shopee Philippines (Monde Nissin Shopee)","15 Jan, 2026","3 hrs ago","15 Jan, 2026 11AM - 8PM"
"1878",="1073318779396474","CLL3MNE115653448 $","","LEX PH","Monde Nissin","Lazada Philippines (Monde Nissin Lazada)","15 Jan, 2026","3 hrs ago","16 Jan, 2026 11AM - 8PM"
"1879",="2601153V728UP7","CLL3MNE115653449","","SPX Express","Monde Nissin","Shopee Philippines (Monde Nissin Shopee)","15 Jan, 2026","3 hrs ago","15 Jan, 2026 11AM - 8PM"
"1880",="1064962638672897","CLL3MNE115653450","","LEX PH","Monde Nissin","Lazada Philippines (Monde Nissin Lazada)","15 Jan, 2026","3 hrs ago","16 Jan, 2026 11AM - 8PM"
"1881",="2601153UQQ5M9N","CLL3MNE115653458 $","","SPX Express","Monde Nissin","Shopee Philippines (Monde Nissin Shopee)","15 Jan, 2026","3 hrs ago","15 Jan, 2026 11AM - 8PM"
"1882",="2601153UTPERYF","CLL3MNE115653459 $","","SPX Express","Monde Nissin","Shopee Philippines (Monde Nissin Shopee)","15 Jan, 2026","3 hrs ago","15 Jan, 2026 11AM - 8PM"
"1883",="2601153VD1WVXA","CLL3MNE115653460","","SPX Express","Monde Nissin","Shopee Philippines (Monde Nissin Shopee)","15 Jan, 2026","3 hrs ago","15 Jan, 2026 11AM - 8PM"
"1884",="2601153UV1C50W","CLL3MNE115653464 $","","SPX Express","Monde Nissin","Shopee Philippines (Monde Nissin Shopee)","15 Jan, 2026","3 hrs ago","15 Jan, 2026 11AM - 8PM"
"1885",="2601153UTB0WE7","CLL3MNE115653465 $","","SPX Express","Monde Nissin","Shopee Philippines (Monde Nissin Shopee)","15 Jan, 2026","3 hrs ago","15 Jan, 2026 11AM - 8PM"
"1886",="2601153UQN8JW7","CLL3MNE115653472 $","","SPX Express","Monde Nissin","Shopee Philippines (Monde Nissin Shopee)","15 Jan, 2026","3 hrs ago","15 Jan, 2026 11AM - 8PM"
"1887",="2601153USK5HJ1","CLL3MNE115653477 $","","SPX Express","Monde Nissin","Shopee Philippines (Monde Nissin Shopee)","15 Jan, 2026","3 hrs ago","15 Jan, 2026 11AM - 8PM"
"1888",="2601153VC2FV7A","CLL3MNE115653478","","SPX Express","Monde Nissin","Shopee Philippines (Monde Nissin Shopee)","15 Jan, 2026","3 hrs ago","15 Jan, 2026 11AM - 8PM"
"1889",="2601153V84K0QX","CLL3ARA115653480","","SPX Express","ARLA PH","Shopee Philippines (Arla Shopee)","15 Jan, 2026","3 hrs ago","15 Jan, 2026 11AM - 8PM"
"1890",="2601153VCCXY56","CLL3MNE115653483","","SPX Express","Monde Nissin","Shopee Philippines (Monde Nissin Shopee)","15 Jan, 2026","3 hrs ago","15 Jan, 2026 11AM - 8PM"
"1891",="2601153UVEQBAS","CLL3MNE115653486 $","","SPX Express","Monde Nissin","Shopee Philippines (Monde Nissin Shopee)","15 Jan, 2026","3 hrs ago","15 Jan, 2026 11AM - 8PM"
"1892",="2601153VFBDUTK","CLL3ARA115653497","","SPX Express","ARLA PH","Shopee Philippines (Arla Shopee)","15 Jan, 2026","3 hrs ago","15 Jan, 2026 11AM - 8PM"
"1893",="2601153UY8CUU3","CLL3MNE115653503 $","","SPX Express","Monde Nissin","Shopee Philippines (Monde Nissin Shopee)","15 Jan, 2026","3 hrs ago","15 Jan, 2026 11AM - 8PM"
"1894",="2601153V1QJ2AD","CLL3MNE115653510 $","","SPX Express","Monde Nissin","Shopee Philippines (Monde Nissin Shopee)","15 Jan, 2026","3 hrs ago","15 Jan, 2026 11AM - 8PM"
"1895",="2601153UY5HRFD","CLL3ARA115653512 $","","SPX Express","ARLA PH","Shopee Philippines (Arla Shopee)","15 Jan, 2026","3 hrs ago","15 Jan, 2026 11AM - 8PM"
"1896",="2601153UWD9V2N","CLL3MNE115653514 $","","SPX Express","Monde Nissin","Shopee Philippines (Monde Nissin Shopee)","15 Jan, 2026","3 hrs ago","15 Jan, 2026 11AM - 8PM"
"1897",="2601153UYRKFB9","CLL3MNE115653516 $","","SPX Express","Monde Nissin","Shopee Philippines (Monde Nissin Shopee)","15 Jan, 2026","3 hrs ago","15 Jan, 2026 11AM - 8PM"
"1898",="2601153VKKQAX8","CLL3ARA115653530","","SPX Express","ARLA PH","Shopee Philippines (Arla Shopee)","15 Jan, 2026","3 hrs ago","15 Jan, 2026 11AM - 8PM"
"1899",="1064959655768196","CLL3LGM115653532","","LEX PH","LAGUNA MAIN COMPANY","Lazada Philippines (Mc Cormick Lazada)","15 Jan, 2026","3 hrs ago","16 Jan, 2026 11AM - 8PM"
"1900",="2601153UYTG8W0","CLL3TBY115653541 $","","SPX Express","The Body Shop","Shopee Philippines (The Body Shop Shopee)","15 Jan, 2026","3 hrs ago","15 Jan, 2026 11AM - 8PM"
"1901",="2601153VH4KWCK","CLL3MNE115653542","","SPX Express","Monde Nissin","Shopee Philippines (Monde Nissin Shopee)","15 Jan, 2026","3 hrs ago","15 Jan, 2026 11AM - 8PM"
"1902",="2601153VJTXUXX","CLL3MNE115653543","","J&T","Monde Nissin","Shopee Philippines (Monde Nissin Shopee)","15 Jan, 2026","3 hrs ago","15 Jan, 2026 11AM - 8PM"
"1903",="2601153VJ7WG4R","CLL3MNE115653544","","SPX Express","Monde Nissin","Shopee Philippines (Monde Nissin Shopee)","15 Jan, 2026","3 hrs ago","15 Jan, 2026 11AM - 8PM"
"1904",="2601153VHVEBK5","CLL3MNE115653549","","SPX Express","Monde Nissin","Shopee Philippines (Monde Nissin Shopee)","15 Jan, 2026","3 hrs ago","15 Jan, 2026 11AM - 8PM"
"1905",="2601153VF9GBD1","CLL3MNE115653555","","SPX Express","Monde Nissin","Shopee Philippines (Monde Nissin Shopee)","15 Jan, 2026","3 hrs ago","15 Jan, 2026 11AM - 8PM"
"1906",="2601153V2CHC78","CLL3ARA115653562 $","","SPX Express","ARLA PH","Shopee Philippines (Arla Shopee)","15 Jan, 2026","3 hrs ago","15 Jan, 2026 11AM - 8PM"
"1907",="2601153V0YR7M9","CLL3MNE115653567 $","","SPX Express","Monde Nissin","Shopee Philippines (Monde Nissin Shopee)","15 Jan, 2026","3 hrs ago","15 Jan, 2026 11AM - 8PM"
"1908",="2601153V1VAR81","CLL3MNE115653568 $","","SPX Express","Monde Nissin","Shopee Philippines (Monde Nissin Shopee)","15 Jan, 2026","3 hrs ago","15 Jan, 2026 11AM - 8PM"
"1909",="2601153V2CGNDD","CLL3MNE115653571 $","","SPX Express","Monde Nissin","Shopee Philippines (Monde Nissin Shopee)","15 Jan, 2026","3 hrs ago","15 Jan, 2026 11AM - 8PM"
"1910",="2601153UWJ1BXF","CLL3MNE115653572 $","","SPX Express","Monde Nissin","Shopee Philippines (Monde Nissin Shopee)","15 Jan, 2026","3 hrs ago","15 Jan, 2026 11AM - 8PM"
"1911",="2601153V2GBX8D","CLL3MNE115653574 $","","SPX Express","Monde Nissin","Shopee Philippines (Monde Nissin Shopee)","15 Jan, 2026","3 hrs ago","15 Jan, 2026 11AM - 8PM"
"1912",="2601153UWG4JXF","CLL3MNE115653575 $","","SPX Express","Monde Nissin","Shopee Philippines (Monde Nissin Shopee)","15 Jan, 2026","3 hrs ago","15 Jan, 2026 11AM - 8PM"
"1913",="2601153VPJ5RTM","CLL3ARA115653680","","SPX Express","ARLA PH","Shopee Philippines (Arla Shopee)","15 Jan, 2026","3 hrs ago","15 Jan, 2026 11AM - 8PM"
"1914",="2601153VQJM74T","CLL3MNE115653684","","SPX Express","Monde Nissin","Shopee Philippines (Monde Nissin Shopee)","15 Jan, 2026","3 hrs ago","15 Jan, 2026 11AM - 8PM"
"1915",="2601153VNGRXWA","CLL3LGM115653706","","SPX Express","LAGUNA MAIN COMPANY","Shopee Philippines (Mc Cormick Shopee)","15 Jan, 2026","3 hrs ago","15 Jan, 2026 11AM - 8PM"
"1916",="2601153VMEG0V5","CLL3MNE115653707","","SPX Express","Monde Nissin","Shopee Philippines (Monde Nissin Shopee)","15 Jan, 2026","3 hrs ago","15 Jan, 2026 11AM - 8PM"
"1917",="2601153V78WB1V","CLL3MNE115653714 $","","SPX Express","Monde Nissin","Shopee Philippines (Monde Nissin Shopee)","15 Jan, 2026","3 hrs ago","15 Jan, 2026 11AM - 8PM"
"1918",="2601153V2YJCCT","CLL3MNE115653717 $","","SPX Express","Monde Nissin","Shopee Philippines (Monde Nissin Shopee)","15 Jan, 2026","3 hrs ago","15 Jan, 2026 11AM - 8PM"
"1919",="1073317387292034","CLL3MNE115653724","","LEX","Monde Nissin","Lazada Philippines (Monde Nissin Lazada)","15 Jan, 2026","3 hrs ago","16 Jan, 2026 11AM - 8PM"
"1920",="2601153VNKP7EN","CLL3MNE115653749","","SPX Express","Monde Nissin","Shopee Philippines (Monde Nissin Shopee)","15 Jan, 2026","3 hrs ago","15 Jan, 2026 11AM - 8PM"
"1921",="2601153V3EV1A9","CLL3MNE115653748 $","","SPX Express","Monde Nissin","Shopee Philippines (Monde Nissin Shopee)","15 Jan, 2026","3 hrs ago","15 Jan, 2026 11AM - 8PM"
"1922",="582122779453917022","CLL3MNE115653760 $","","J&T Express","Monde Nissin","Tiktok Philippines (Monde Nissin Tiktok)","15 Jan, 2026","3 hrs ago","16 Jan, 2026 11AM - 8PM"
"1923",="2601153VGCR6WM","CLL3ARA115653767","","SPX Express","ARLA PH","Shopee Philippines (Arla Shopee)","15 Jan, 2026","3 hrs ago","15 Jan, 2026 11AM - 8PM"
"1924",="2601153VH8E9DJ","CLL3ARA115653769","","SPX Express","ARLA PH","Shopee Philippines (Arla Shopee)","15 Jan, 2026","3 hrs ago","15 Jan, 2026 11AM - 8PM"
"1925",="2601153VUYPRB6","CLL3ARA115653777","","SPX Express","ARLA PH","Shopee Philippines (Arla Shopee)","15 Jan, 2026","3 hrs ago","15 Jan, 2026 11AM - 8PM"
"1926",="2601153VB7T40U","CLL3MNE115653779 $","","SPX Express","Monde Nissin","Shopee Philippines (Monde Nissin Shopee)","15 Jan, 2026","3 hrs ago","15 Jan, 2026 11AM - 8PM"
"1927",="2601153VBM6N8A","CLL3MNE115653781 $","","SPX Express","Monde Nissin","Shopee Philippines (Monde Nissin Shopee)","15 Jan, 2026","3 hrs ago","15 Jan, 2026 11AM - 8PM"
"1928",="2601153VVRJS94","CLL3MNE115653784","","SPX Express","Monde Nissin","Shopee Philippines (Monde Nissin Shopee)","15 Jan, 2026","3 hrs ago","15 Jan, 2026 11AM - 8PM"
"1929",="2601153VAX7EET","CLL3MNE115653795 $","","SPX Express","Monde Nissin","Shopee Philippines (Monde Nissin Shopee)","15 Jan, 2026","3 hrs ago","15 Jan, 2026 11AM - 8PM"
"1930",="2601153VCGRMC5","CLL3TBY115653796 $","","SPX Express","The Body Shop","Shopee Philippines (The Body Shop Shopee)","15 Jan, 2026","3 hrs ago","15 Jan, 2026 11AM - 8PM"
"1931",="2601153V728ADW","CLL3ARA115653798 $","","SPX Express","ARLA PH","Shopee Philippines (Arla Shopee)","15 Jan, 2026","3 hrs ago","15 Jan, 2026 11AM - 8PM"
"1932",="2601153VBUUD6D","CLL3MNE115653801 $","","SPX Express","Monde Nissin","Shopee Philippines (Monde Nissin Shopee)","15 Jan, 2026","3 hrs ago","15 Jan, 2026 11AM - 8PM"
"1933",="582122789923686181","CLL3LGM115653802 $","","J&T Express","LAGUNA MAIN COMPANY","Tiktok Philippines (Mccormick Tiktok)","15 Jan, 2026","3 hrs ago","16 Jan, 2026 11AM - 8PM"
"1934",="2601153VUJDTC5","CLL3MNE115653808","","SPX Express","Monde Nissin","Shopee Philippines (Monde Nissin Shopee)","15 Jan, 2026","3 hrs ago","15 Jan, 2026 11AM - 8PM"
"1935",="2601153V9FF687","CLL3MNE115653810 $","","J&T Cargo","Monde Nissin","Shopee Philippines (Monde Nissin Shopee)","15 Jan, 2026","3 hrs ago","15 Jan, 2026 11AM - 8PM"
"1936",="2601153VCNKBFA","CLL3MNE115653815 $","","SPX Express","Monde Nissin","Shopee Philippines (Monde Nissin Shopee)","15 Jan, 2026","3 hrs ago","15 Jan, 2026 11AM - 8PM"
"1937",="2601153VXMN1P0","CLL3MNE115653814","","SPX Express","Monde Nissin","Shopee Philippines (Monde Nissin Shopee)","15 Jan, 2026","3 hrs ago","15 Jan, 2026 11AM - 8PM"
"1938",="2601153VBUS9EU","CLL3MNE115653816 $","","SPX Express","Monde Nissin","Shopee Philippines (Monde Nissin Shopee)","15 Jan, 2026","3 hrs ago","15 Jan, 2026 11AM - 8PM"
"1939",="2601153V9264SB","CLL3MNE115653817 $","","J&T","Monde Nissin","Shopee Philippines (Monde Nissin Shopee)","15 Jan, 2026","3 hrs ago","15 Jan, 2026 11AM - 8PM"
"1940",="2601153VRRPUAE","CLL3MNE115653859","","SPX Express","Monde Nissin","Shopee Philippines (Monde Nissin Shopee)","15 Jan, 2026","3 hrs ago","16 Jan, 2026 11AM - 8PM"
"1941",="2601153VRPSSBV","CLL3ARA115653860","","SPX Express","ARLA PH","Shopee Philippines (Arla Shopee)","15 Jan, 2026","3 hrs ago","16 Jan, 2026 11AM - 8PM"
"1942",="2601153WBFPFD1","CLL3ARA115653872","","Shopee Express","ARLA PH","Shopee Philippines (Arla Shopee)","15 Jan, 2026","3 hrs ago","16 Jan, 2026 11AM - 8PM"
"1943",="1064971007004195","CLL3LGM115653884","","LEX PH","LAGUNA MAIN COMPANY","Lazada Philippines (Mentholatum Lazada)","15 Jan, 2026","3 hrs ago","16 Jan, 2026 11AM - 8PM"
"1944",="1064964624578842","CLL3MNE115653885","","LEX PH","Monde Nissin","Lazada Philippines (Monde Nissin Lazada)","15 Jan, 2026","3 hrs ago","16 Jan, 2026 11AM - 8PM"
"1945",="1073323760140455","CLL3MNE115653887","","LEX","Monde Nissin","Lazada Philippines (Monde Nissin Lazada)","15 Jan, 2026","3 hrs ago","16 Jan, 2026 11AM - 8PM"
"1946",="1073320576680793","CLL3MNE115653889","","LEX PH","Monde Nissin","Lazada Philippines (Monde Nissin Lazada)","15 Jan, 2026","3 hrs ago","16 Jan, 2026 11AM - 8PM"
"1947",="1064964037605342","CLL3MNE115653888 $","","LEX","Monde Nissin","Lazada Philippines (Monde Nissin Lazada)","15 Jan, 2026","3 hrs ago","16 Jan, 2026 11AM - 8PM"
"1948",="1073325928964070","CLL3MNE115653891 $","","LEX PH","Monde Nissin","Lazada Philippines (Monde Nissin Lazada)","15 Jan, 2026","3 hrs ago","16 Jan, 2026 11AM - 8PM"
"1949",="1073329908060863","CLL3MNE115653893 $","","LEX","Monde Nissin","Lazada Philippines (Monde Nissin Lazada)","15 Jan, 2026","3 hrs ago","16 Jan, 2026 11AM - 8PM"
"1950",="1064965229706440","CLL3MNE115653892 $","","LEX","Monde Nissin","Lazada Philippines (Monde Nissin Lazada)","15 Jan, 2026","3 hrs ago","16 Jan, 2026 11AM - 8PM"
"1951",="1064964225208329","CLL3MNE115653895 $","","LEX PH","Monde Nissin","Lazada Philippines (Monde Nissin Lazada)","15 Jan, 2026","3 hrs ago","16 Jan, 2026 11AM - 8PM"
"1952",="1064962073510412","CLL3LGM115653914","","LEX PH","LAGUNA MAIN COMPANY","Lazada Philippines (Mentholatum Lazada)","15 Jan, 2026","3 hrs ago","16 Jan, 2026 11AM - 8PM"
"1953",="2601153VYUPBFY","CLL3ARA115653920","","SPX Express","ARLA PH","Shopee Philippines (Arla Shopee)","15 Jan, 2026","3 hrs ago","16 Jan, 2026 11AM - 8PM"
"1954",="2601153W2WWM75","CLL3ARA115653924","","SPX Express","ARLA PH","Shopee Philippines (Arla Shopee)","15 Jan, 2026","3 hrs ago","16 Jan, 2026 11AM - 8PM"
"1955",="2601153W0AXHC9","CLL3ARA115653929","","SPX Express","ARLA PH","Shopee Philippines (Arla Shopee)","15 Jan, 2026","3 hrs ago","16 Jan, 2026 11AM - 8PM"
"1956",="2601153W00EG6E","CLL3MNE115653932","","SPX Express","Monde Nissin","Shopee Philippines (Monde Nissin Shopee)","15 Jan, 2026","3 hrs ago","16 Jan, 2026 11AM - 8PM"
"1957",="2601153W10V4UJ","CLL3MNE115653935","","J&T","Monde Nissin","Shopee Philippines (Monde Nissin Shopee)","15 Jan, 2026","3 hrs ago","16 Jan, 2026 11AM - 8PM"
"1958",="2601153VJYRS0H","CLL3MNE115653937 $","","SPX Express","Monde Nissin","Shopee Philippines (Monde Nissin Shopee)","15 Jan, 2026","3 hrs ago","16 Jan, 2026 11AM - 8PM"
"1959",="2601153VJGENDP","CLL3LGM115653947 $","","SPX Express","LAGUNA MAIN COMPANY","Shopee Philippines (Columbia Candies Shopee)","15 Jan, 2026","3 hrs ago","16 Jan, 2026 11AM - 8PM"
"1960",="2601153W1TMQRK","CLL3MNE115653948","","SPX Express","Monde Nissin","Shopee Philippines (Monde Nissin Shopee)","15 Jan, 2026","3 hrs ago","16 Jan, 2026 11AM - 8PM"
"1961",="2601153VHTJDNJ","CLL3MNE115653955 $","","SPX Express","Monde Nissin","Shopee Philippines (Monde Nissin Shopee)","15 Jan, 2026","3 hrs ago","16 Jan, 2026 11AM - 8PM"
"1962",="2601153VQS7P8P","CLL3LGM115653958 $","","SPX Express","LAGUNA MAIN COMPANY","Shopee Philippines (Mc Cormick Shopee)","15 Jan, 2026","3 hrs ago","16 Jan, 2026 11AM - 8PM"
"1963",="2601153W1AFKDG","CLL3MNE115653961","","SPX Express","Monde Nissin","Shopee Philippines (Monde Nissin Shopee)","15 Jan, 2026","3 hrs ago","16 Jan, 2026 11AM - 8PM"
"1964",="2601153VF0X1FG","CLL3MNE115653965 $","","SPX Express","Monde Nissin","Shopee Philippines (Monde Nissin Shopee)","15 Jan, 2026","3 hrs ago","16 Jan, 2026 11AM - 8PM"
"1965",="2601153W6BJYP5","CLL3ARA115653976","","SPX Express","ARLA PH","Shopee Philippines (Arla Shopee)","15 Jan, 2026","3 hrs ago","16 Jan, 2026 11AM - 8PM"
"1966",="2601153W9RBP7M","CLL3LGM115653979","","SPX Express","LAGUNA MAIN COMPANY","Shopee Philippines (Mentholatum Shopee)","15 Jan, 2026","3 hrs ago","16 Jan, 2026 11AM - 8PM"
"1967",="2601153W1TP723","CLL3LGM115653980","","SPX Express","LAGUNA MAIN COMPANY","Shopee Philippines (Mc Cormick Shopee)","15 Jan, 2026","3 hrs ago","16 Jan, 2026 11AM - 8PM"
"1968",="2601153VM6T9GC","CLL3LGM115653981 $","","SPX Express","LAGUNA MAIN COMPANY","Shopee Philippines (Mentholatum Shopee)","15 Jan, 2026","3 hrs ago","16 Jan, 2026 11AM - 8PM"
"1969",="582122836321535604","CLL3ARA115653987 $","","J&T Express","ARLA PH","Tiktok Philippines (Arla Tiktok)","15 Jan, 2026","3 hrs ago","16 Jan, 2026 11AM - 8PM"
"1970",="2601153VNNJ5KY","CLL3MNE115653990 $","","SPX Express","Monde Nissin","Shopee Philippines (Monde Nissin Shopee)","15 Jan, 2026","3 hrs ago","16 Jan, 2026 11AM - 8PM"
"1971",="2601153VMP1QSA","CLL3LGM115653993 $","","SPX Express","LAGUNA MAIN COMPANY","Shopee Philippines (Mc Cormick Shopee)","15 Jan, 2026","3 hrs ago","16 Jan, 2026 11AM - 8PM"
"1972",="2601153VP8KE4M","CLL3MNE115653995 $","","SPX Express","Monde Nissin","Shopee Philippines (Monde Nissin Shopee)","15 Jan, 2026","3 hrs ago","16 Jan, 2026 11AM - 8PM"
"1973",="2601153W5MRDT2","CLL3MNE115653996","","SPX Express","Monde Nissin","Shopee Philippines (Monde Nissin Shopee)","15 Jan, 2026","3 hrs ago","16 Jan, 2026 11AM - 8PM"
"1974",="2601153W52MH9K","CLL3LGM115653999","","SPX Express","LAGUNA MAIN COMPANY","Shopee Philippines (Mc Cormick Shopee)","15 Jan, 2026","3 hrs ago","16 Jan, 2026 11AM - 8PM"
"1975",="2601153VMRX4GP","CLL3MNE115654000 $","","SPX Express","Monde Nissin","Shopee Philippines (Monde Nissin Shopee)","15 Jan, 2026","3 hrs ago","16 Jan, 2026 11AM - 8PM"
"1976",="2601153W6N5YJ6","CLL3MNE115654003","","SPX Express","Monde Nissin","Shopee Philippines (Monde Nissin Shopee)","15 Jan, 2026","3 hrs ago","16 Jan, 2026 11AM - 8PM"
"1977",="26011534QASC1U","CLL3MNE115654004","","SPX Express","Monde Nissin","Shopee Philippines (Monde Nissin Shopee)","15 Jan, 2026","3 hrs ago","16 Jan, 2026 11AM - 8PM"
"1978",="2601153VRJ3S6C","CLL3LGM115654009 $","","SPX Express","LAGUNA MAIN COMPANY","Shopee Philippines (Mc Cormick Shopee)","15 Jan, 2026","3 hrs ago","16 Jan, 2026 11AM - 8PM"
"1979",="2601153W5KQW4T","CLL3MNE115654010","","J&T Cargo","Monde Nissin","Shopee Philippines (Monde Nissin Shopee)","15 Jan, 2026","3 hrs ago","16 Jan, 2026 11AM - 8PM"
"1980",="2601153VM4VKMD","CLL3MNE115654011 $","","SPX Express","Monde Nissin","Shopee Philippines (Monde Nissin Shopee)","15 Jan, 2026","3 hrs ago","16 Jan, 2026 11AM - 8PM"
"1981",="2601153WCUJFY5","CLL3ARA115654015","","J&T Cargo","ARLA PH","Shopee Philippines (Arla Shopee)","15 Jan, 2026","3 hrs ago","16 Jan, 2026 11AM - 8PM"
"1982",="2601153VTG1MS9","CLL3ARA115654023 $","","SPX Express","ARLA PH","Shopee Philippines (Arla Shopee)","15 Jan, 2026","3 hrs ago","16 Jan, 2026 11AM - 8PM"
"1983",="2601153VUR4EM1","CLL3MNE115654024 $","","SPX Express","Monde Nissin","Shopee Philippines (Monde Nissin Shopee)","15 Jan, 2026","3 hrs ago","16 Jan, 2026 11AM - 8PM"
"1984",="2601153VU52Q1E","CLL3MNE115654028 $","","SPX Express","Monde Nissin","Shopee Philippines (Monde Nissin Shopee)","15 Jan, 2026","3 hrs ago","16 Jan, 2026 11AM - 8PM"
"1985",="2601153WD2805H","CLL3ARA115654029","","SPX Express","ARLA PH","Shopee Philippines (Arla Shopee)","15 Jan, 2026","3 hrs ago","16 Jan, 2026 11AM - 8PM"
"1986",="2601153VUBRCQX","CLL3ARA115654035 $","","SPX Express","ARLA PH","Shopee Philippines (Arla Shopee)","15 Jan, 2026","3 hrs ago","16 Jan, 2026 11AM - 8PM"
"1987",="2601153VTB8AXR","CLL3ARA115654038 $","","SPX Express","ARLA PH","Shopee Philippines (Arla Shopee)","15 Jan, 2026","3 hrs ago","16 Jan, 2026 11AM - 8PM"
"1988",="2601153VRSPS1U","CLL3LGM115654039 $","","SPX Express","LAGUNA MAIN COMPANY","Shopee Philippines (Columbia Candies Shopee)","15 Jan, 2026","3 hrs ago","16 Jan, 2026 11AM - 8PM"
"1989",="2601153VWRWTQK","CLL3ARA115654040 $","","SPX Express","ARLA PH","Shopee Philippines (Arla Shopee)","15 Jan, 2026","3 hrs ago","16 Jan, 2026 11AM - 8PM"
"1990",="2601153VT9D05Q","CLL3MNE115654041 $","","SPX Express","Monde Nissin","Shopee Philippines (Monde Nissin Shopee)","15 Jan, 2026","3 hrs ago","16 Jan, 2026 11AM - 8PM"
"1991",="2601153WABEXKB","CLL3MNE115654043","","J&T Cargo","Monde Nissin","Shopee Philippines (Monde Nissin Shopee)","15 Jan, 2026","3 hrs ago","16 Jan, 2026 11AM - 8PM"
"1992",="2601153W983TKA","CLL3MNE115654048","","SPX Express","Monde Nissin","Shopee Philippines (Monde Nissin Shopee)","15 Jan, 2026","3 hrs ago","16 Jan, 2026 11AM - 8PM"
"1993",="2601153VU6X5UR","CLL3MNE115654049 $","","SPX Express","Monde Nissin","Shopee Philippines (Monde Nissin Shopee)","15 Jan, 2026","3 hrs ago","16 Jan, 2026 11AM - 8PM"
"1994",="2601153VSCT85R","CLL3MNE115654053 $","","SPX Express","Monde Nissin","Shopee Philippines (Monde Nissin Shopee)","15 Jan, 2026","3 hrs ago","16 Jan, 2026 11AM - 8PM"
"1995",="2601153VSMCGW4","CLL3MNE115654052 $","","SPX Express","Monde Nissin","Shopee Philippines (Monde Nissin Shopee)","15 Jan, 2026","3 hrs ago","16 Jan, 2026 11AM - 8PM"
"1996",="2601153VTAB6PE","CLL3MNE115654057 $","","SPX Express","Monde Nissin","Shopee Philippines (Monde Nissin Shopee)","15 Jan, 2026","3 hrs ago","16 Jan, 2026 11AM - 8PM"
"1997",="2601153VRXF792","CLL3MNE115654058","","SPX Express","Monde Nissin","Shopee Philippines (Monde Nissin Shopee)","15 Jan, 2026","3 hrs ago","16 Jan, 2026 11AM - 8PM"
"1998",="2601153WEWAUYU","CLL3ARA115654059","","SPX Express","ARLA PH","Shopee Philippines (Arla Shopee)","15 Jan, 2026","3 hrs ago","16 Jan, 2026 11AM - 8PM"
"1999",="2601153VTKWDW2","CLL3MNE115654062 $","","SPX Express","Monde Nissin","Shopee Philippines (Monde Nissin Shopee)","15 Jan, 2026","3 hrs ago","16 Jan, 2026 11AM - 8PM"
"2000",="2601153W20DAGD","CLL3MNE115654065","","SPX Express","Monde Nissin","Shopee Philippines (Monde Nissin Shopee)","15 Jan, 2026","3 hrs ago","16 Jan, 2026 11AM - 8PM"
"2001",="2601153VX7A88U","CLL3MNE115654073 $","","J&T","Monde Nissin","Shopee Philippines (Monde Nissin Shopee)","15 Jan, 2026","3 hrs ago","16 Jan, 2026 11AM - 8PM"
"2002",="2601153W17KYK3","CLL3MNE115654077 $","","SPX Express","Monde Nissin","Shopee Philippines (Monde Nissin Shopee)","15 Jan, 2026","3 hrs ago","16 Jan, 2026 11AM - 8PM"
"2003",="2601153VYSTUS4","CLL3MNE115654079 $","","SPX Express","Monde Nissin","Shopee Philippines (Monde Nissin Shopee)","15 Jan, 2026","3 hrs ago","16 Jan, 2026 11AM - 8PM"
"2004",="1064960486704252","CLL3MNE115654083 $","","LEX PH","Monde Nissin","Lazada Philippines (Monde Nissin Lazada)","15 Jan, 2026","3 hrs ago","16 Jan, 2026 11AM - 8PM"
"2005",="2601153W0CWRKA","CLL3MNE115654087 $","","SPX Express","Monde Nissin","Shopee Philippines (Monde Nissin Shopee)","15 Jan, 2026","3 hrs ago","16 Jan, 2026 11AM - 8PM"
"2006",="2601153VRNVW9T","CLL3MNE115654091","","SPX Express","Monde Nissin","Shopee Philippines (Monde Nissin Shopee)","15 Jan, 2026","3 hrs ago","16 Jan, 2026 11AM - 8PM"
"2007",="2601153VXX67K2","CLL3MNE115654099 $","","SPX Express","Monde Nissin","Shopee Philippines (Monde Nissin Shopee)","15 Jan, 2026","3 hrs ago","16 Jan, 2026 11AM - 8PM"
"2008",="2601153VDWK7UU","CLL3MNE115654101 $","","SPX Express","Monde Nissin","Shopee Philippines (Monde Nissin Shopee)","15 Jan, 2026","3 hrs ago","16 Jan, 2026 11AM - 8PM"
"2009",="2601153WKM1UAM","CLL3MNE115654104","","J&T Cargo","Monde Nissin","Shopee Philippines (Monde Nissin Shopee)","15 Jan, 2026","3 hrs ago","16 Jan, 2026 11AM - 8PM"
"2010",="2601153W36G0BG","CLL3LGM115654114 $","","SPX Express","LAGUNA MAIN COMPANY","Shopee Philippines (Mentholatum Shopee)","15 Jan, 2026","3 hrs ago","16 Jan, 2026 11AM - 8PM"
"2011",="2601153WGNMRNV","CLL3MNE115654118","","SPX Express","Monde Nissin","Shopee Philippines (Monde Nissin Shopee)","15 Jan, 2026","3 hrs ago","16 Jan, 2026 11AM - 8PM"
"2012",="2601153WHFA1KR","CLL3ARA115654122","","SPX Express","ARLA PH","Shopee Philippines (Arla Shopee)","15 Jan, 2026","3 hrs ago","16 Jan, 2026 11AM - 8PM"
"2013",="2601153WHSTRWN","CLL3MNE115654135","","SPX Express","Monde Nissin","Shopee Philippines (Monde Nissin Shopee)","15 Jan, 2026","3 hrs ago","16 Jan, 2026 11AM - 8PM"
"2014",="2601153W615EQ3","CLL3MNE115654136 $","","SPX Express","Monde Nissin","Shopee Philippines (Monde Nissin Shopee)","15 Jan, 2026","3 hrs ago","16 Jan, 2026 11AM - 8PM"
"2015",="2601153WRCJ21B","CLL3MNE115654137","","SPX Express","Monde Nissin","Shopee Philippines (Monde Nissin Shopee)","15 Jan, 2026","3 hrs ago","16 Jan, 2026 11AM - 8PM"
"2016",="2601153W7QFY5C","CLL3MNE115654143 $","","SPX Express","Monde Nissin","Shopee Philippines (Monde Nissin Shopee)","15 Jan, 2026","3 hrs ago","16 Jan, 2026 11AM - 8PM"
"2017",="2601153W49UQNT","CLL3MNE115654145 $","","SPX Express","Monde Nissin","Shopee Philippines (Monde Nissin Shopee)","15 Jan, 2026","3 hrs ago","16 Jan, 2026 11AM - 8PM"
"2018",="2601153WRR0GH4","CLL3LGM115654147","","SPX Express","LAGUNA MAIN COMPANY","Shopee Philippines (Mentholatum Shopee)","15 Jan, 2026","3 hrs ago","16 Jan, 2026 11AM - 8PM"
"2019",="2601153W3YBGS4","CLL3MNE115654152 $","","SPX Express","Monde Nissin","Shopee Philippines (Monde Nissin Shopee)","15 Jan, 2026","3 hrs ago","16 Jan, 2026 11AM - 8PM"
"2020",="2601153W6JA11A","CLL3MNE115654162 $","","SPX Express","Monde Nissin","Shopee Philippines (Monde Nissin Shopee)","15 Jan, 2026","3 hrs ago","16 Jan, 2026 11AM - 8PM"
"2021",="2601153WSQFA4K","CLL3ARA115654163","","SPX Express","ARLA PH","Shopee Philippines (Arla Shopee)","15 Jan, 2026","3 hrs ago","16 Jan, 2026 11AM - 8PM"
"2022",="2601153W7Y45UD","CLL3MNE115654164 $","","SPX Express","Monde Nissin","Shopee Philippines (Monde Nissin Shopee)","15 Jan, 2026","3 hrs ago","16 Jan, 2026 11AM - 8PM"
"2023",="2601153WSSCNTG","CLL3MNE115654165","","SPX Express","Monde Nissin","Shopee Philippines (Monde Nissin Shopee)","15 Jan, 2026","3 hrs ago","16 Jan, 2026 11AM - 8PM"
"2024",="2601153W3SJKUW","CLL3MNE115654168 $","","SPX Express","Monde Nissin","Shopee Philippines (Monde Nissin Shopee)","15 Jan, 2026","3 hrs ago","16 Jan, 2026 11AM - 8PM"
"2025",="2601153W5GWMNH","CLL3MNE115654171 $","","J&T Cargo","Monde Nissin","Shopee Philippines (Monde Nissin Shopee)","15 Jan, 2026","3 hrs ago","16 Jan, 2026 11AM - 8PM"
"2026",="2601153WP9U454","CLL3MNE115654178","","SPX Express","Monde Nissin","Shopee Philippines (Monde Nissin Shopee)","15 Jan, 2026","3 hrs ago","16 Jan, 2026 11AM - 8PM"
"2027",="2601153W5JURAT","CLL3MNE115654182 $","","SPX Express","Monde Nissin","Shopee Philippines (Monde Nissin Shopee)","15 Jan, 2026","3 hrs ago","16 Jan, 2026 11AM - 8PM"
"2028",="2601153W451B2Y","CLL3MNE115654184 $","","SPX Express","Monde Nissin","Shopee Philippines (Monde Nissin Shopee)","15 Jan, 2026","3 hrs ago","16 Jan, 2026 11AM - 8PM"
"2029",="2601153W5KTP6P","CLL3MNE115654185 $","","SPX Express","Monde Nissin","Shopee Philippines (Monde Nissin Shopee)","15 Jan, 2026","3 hrs ago","16 Jan, 2026 11AM - 8PM"
"2030",="2601153WBR8W51","CLL3MNE115654188 $","","SPX Express","Monde Nissin","Shopee Philippines (Monde Nissin Shopee)","15 Jan, 2026","3 hrs ago","16 Jan, 2026 11AM - 8PM"
"2031",="1064969023270740","CLL3LGM115654189","","LEX PH","LAGUNA MAIN COMPANY","Lazada Philippines (Mc Cormick Lazada)","15 Jan, 2026","3 hrs ago","16 Jan, 2026 11AM - 8PM"
"2032",="1064970035633661","CLL3MNE115654191","","LEX PH","Monde Nissin","Lazada Philippines (Monde Nissin Lazada)","15 Jan, 2026","3 hrs ago","16 Jan, 2026 11AM - 8PM"
"2033",="2601153WD601YY","CLL3LGM115654197 $","","SPX Express","LAGUNA MAIN COMPANY","Shopee Philippines (Mentholatum Shopee)","15 Jan, 2026","3 hrs ago","16 Jan, 2026 11AM - 8PM"
"2034",="2601153WA6KVJH","CLL3LGM115654200 $","","SPX Express","LAGUNA MAIN COMPANY","Shopee Philippines (Mc Cormick Shopee)","15 Jan, 2026","3 hrs ago","16 Jan, 2026 11AM - 8PM"
"2035",="2601153WTTS4X6","CLL3LGM115654208","","YTO Express","LAGUNA MAIN COMPANY","Shopee Philippines (Mc Cormick Shopee)","15 Jan, 2026","3 hrs ago","16 Jan, 2026 11AM - 8PM"
"2036",="2601153X0GWG9E","CLL3ARA115654215","","SPX Express","ARLA PH","Shopee Philippines (Arla Shopee)","15 Jan, 2026","3 hrs ago","16 Jan, 2026 11AM - 8PM"
"2037",="2601153WBEQ72Y","CLL3MNE115654216 $","","SPX Express","Monde Nissin","Shopee Philippines (Monde Nissin Shopee)","15 Jan, 2026","3 hrs ago","16 Jan, 2026 11AM - 8PM"
"2038",="2601153WC4NN5T","CLL3MNE115654219 $","","SPX Express","Monde Nissin","Shopee Philippines (Monde Nissin Shopee)","15 Jan, 2026","3 hrs ago","16 Jan, 2026 11AM - 8PM"
"2039",="26011532XCBC9S","CLL3MNE115654224","","J&T","Monde Nissin","Shopee Philippines (Monde Nissin Shopee)","15 Jan, 2026","3 hrs ago","16 Jan, 2026 11AM - 8PM"
"2040",="260110NVQQ4NDC","CLL3MNE115654232","","SPX Express","Monde Nissin","Shopee Philippines (Monde Nissin Shopee)","15 Jan, 2026","3 hrs ago","16 Jan, 2026 11AM - 8PM"
"2041",="2601153W975KNH","CLL3MNE115654234 $","","SPX Express","Monde Nissin","Shopee Philippines (Monde Nissin Shopee)","15 Jan, 2026","3 hrs ago","16 Jan, 2026 11AM - 8PM"
"2042",="2601153553CX1A","CLL3MNE115654238","","SPX Express","Monde Nissin","Shopee Philippines (Monde Nissin Shopee)","15 Jan, 2026","3 hrs ago","16 Jan, 2026 11AM - 8PM"
"2043",="2601153WC7F9HA","CLL3ARA115654240 $","","SPX Express","ARLA PH","Shopee Philippines (Arla Shopee)","15 Jan, 2026","3 hrs ago","16 Jan, 2026 11AM - 8PM"
"2044",="2601153WDU0SNN","CLL3ARA115654241 $","","SPX Express","ARLA PH","Shopee Philippines (Arla Shopee)","15 Jan, 2026","3 hrs ago","16 Jan, 2026 11AM - 8PM"
"2045",="2601153W7SCNAH","CLL3MNE115654242 $","","SPX Express","Monde Nissin","Shopee Philippines (Monde Nissin Shopee)","15 Jan, 2026","3 hrs ago","16 Jan, 2026 11AM - 8PM"
"2046",="2601153WUBXM1D","CLL3MNE115654243","","SPX Express","Monde Nissin","Shopee Philippines (Monde Nissin Shopee)","15 Jan, 2026","3 hrs ago","16 Jan, 2026 11AM - 8PM"
"2047",="2601153WED4F82","CLL3MNE115654245 $","","SPX Express","Monde Nissin","Shopee Philippines (Monde Nissin Shopee)","15 Jan, 2026","3 hrs ago","16 Jan, 2026 11AM - 8PM"
"2048",="2601153WD8WB9H","CLL3MNE115654246 $","","SPX Express","Monde Nissin","Shopee Philippines (Monde Nissin Shopee)","15 Jan, 2026","3 hrs ago","16 Jan, 2026 11AM - 8PM"
"2049",="26011534UAJ8AF","CLL3MNE115654250","","J&T","Monde Nissin","Shopee Philippines (Monde Nissin Shopee)","15 Jan, 2026","3 hrs ago","16 Jan, 2026 11AM - 8PM"
"2050",="2601153W9MFYKC","CLL3MNE115654253 $","","SPX Express","Monde Nissin","Shopee Philippines (Monde Nissin Shopee)","15 Jan, 2026","3 hrs ago","16 Jan, 2026 11AM - 8PM"
"2051",="260110NVS3X20D","CLL3MNE115654256","","SPX Express","Monde Nissin","Shopee Philippines (Monde Nissin Shopee)","15 Jan, 2026","3 hrs ago","16 Jan, 2026 11AM - 8PM"
"2052",="2601153WB1AME7","CLL3MNE115654258 $","","SPX Express","Monde Nissin","Shopee Philippines (Monde Nissin Shopee)","15 Jan, 2026","3 hrs ago","16 Jan, 2026 11AM - 8PM"
"2053",="2601153WA6P9H0","CLL3MNE115654259 $","","SPX Express","Monde Nissin","Shopee Philippines (Monde Nissin Shopee)","15 Jan, 2026","3 hrs ago","16 Jan, 2026 11AM - 8PM"
"2054",="2601153WD9SUX4","CLL3MNE115654260 $","","SPX Express","Monde Nissin","Shopee Philippines (Monde Nissin Shopee)","15 Jan, 2026","3 hrs ago","16 Jan, 2026 11AM - 8PM"
"2055",="2601153WASRHEC","CLL3MNE115654261 $","","SPX Express","Monde Nissin","Shopee Philippines (Monde Nissin Shopee)","15 Jan, 2026","3 hrs ago","16 Jan, 2026 11AM - 8PM"
"2056",="2601153WH20G1N","CLL3MNE115654268 $","","SPX Express","Monde Nissin","Shopee Philippines (Monde Nissin Shopee)","15 Jan, 2026","3 hrs ago","16 Jan, 2026 11AM - 8PM"
"2057",="2601153WH21A1P","CLL3ARA115654269 $","","SPX Express","ARLA PH","Shopee Philippines (Arla Shopee)","15 Jan, 2026","3 hrs ago","16 Jan, 2026 11AM - 8PM"
"2058",="2601153WJ92P11","CLL3MNE115654270 $","","Shopee Self Pick-up","Monde Nissin","Shopee Philippines (Monde Nissin Shopee)","15 Jan, 2026","3 hrs ago","16 Jan, 2026 11AM - 8PM"
"2059",="2601153WHEDG9R","CLL3MNE115654272 $","","SPX Express","Monde Nissin","Shopee Philippines (Monde Nissin Shopee)","15 Jan, 2026","3 hrs ago","16 Jan, 2026 11AM - 8PM"
"2060",="2601153X13YPYC","CLL3MNE115654279","","SPX Express","Monde Nissin","Shopee Philippines (Monde Nissin Shopee)","15 Jan, 2026","3 hrs ago","16 Jan, 2026 11AM - 8PM"
"2061",="2601153WG3ES0M","CLL3ARA115654280 $","","SPX Express","ARLA PH","Shopee Philippines (Arla Shopee)","15 Jan, 2026","3 hrs ago","16 Jan, 2026 11AM - 8PM"
"2062",="2601153WF4WKGJ","CLL3MNE115654314 $","","SPX Express","Monde Nissin","Shopee Philippines (Monde Nissin Shopee)","15 Jan, 2026","3 hrs ago","16 Jan, 2026 11AM - 8PM"
"2063",="2601153WFAPU2A","CLL3LGM115654345 $","","SPX Express","LAGUNA MAIN COMPANY","Shopee Philippines (Mc Cormick Shopee)","15 Jan, 2026","3 hrs ago","16 Jan, 2026 11AM - 8PM"
"2064",="2601153WJPFCT6","CLL3MNE115654348 $","","J&T","Monde Nissin","Shopee Philippines (Monde Nissin Shopee)","15 Jan, 2026","3 hrs ago","16 Jan, 2026 11AM - 8PM"
"2065",="2601153X43BJEH","CLL3MNE115654349","","SPX Express","Monde Nissin","Shopee Philippines (Monde Nissin Shopee)","15 Jan, 2026","3 hrs ago","16 Jan, 2026 11AM - 8PM"
"2066",="2601153WKWJA13","CLL3MNE115654355 $","","SPX Express","Monde Nissin","Shopee Philippines (Monde Nissin Shopee)","15 Jan, 2026","3 hrs ago","16 Jan, 2026 11AM - 8PM"
"2067",="2601153WFTVF9D","CLL3MNE115654360 $","","SPX Express","Monde Nissin","Shopee Philippines (Monde Nissin Shopee)","15 Jan, 2026","3 hrs ago","16 Jan, 2026 11AM - 8PM"
"2068",="2601153WG5C8YH","CLL3MNE115654362 $","","SPX Express","Monde Nissin","Shopee Philippines (Monde Nissin Shopee)","15 Jan, 2026","3 hrs ago","16 Jan, 2026 11AM - 8PM"
"2069",="2601153WKXESUE","CLL3MNE115654367 $","","SPX Express","Monde Nissin","Shopee Philippines (Monde Nissin Shopee)","15 Jan, 2026","3 hrs ago","16 Jan, 2026 11AM - 8PM"
"2070",="2601153X8S51UM","CLL3MNE115654371","","SPX Express","Monde Nissin","Shopee Philippines (Monde Nissin Shopee)","15 Jan, 2026","3 hrs ago","16 Jan, 2026 11AM - 8PM"
"2071",="2601153X9F2U9E","CLL3ARA115654377","","SPX Express","ARLA PH","Shopee Philippines (Arla Shopee)","15 Jan, 2026","3 hrs ago","16 Jan, 2026 11AM - 8PM"
"2072",="2601153X8P7HXN","CLL3MNE115654378","","J&T Cargo","Monde Nissin","Shopee Philippines (Monde Nissin Shopee)","15 Jan, 2026","3 hrs ago","16 Jan, 2026 11AM - 8PM"
"2073",="2601153WJT86CW","CLL3MNE115654383 $","","SPX Express","Monde Nissin","Shopee Philippines (Monde Nissin Shopee)","15 Jan, 2026","3 hrs ago","16 Jan, 2026 11AM - 8PM"
"2074",="2601153X8P7HXM","CLL3ARA115654385","","SPX Express","ARLA PH","Shopee Philippines (Arla Shopee)","15 Jan, 2026","3 hrs ago","16 Jan, 2026 11AM - 8PM"
"2075",="2601153WMV38YC","CLL3MNE115654389 $","","J&T","Monde Nissin","Shopee Philippines (Monde Nissin Shopee)","15 Jan, 2026","3 hrs ago","16 Jan, 2026 11AM - 8PM"
"2076",="2601153WM64CVF","CLL3MNE115654392 $","","SPX Express","Monde Nissin","Shopee Philippines (Monde Nissin Shopee)","15 Jan, 2026","3 hrs ago","16 Jan, 2026 11AM - 8PM"
"2077",="2601153WN0UFXY","CLL3LGM115654394 $","","SPX Express","LAGUNA MAIN COMPANY","Shopee Philippines (Mc Cormick Shopee)","15 Jan, 2026","3 hrs ago","16 Jan, 2026 11AM - 8PM"
"2078",="2601153X62C195","CLL3MNE115654395","","J&T Cargo","Monde Nissin","Shopee Philippines (Monde Nissin Shopee)","15 Jan, 2026","3 hrs ago","16 Jan, 2026 11AM - 8PM"
"2079",="2601153WR8TGSD","CLL3MNE115654398 $","","SPX Express","Monde Nissin","Shopee Philippines (Monde Nissin Shopee)","15 Jan, 2026","3 hrs ago","16 Jan, 2026 11AM - 8PM"
"2080",="2601153X6901RH","CLL3MNE115654401","","SPX Express","Monde Nissin","Shopee Philippines (Monde Nissin Shopee)","15 Jan, 2026","3 hrs ago","16 Jan, 2026 11AM - 8PM"
"2081",="2601153WN7HFG3","CLL3MNE115654402 $","","SPX Express","Monde Nissin","Shopee Philippines (Monde Nissin Shopee)","15 Jan, 2026","3 hrs ago","16 Jan, 2026 11AM - 8PM"
"2082",="2601153WYMC38B","CLL3MNE115654405","","SPX Express","Monde Nissin","Shopee Philippines (Monde Nissin Shopee)","15 Jan, 2026","3 hrs ago","16 Jan, 2026 11AM - 8PM"
"2083",="2601153WQNQHN0","CLL3MNE115654414 $","","SPX Express","Monde Nissin","Shopee Philippines (Monde Nissin Shopee)","15 Jan, 2026","3 hrs ago","16 Jan, 2026 11AM - 8PM"
"2084",="2601153X9TEVKH","CLL3MNE115654413","","SPX Express","Monde Nissin","Shopee Philippines (Monde Nissin Shopee)","15 Jan, 2026","3 hrs ago","16 Jan, 2026 11AM - 8PM"
"2085",="2601153WQFYF3F","CLL3MNE115654416 $","","SPX Express","Monde Nissin","Shopee Philippines (Monde Nissin Shopee)","15 Jan, 2026","3 hrs ago","16 Jan, 2026 11AM - 8PM"
"2086",="1073327141534223","CLL3TBY115654422","","LEX PH","The Body Shop","Lazada Philippines (The Body Shop Lazada)","15 Jan, 2026","3 hrs ago","16 Jan, 2026 11AM - 8PM"
"2087",="1064968053820907","CLL3ARA115654424","","LEX PH","ARLA PH","Lazada Philippines (Arla Lazada)","15 Jan, 2026","3 hrs ago","16 Jan, 2026 11AM - 8PM"
"2088",="2601153XA5W2HD","CLL3ARA115654427","","SPX Express","ARLA PH","Shopee Philippines (Arla Shopee)","15 Jan, 2026","3 hrs ago","16 Jan, 2026 11AM - 8PM"
"2089",="2601153WN7GM3X","CLL3MNE115654429 $","","SPX Express","Monde Nissin","Shopee Philippines (Monde Nissin Shopee)","15 Jan, 2026","3 hrs ago","16 Jan, 2026 11AM - 8PM"
"2090",="582123034094372367","CLL3ARA115654432 $","","J&T Express","ARLA PH","Tiktok Philippines (Arla Tiktok)","15 Jan, 2026","3 hrs ago","16 Jan, 2026 11AM - 8PM"
"2091",="2601153XCPYHCC","CLL3ARA115654433","","Shopee Express","ARLA PH","Shopee Philippines (Arla Shopee)","15 Jan, 2026","3 hrs ago","16 Jan, 2026 11AM - 8PM"
"2092",="2601153W8J7RT3","CLL3MNE115654475 $","","SPX Express","Monde Nissin","Shopee Philippines (Monde Nissin Shopee)","15 Jan, 2026","3 hrs ago","16 Jan, 2026 11AM - 8PM"
"2093",="2601153WV9HBGP","CLL3MNE115654485 $","","J&T Cargo","Monde Nissin","Shopee Philippines (Monde Nissin Shopee)","15 Jan, 2026","3 hrs ago","16 Jan, 2026 11AM - 8PM"
"2094",="2601153X2W73XW","CLL3MNE115654488","","SPX Express","Monde Nissin","Shopee Philippines (Monde Nissin Shopee)","15 Jan, 2026","3 hrs ago","16 Jan, 2026 11AM - 8PM"
"2095",="2601153WV6MV3F","CLL3MNE115654489 $","","J&T Cargo","Monde Nissin","Shopee Philippines (Monde Nissin Shopee)","15 Jan, 2026","3 hrs ago","16 Jan, 2026 11AM - 8PM"
"2096",="2601153WVYF5BK","CLL3MNE115654492 $","","SPX Express","Monde Nissin","Shopee Philippines (Monde Nissin Shopee)","15 Jan, 2026","3 hrs ago","16 Jan, 2026 11AM - 8PM"
"2097",="2601153XD599MA","CLL3LGM115654495","","SPX Express","LAGUNA MAIN COMPANY","Shopee Philippines (Columbia Candies Shopee)","15 Jan, 2026","3 hrs ago","16 Jan, 2026 11AM - 8PM"
"2098",="2601153WVE89UP","CLL3MNE115654498 $","","SPX Express","Monde Nissin","Shopee Philippines (Monde Nissin Shopee)","15 Jan, 2026","3 hrs ago","16 Jan, 2026 11AM - 8PM"
"2099",="1073328548722791","CLL3MNE115654507","","LEX","Monde Nissin","Lazada Philippines (Monde Nissin Lazada)","15 Jan, 2026","3 hrs ago","16 Jan, 2026 11AM - 8PM"
"2100",="1073326356789370","CLL3MNE115654509 $","","LEX","Monde Nissin","Lazada Philippines (Monde Nissin Lazada)","15 Jan, 2026","3 hrs ago","16 Jan, 2026 11AM - 8PM"
"2101",="582122911142676023","CLL3MNE115654510 $","","Flash Express Philippines","Monde Nissin","Tiktok Philippines (Monde Nissin Tiktok)","15 Jan, 2026","3 hrs ago","16 Jan, 2026 11AM - 8PM"
"2102",="2601153X4V6A7S","CLL3MNE115654513","","SPX Express","Monde Nissin","Shopee Philippines (Monde Nissin Shopee)","15 Jan, 2026","3 hrs ago","16 Jan, 2026 11AM - 8PM"
"2103",="2601153XD68HCU","CLL3MNE115654514","","Shopee Express","Monde Nissin","Shopee Philippines (Monde Nissin Shopee)","15 Jan, 2026","3 hrs ago","16 Jan, 2026 11AM - 8PM"
"2104",="2601153XC1YKYR","CLL3MNE115654516","","SPX Express","Monde Nissin","Shopee Philippines (Monde Nissin Shopee)","15 Jan, 2026","3 hrs ago","16 Jan, 2026 11AM - 8PM"
"2105",="2601153WWHHDY8","CLL3MNE115654523 $","","SPX Express","Monde Nissin","Shopee Philippines (Monde Nissin Shopee)","15 Jan, 2026","3 hrs ago","16 Jan, 2026 11AM - 8PM"
"2106",="2601153XGE6W9B","CLL3MNE115654527","","SPX Express","Monde Nissin","Shopee Philippines (Monde Nissin Shopee)","15 Jan, 2026","3 hrs ago","16 Jan, 2026 11AM - 8PM"
"2107",="2601153XCAJG23","CLL3ARA115654531","","SPX Express","ARLA PH","Shopee Philippines (Arla Shopee)","15 Jan, 2026","3 hrs ago","16 Jan, 2026 11AM - 8PM"
"2108",="2601153XBRFAD2","CLL3LGM115654532","","SPX Express","LAGUNA MAIN COMPANY","Shopee Philippines (Mc Cormick Shopee)","15 Jan, 2026","3 hrs ago","16 Jan, 2026 11AM - 8PM"
"2109",="2601153WV1VDHQ","CLL3MNE115654534 $","","SPX Express","Monde Nissin","Shopee Philippines (Monde Nissin Shopee)","15 Jan, 2026","3 hrs ago","16 Jan, 2026 11AM - 8PM"
"2110",="2601153XGAE7WE","CLL3MNE115654535","","J&T Cargo","Monde Nissin","Shopee Philippines (Monde Nissin Shopee)","15 Jan, 2026","3 hrs ago","16 Jan, 2026 11AM - 8PM"
"2111",="2601153XCSW2Y3","CLL3ARA115654538","","SPX Express","ARLA PH","Shopee Philippines (Arla Shopee)","15 Jan, 2026","3 hrs ago","16 Jan, 2026 11AM - 8PM"
"2112",="2601153XE2UUKF","CLL3ARA115654542","","J&T Cargo","ARLA PH","Shopee Philippines (Arla Shopee)","15 Jan, 2026","3 hrs ago","16 Jan, 2026 11AM - 8PM"
"2113",="2601153WV0YT6J","CLL3MNE115654545 $","","SPX Express","Monde Nissin","Shopee Philippines (Monde Nissin Shopee)","15 Jan, 2026","3 hrs ago","16 Jan, 2026 11AM - 8PM"
"2114",="2601153WXH19AK","CLL3MNE115654551 $","","SPX Express","Monde Nissin","Shopee Philippines (Monde Nissin Shopee)","15 Jan, 2026","3 hrs ago","16 Jan, 2026 11AM - 8PM"
"2115",="2601153WUKKQDT","CLL3MNE115654552 $","","SPX Express","Monde Nissin","Shopee Philippines (Monde Nissin Shopee)","15 Jan, 2026","3 hrs ago","16 Jan, 2026 11AM - 8PM"
"2116",="582123082698229366","CLL3ARA115654570 $","","J&T Express","ARLA PH","Tiktok Philippines (Arla Tiktok)","15 Jan, 2026","3 hrs ago","16 Jan, 2026 11AM - 8PM"
"2117",="1064973025717078","CLL3ARA115654571","","LEX PH","ARLA PH","Lazada Philippines (Arla Lazada)","15 Jan, 2026","3 hrs ago","16 Jan, 2026 11AM - 8PM"
"2118",="1064975612861630","CLL3MNE115654577","","LEX PH","Monde Nissin","Lazada Philippines (Monde Nissin Lazada)","15 Jan, 2026","3 hrs ago","16 Jan, 2026 11AM - 8PM"
"2119",="582123112814118673","CLL3DNT115654578","","J&T Express","Denstiste","Tiktok Philippines (Dentiste Tiktok Philippines)","15 Jan, 2026","3 hrs ago","16 Jan, 2026 11AM - 8PM"
"2120",="582123097939740667","CLL3MNE115654579","","J&T Express","Monde Nissin","Tiktok Philippines (Monde Nissin Tiktok)","15 Jan, 2026","3 hrs ago","16 Jan, 2026 11AM - 8PM"
"2121",="1064967833924419","CLL3MNE115654580 $","","LEX PH","Monde Nissin","Lazada Philippines (Monde Nissin Lazada)","15 Jan, 2026","3 hrs ago","16 Jan, 2026 11AM - 8PM"
"2122",="2601153XDQFCUN","CLL3MNE115654581","","SPX Express","Monde Nissin","Shopee Philippines (Monde Nissin Shopee)","15 Jan, 2026","3 hrs ago","16 Jan, 2026 11AM - 8PM"
"2123",="2601153WM0DFK4","CLL3MNE115654624 $","","SPX Express","Monde Nissin","Shopee Philippines (Monde Nissin Shopee)","15 Jan, 2026","3 hrs ago","16 Jan, 2026 11AM - 8PM"
"2124",="2601153X0D3YA6","CLL3MNE115654633 $","","SPX Express","Monde Nissin","Shopee Philippines (Monde Nissin Shopee)","15 Jan, 2026","3 hrs ago","16 Jan, 2026 11AM - 8PM"
"2125",="2601153X1N7K60","CLL3MNE115654641 $","","SPX Express","Monde Nissin","Shopee Philippines (Monde Nissin Shopee)","15 Jan, 2026","3 hrs ago","16 Jan, 2026 11AM - 8PM"
"2126",="2601153WYTYJUE","CLL3MNE115654645 $","","SPX Express","Monde Nissin","Shopee Philippines (Monde Nissin Shopee)","15 Jan, 2026","3 hrs ago","16 Jan, 2026 11AM - 8PM"
"2127",="2601153XAK9949","CLL3MNE115654648","","SPX Express","Monde Nissin","Shopee Philippines (Monde Nissin Shopee)","15 Jan, 2026","3 hrs ago","16 Jan, 2026 11AM - 8PM"
"2128",="2601153XB89QUB","CLL3MNE115654649","","SPX Express","Monde Nissin","Shopee Philippines (Monde Nissin Shopee)","15 Jan, 2026","3 hrs ago","16 Jan, 2026 11AM - 8PM"
"2129",="2601153XN5UPAG","CLL3TBY115654651","","SPX Express","The Body Shop","Shopee Philippines (The Body Shop Shopee)","15 Jan, 2026","3 hrs ago","16 Jan, 2026 11AM - 8PM"
"2130",="2601153X3URVBY","CLL3MNE115654657 $","","J&T","Monde Nissin","Shopee Philippines (Monde Nissin Shopee)","15 Jan, 2026","3 hrs ago","16 Jan, 2026 11AM - 8PM"
"2131",="2601153XJD5FBX","CLL3MNE115654660","","SPX Express","Monde Nissin","Shopee Philippines (Monde Nissin Shopee)","15 Jan, 2026","3 hrs ago","16 Jan, 2026 11AM - 8PM"
"2132",="2601153XFCTEMU","CLL3LGM115654661","","SPX Express","LAGUNA MAIN COMPANY","Shopee Philippines (Mc Cormick Shopee)","15 Jan, 2026","3 hrs ago","16 Jan, 2026 11AM - 8PM"
"2133",="2601153XK9S06W","CLL3MNE115654663","","SPX Express","Monde Nissin","Shopee Philippines (Monde Nissin Shopee)","15 Jan, 2026","3 hrs ago","16 Jan, 2026 11AM - 8PM"
"2134",="2601153XN9KUYP","CLL3ARA115654665","","SPX Express","ARLA PH","Shopee Philippines (Arla Shopee)","15 Jan, 2026","3 hrs ago","16 Jan, 2026 11AM - 8PM"
"2135",="2601153X2JQ0M9","CLL3MNE115654664 $","","SPX Express","Monde Nissin","Shopee Philippines (Monde Nissin Shopee)","15 Jan, 2026","3 hrs ago","16 Jan, 2026 11AM - 8PM"
"2136",="2601153X34VHN9","CLL3MNE115654666 $","","SPX Express","Monde Nissin","Shopee Philippines (Monde Nissin Shopee)","15 Jan, 2026","3 hrs ago","16 Jan, 2026 11AM - 8PM"
"2137",="2601153XMC2T92","CLL3MNE115654674","","SPX Express","Monde Nissin","Shopee Philippines (Monde Nissin Shopee)","15 Jan, 2026","2 hrs ago","16 Jan, 2026 11AM - 8PM"
"2138",="582123083685856491","CLL3MNE115654676","","J&T Express","Monde Nissin","Tiktok Philippines (Monde Nissin Tiktok)","15 Jan, 2026","2 hrs ago","16 Jan, 2026 11AM - 8PM"
"2139",="2601153X41FXMP","CLL3MNE115654679 $","","SPX Express","Monde Nissin","Shopee Philippines (Monde Nissin Shopee)","15 Jan, 2026","2 hrs ago","16 Jan, 2026 11AM - 8PM"
"2140",="2601153X477B26","CLL3MNE115654681 $","","SPX Express","Monde Nissin","Shopee Philippines (Monde Nissin Shopee)","15 Jan, 2026","2 hrs ago","16 Jan, 2026 11AM - 8PM"
"2141",="2601153XPA3F04","CLL3ARA115654684","","SPX Express","ARLA PH","Shopee Philippines (Arla Shopee)","15 Jan, 2026","2 hrs ago","16 Jan, 2026 11AM - 8PM"
"2142",="2601153XEPV2V8","CLL3MNE115654690","","SPX Express","Monde Nissin","Shopee Philippines (Monde Nissin Shopee)","15 Jan, 2026","2 hrs ago","16 Jan, 2026 11AM - 8PM"
"2143",="2601153XESRMPT","CLL3MNE115654693","","SPX Express","Monde Nissin","Shopee Philippines (Monde Nissin Shopee)","15 Jan, 2026","2 hrs ago","16 Jan, 2026 11AM - 8PM"
"2144",="2601153X7C9STY","CLL3MNE115654696 $","","SPX Express","Monde Nissin","Shopee Philippines (Monde Nissin Shopee)","15 Jan, 2026","2 hrs ago","16 Jan, 2026 11AM - 8PM"
"2145",="582123129282725111","CLL3LGM115654707 $","","J&T Express","LAGUNA MAIN COMPANY","Tiktok Philippines (Mentholatum Tiktok)","15 Jan, 2026","2 hrs ago","16 Jan, 2026 11AM - 8PM"
"2146",="1073335712836649","CLL3ARA115654708 $","","LEX PH","ARLA PH","Lazada Philippines (Arla Lazada)","15 Jan, 2026","2 hrs ago","16 Jan, 2026 11AM - 8PM"
"2147",="2601153XUG1RWH","CLL3ARA115654709","","SPX Express","ARLA PH","Shopee Philippines (Arla Shopee)","15 Jan, 2026","2 hrs ago","16 Jan, 2026 11AM - 8PM"
"2148",="2601153X7NSQF6","CLL3MNE115654716 $","","SPX Express","Monde Nissin","Shopee Philippines (Monde Nissin Shopee)","15 Jan, 2026","2 hrs ago","16 Jan, 2026 11AM - 8PM"
"2149",="2601153X7PTDHA","CLL3MNE115654725 $","","SPX Express","Monde Nissin","Shopee Philippines (Monde Nissin Shopee)","15 Jan, 2026","2 hrs ago","16 Jan, 2026 11AM - 8PM"
"2150",="1073330946684226","CLL3MNE115654737 $","","LEX PH","Monde Nissin","Lazada Philippines (Monde Nissin Lazada)","15 Jan, 2026","2 hrs ago","16 Jan, 2026 11AM - 8PM"
"2151",="2601153XSAC8D0","CLL3LGM115654746","","SPX Express","LAGUNA MAIN COMPANY","Shopee Philippines (Mc Cormick Shopee)","15 Jan, 2026","2 hrs ago","16 Jan, 2026 11AM - 8PM"
"2152",="2601153XTCQ6CE","CLL3LGM115654747","","SPX Express","LAGUNA MAIN COMPANY","Shopee Philippines (Mc Cormick Shopee)","15 Jan, 2026","2 hrs ago","16 Jan, 2026 11AM - 8PM"
"2153",="2601153X6XXQ2W","CLL3ARA115654749 $","","SPX Express","ARLA PH","Shopee Philippines (Arla Shopee)","15 Jan, 2026","2 hrs ago","16 Jan, 2026 11AM - 8PM"
"2154",="2601153X8DQ3D1","CLL3MNE115654750 $","","SPX Express","Monde Nissin","Shopee Philippines (Monde Nissin Shopee)","15 Jan, 2026","2 hrs ago","16 Jan, 2026 11AM - 8PM"
"2155",="2601153X8JE3YA","CLL3MNE115654751 $","","SPX Express","Monde Nissin","Shopee Philippines (Monde Nissin Shopee)","15 Jan, 2026","2 hrs ago","16 Jan, 2026 11AM - 8PM"
"2156",="2601153XPDUJKY","CLL3MNE115654756","","SPX Express","Monde Nissin","Shopee Philippines (Monde Nissin Shopee)","15 Jan, 2026","2 hrs ago","16 Jan, 2026 11AM - 8PM"
"2157",="2601153XSMVBSV","CLL3MNE115654766","","SPX Express","Monde Nissin","Shopee Philippines (Monde Nissin Shopee)","15 Jan, 2026","2 hrs ago","16 Jan, 2026 11AM - 8PM"
"2158",="2601153XSQS21U","CLL3MNE115654769","","SPX Express","Monde Nissin","Shopee Philippines (Monde Nissin Shopee)","15 Jan, 2026","2 hrs ago","16 Jan, 2026 11AM - 8PM"
"2159",="2601153XPET29H","CLL3MNE115654771","","SPX Express","Monde Nissin","Shopee Philippines (Monde Nissin Shopee)","15 Jan, 2026","2 hrs ago","16 Jan, 2026 11AM - 8PM"
"2160",="582123144513881169","CLL3ARA115654774 $","","J&T Express","ARLA PH","Tiktok Philippines (Arla Tiktok)","15 Jan, 2026","2 hrs ago","16 Jan, 2026 11AM - 8PM"
"2161",="2601153X6S674H","CLL3ARA115654777 $","","SPX Express","ARLA PH","Shopee Philippines (Arla Shopee)","15 Jan, 2026","2 hrs ago","16 Jan, 2026 11AM - 8PM"
"2162",="2601153X6GNWK4","CLL3ARA115654778 $","","SPX Express","ARLA PH","Shopee Philippines (Arla Shopee)","15 Jan, 2026","2 hrs ago","16 Jan, 2026 11AM - 8PM"
"2163",="2601153XTKERRE","CLL3MNE115654779","","SPX Express","Monde Nissin","Shopee Philippines (Monde Nissin Shopee)","15 Jan, 2026","2 hrs ago","16 Jan, 2026 11AM - 8PM"
"2164",="2601153XP77GSX","CLL3LGM115654780","","SPX Express","LAGUNA MAIN COMPANY","Shopee Philippines (Mentholatum Shopee)","15 Jan, 2026","2 hrs ago","16 Jan, 2026 11AM - 8PM"
"2165",="2601153XUG19NG","CLL3MNE115654782","","SPX Express","Monde Nissin","Shopee Philippines (Monde Nissin Shopee)","15 Jan, 2026","2 hrs ago","16 Jan, 2026 11AM - 8PM"
"2166",="2601153X5AGUFB","CLL3MNE115654783 $","","SPX Express","Monde Nissin","Shopee Philippines (Monde Nissin Shopee)","15 Jan, 2026","2 hrs ago","16 Jan, 2026 11AM - 8PM"
"2167",="2601153XPW4EWX","CLL3MNE115654785","","SPX Express","Monde Nissin","Shopee Philippines (Monde Nissin Shopee)","15 Jan, 2026","2 hrs ago","16 Jan, 2026 11AM - 8PM"
"2168",="2601153X6385SH","CLL3MNE115654786 $","","J&T","Monde Nissin","Shopee Philippines (Monde Nissin Shopee)","15 Jan, 2026","2 hrs ago","16 Jan, 2026 11AM - 8PM"
"2169",="2601153XQ5QQGC","CLL3MNE115654787","","SPX Express","Monde Nissin","Shopee Philippines (Monde Nissin Shopee)","15 Jan, 2026","2 hrs ago","16 Jan, 2026 11AM - 8PM"
"2170",="2601153X72QU0T","CLL3MNE115654789 $","","SPX Express","Monde Nissin","Shopee Philippines (Monde Nissin Shopee)","15 Jan, 2026","2 hrs ago","16 Jan, 2026 11AM - 8PM"
"2171",="2601153X92N5TF","CLL3MNE115654790 $","","SPX Express","Monde Nissin","Shopee Philippines (Monde Nissin Shopee)","15 Jan, 2026","2 hrs ago","16 Jan, 2026 11AM - 8PM"
"2172",="2601153X6W1F7Q","CLL3MNE115654791 $","","SPX Express","Monde Nissin","Shopee Philippines (Monde Nissin Shopee)","15 Jan, 2026","2 hrs ago","16 Jan, 2026 11AM - 8PM"
"2173",="2601153XCQWM3B","CLL3MNE115654796 $","","SPX Express","Monde Nissin","Shopee Philippines (Monde Nissin Shopee)","15 Jan, 2026","2 hrs ago","16 Jan, 2026 11AM - 8PM"
"2174",="2601153XP85J7X","CLL3MNE115654797","","SPX Express","Monde Nissin","Shopee Philippines (Monde Nissin Shopee)","15 Jan, 2026","2 hrs ago","16 Jan, 2026 11AM - 8PM"
"2175",="2601153XCPY0N8","CLL3MNE115654799 $","","SPX Express","Monde Nissin","Shopee Philippines (Monde Nissin Shopee)","15 Jan, 2026","2 hrs ago","16 Jan, 2026 11AM - 8PM"
"2176",="2601153XCP155A","CLL3MNE115654802 $","","SPX Express","Monde Nissin","Shopee Philippines (Monde Nissin Shopee)","15 Jan, 2026","2 hrs ago","16 Jan, 2026 11AM - 8PM"
"2177",="2601153XDU84Q3","CLL3MNE115654804 $","","SPX Express","Monde Nissin","Shopee Philippines (Monde Nissin Shopee)","15 Jan, 2026","2 hrs ago","16 Jan, 2026 11AM - 8PM"
"2178",="2601153XDCYD3W","CLL3MNE115654807 $","","SPX Express","Monde Nissin","Shopee Philippines (Monde Nissin Shopee)","15 Jan, 2026","2 hrs ago","16 Jan, 2026 11AM - 8PM"
"2179",="2601153XC20DS7","CLL3TBY115654831 $","","SPX Express","The Body Shop","Shopee Philippines (The Body Shop Shopee)","15 Jan, 2026","2 hrs ago","16 Jan, 2026 11AM - 8PM"
"2180",="2601153XCTSAEH","CLL3ARA115654834 $","","SPX Express","ARLA PH","Shopee Philippines (Arla Shopee)","15 Jan, 2026","2 hrs ago","16 Jan, 2026 11AM - 8PM"
"2181",="2601153XDX4NHE","CLL3MNE115654833 $","","SPX Express","Monde Nissin","Shopee Philippines (Monde Nissin Shopee)","15 Jan, 2026","2 hrs ago","16 Jan, 2026 11AM - 8PM"
"2182",="582123169056917395","CLL3LGM115654836","","J&T Express","LAGUNA MAIN COMPANY","Tiktok Philippines (Mentholatum Tiktok)","15 Jan, 2026","2 hrs ago","16 Jan, 2026 11AM - 8PM"
"2183",="2601153XCTTG0H","CLL3MNE115654837 $","","SPX Express","Monde Nissin","Shopee Philippines (Monde Nissin Shopee)","15 Jan, 2026","2 hrs ago","16 Jan, 2026 11AM - 8PM"
"2184",="2601153XCQY9AQ","CLL3MNE115654840 $","","SPX Express","Monde Nissin","Shopee Philippines (Monde Nissin Shopee)","15 Jan, 2026","2 hrs ago","16 Jan, 2026 11AM - 8PM"
"2185",="582123179179476428","CLL3MNE115654848 $","","J&T Express","Monde Nissin","Tiktok Philippines (Monde Nissin Tiktok)","15 Jan, 2026","2 hrs ago","16 Jan, 2026 11AM - 8PM"
"2186",="2601153XBFVHGP","CLL3MNE115654853 $","","SPX Express","Monde Nissin","Shopee Philippines (Monde Nissin Shopee)","15 Jan, 2026","2 hrs ago","16 Jan, 2026 11AM - 8PM"
"2187",="2601153XWB4HVS","CLL3ARA115654856","","SPX Express","ARLA PH","Shopee Philippines (Arla Shopee)","15 Jan, 2026","2 hrs ago","16 Jan, 2026 11AM - 8PM"
"2188",="2601153XDBYUN2","CLL3MNE115654858 $","","SPX Express","Monde Nissin","Shopee Philippines (Monde Nissin Shopee)","15 Jan, 2026","2 hrs ago","16 Jan, 2026 11AM - 8PM"
"2189",="2601153XVTXFTN","CLL3ARA115654875","","SPX Express","ARLA PH","Shopee Philippines (Arla Shopee)","15 Jan, 2026","2 hrs ago","16 Jan, 2026 11AM - 8PM"
"2190",="2601153XDX22YS","CLL3MNE115654886 $","","SPX Express","Monde Nissin","Shopee Philippines (Monde Nissin Shopee)","15 Jan, 2026","2 hrs ago","16 Jan, 2026 11AM - 8PM"
"2191",="1073336712496787","CLL3MNE115654894","","LEX PH","Monde Nissin","Lazada Philippines (Monde Nissin Lazada)","15 Jan, 2026","2 hrs ago","16 Jan, 2026 11AM - 8PM"
"2192",="582123155269191670","CLL3LGM115654895","","J&T Express","LAGUNA MAIN COMPANY","Tiktok Philippines (Mccormick Tiktok)","15 Jan, 2026","2 hrs ago","16 Jan, 2026 11AM - 8PM"
"2193",="1073329770684025","CLL3LGM115654897 $","","LEX","LAGUNA MAIN COMPANY","Lazada Philippines (Mc Cormick Lazada)","15 Jan, 2026","2 hrs ago","16 Jan, 2026 11AM - 8PM"
"2194",="1064969845141466","CLL3MNE115654898 $","","LEX PH","Monde Nissin","Lazada Philippines (Monde Nissin Lazada)","15 Jan, 2026","2 hrs ago","16 Jan, 2026 11AM - 8PM"
"2195",="2601153XU7FJ5W","CLL3MNE115654911","","SPX Express","Monde Nissin","Shopee Philippines (Monde Nissin Shopee)","15 Jan, 2026","2 hrs ago","16 Jan, 2026 11AM - 8PM"
"2196",="2601153XCJ6W5S","CLL3MNE115654914 $","","SPX Express","Monde Nissin","Shopee Philippines (Monde Nissin Shopee)","15 Jan, 2026","2 hrs ago","16 Jan, 2026 11AM - 8PM"
"2197",="2601153Y149VCQ","CLL3ARA115654913","","SPX Express","ARLA PH","Shopee Philippines (Arla Shopee)","15 Jan, 2026","2 hrs ago","16 Jan, 2026 11AM - 8PM"
"2198",="2601153Y167A1M","CLL3MNE115654923","","SPX Express","Monde Nissin","Shopee Philippines (Monde Nissin Shopee)","15 Jan, 2026","2 hrs ago","16 Jan, 2026 11AM - 8PM"
"2199",="2601153XF72QJJ","CLL3MNE115654924 $","","SPX Express","Monde Nissin","Shopee Philippines (Monde Nissin Shopee)","15 Jan, 2026","2 hrs ago","16 Jan, 2026 11AM - 8PM"
"2200",="2601153XUG0AVR","CLL3MNE115654932","","SPX Express","Monde Nissin","Shopee Philippines (Monde Nissin Shopee)","15 Jan, 2026","2 hrs ago","16 Jan, 2026 11AM - 8PM"
"2201",="2601153XUD52HM","CLL3ARA115654934","","SPX Express","ARLA PH","Shopee Philippines (Arla Shopee)","15 Jan, 2026","2 hrs ago","16 Jan, 2026 11AM - 8PM"
"2202",="2601153XUTG5QH","CLL3LGM115654935","","SPX Express","LAGUNA MAIN COMPANY","Shopee Philippines (Mentholatum Shopee)","15 Jan, 2026","2 hrs ago","16 Jan, 2026 11AM - 8PM"
"2203",="2601153XBW8H49","CLL3MNE115654942 $","","SPX Express","Monde Nissin","Shopee Philippines (Monde Nissin Shopee)","15 Jan, 2026","2 hrs ago","16 Jan, 2026 11AM - 8PM"
"2204",="2601153XGNTKKK","CLL3ARA115654948 $","","SPX Express","ARLA PH","Shopee Philippines (Arla Shopee)","15 Jan, 2026","2 hrs ago","16 Jan, 2026 11AM - 8PM"
"2205",="2601153Y2D93GF","CLL3MNE115654953","","SPX Express","Monde Nissin","Shopee Philippines (Monde Nissin Shopee)","15 Jan, 2026","2 hrs ago","16 Jan, 2026 11AM - 8PM"
"2206",="2601153XAHD6QQ","CLL3MNE115654961","","SPX Express","Monde Nissin","Shopee Philippines (Monde Nissin Shopee)","15 Jan, 2026","2 hrs ago","16 Jan, 2026 11AM - 8PM"
"2207",="2601153XV34KY9","CLL3LGM115654967","","SPX Express","LAGUNA MAIN COMPANY","Shopee Philippines (Mc Cormick Shopee)","15 Jan, 2026","2 hrs ago","16 Jan, 2026 11AM - 8PM"
"2208",="2601153Y380V35","CLL3MNE115654969","","SPX Express","Monde Nissin","Shopee Philippines (Monde Nissin Shopee)","15 Jan, 2026","2 hrs ago","16 Jan, 2026 11AM - 8PM"
"2209",="2601153Y5WSFGV","CLL3ARA115654971","","SPX Express","ARLA PH","Shopee Philippines (Arla Shopee)","15 Jan, 2026","2 hrs ago","16 Jan, 2026 11AM - 8PM"
"2210",="2601153XGPSW1J","CLL3MNE115654975 $","","SPX Express","Monde Nissin","Shopee Philippines (Monde Nissin Shopee)","15 Jan, 2026","2 hrs ago","16 Jan, 2026 11AM - 8PM"
"2211",="2601153XH716C3","CLL3MNE115654978 $","","SPX Express","Monde Nissin","Shopee Philippines (Monde Nissin Shopee)","15 Jan, 2026","2 hrs ago","16 Jan, 2026 11AM - 8PM"
"2212",="2601153XK7T6EE","CLL3MNE115654979 $","","SPX Express","Monde Nissin","Shopee Philippines (Monde Nissin Shopee)","15 Jan, 2026","2 hrs ago","16 Jan, 2026 11AM - 8PM"
"2213",="2601153XHP8H02","CLL3MNE115654983 $","","SPX Express","Monde Nissin","Shopee Philippines (Monde Nissin Shopee)","15 Jan, 2026","2 hrs ago","16 Jan, 2026 11AM - 8PM"
"2214",="2601153XJ6EYKB","CLL3MNE115654984 $","","SPX Express","Monde Nissin","Shopee Philippines (Monde Nissin Shopee)","15 Jan, 2026","2 hrs ago","16 Jan, 2026 11AM - 8PM"
"2215",="2601153X1EFYQU","CLL3MNE115654987","","SPX Express","Monde Nissin","Shopee Philippines (Monde Nissin Shopee)","15 Jan, 2026","2 hrs ago","16 Jan, 2026 11AM - 8PM"
"2216",="2601153XF9XX8V","CLL3MNE115654988 $","","SPX Express","Monde Nissin","Shopee Philippines (Monde Nissin Shopee)","15 Jan, 2026","2 hrs ago","16 Jan, 2026 11AM - 8PM"
"2217",="2601153XFT6J70","CLL3LGM115654989 $","","SPX Express","LAGUNA MAIN COMPANY","Shopee Philippines (Mc Cormick Shopee)","15 Jan, 2026","2 hrs ago","16 Jan, 2026 11AM - 8PM"
"2218",="2601153Y3EPEAM","CLL3MNE115654990","","SPX Express","Monde Nissin","Shopee Philippines (Monde Nissin Shopee)","15 Jan, 2026","2 hrs ago","16 Jan, 2026 11AM - 8PM"
"2219",="2601153XJGY3P2","CLL3MNE115654992 $","","SPX Express","Monde Nissin","Shopee Philippines (Monde Nissin Shopee)","15 Jan, 2026","2 hrs ago","16 Jan, 2026 11AM - 8PM"
"2220",="2601153XMX5TDN","CLL3MNE115654993 $","","SPX Express","Monde Nissin","Shopee Philippines (Monde Nissin Shopee)","15 Jan, 2026","2 hrs ago","16 Jan, 2026 11AM - 8PM"
"2221",="2601153Y5XRKCH","CLL3LGM115654995","","SPX Express","LAGUNA MAIN COMPANY","Shopee Philippines (Mentholatum Shopee)","15 Jan, 2026","2 hrs ago","16 Jan, 2026 11AM - 8PM"
"2222",="2601153Y6GW7CP","CLL3MNE115654998","","SPX Express","Monde Nissin","Shopee Philippines (Monde Nissin Shopee)","15 Jan, 2026","2 hrs ago","16 Jan, 2026 11AM - 8PM"
"2223",="2601153XH451MY","CLL3MNE115655003 $","","SPX Express","Monde Nissin","Shopee Philippines (Monde Nissin Shopee)","15 Jan, 2026","2 hrs ago","16 Jan, 2026 11AM - 8PM"
"2224",="2601153XKM7NXA","CLL3MNE115655006 $","","SPX Express","Monde Nissin","Shopee Philippines (Monde Nissin Shopee)","15 Jan, 2026","2 hrs ago","16 Jan, 2026 11AM - 8PM"
"2225",="2601153XFYXPVQ","CLL3MNE115655011 $","","SPX Express","Monde Nissin","Shopee Philippines (Monde Nissin Shopee)","15 Jan, 2026","2 hrs ago","16 Jan, 2026 11AM - 8PM"
"2226",="2601153XMW8WDH","CLL3MNE115655015 $","","SPX Express","Monde Nissin","Shopee Philippines (Monde Nissin Shopee)","15 Jan, 2026","2 hrs ago","16 Jan, 2026 11AM - 8PM"
"2227",="2601153XG5K442","CLL3MNE115655028 $","","SPX Express","Monde Nissin","Shopee Philippines (Monde Nissin Shopee)","15 Jan, 2026","2 hrs ago","16 Jan, 2026 11AM - 8PM"
"2228",="582122819289121979","CLL3ARA115655042 $","","J&T Express","ARLA PH","Tiktok Philippines (Arla Tiktok)","15 Jan, 2026","2 hrs ago","16 Jan, 2026 11AM - 8PM"
"2229",="2601153XQK23PA","CLL3MNE115655051 $","","SPX Express","Monde Nissin","Shopee Philippines (Monde Nissin Shopee)","15 Jan, 2026","2 hrs ago","16 Jan, 2026 11AM - 8PM"
"2230",="2601153XQPWTKQ","CLL3ARA115655052 $","","SPX Express","ARLA PH","Shopee Philippines (Arla Shopee)","15 Jan, 2026","2 hrs ago","16 Jan, 2026 11AM - 8PM"
"2231",="2601153XR1C4FQ","CLL3MNE115655060 $","","SPX Express","Monde Nissin","Shopee Philippines (Monde Nissin Shopee)","15 Jan, 2026","2 hrs ago","16 Jan, 2026 11AM - 8PM"
"2232",="2601153XQH786G","CLL3MNE115655069 $","","SPX Express","Monde Nissin","Shopee Philippines (Monde Nissin Shopee)","15 Jan, 2026","2 hrs ago","16 Jan, 2026 11AM - 8PM"
"2233",="2601153Y6X7J3C","CLL3MNE115655070","","SPX Express","Monde Nissin","Shopee Philippines (Monde Nissin Shopee)","15 Jan, 2026","2 hrs ago","16 Jan, 2026 11AM - 8PM"
"2234",="2601153Y95QYSD","CLL3MNE115655072","","SPX Express","Monde Nissin","Shopee Philippines (Monde Nissin Shopee)","15 Jan, 2026","2 hrs ago","16 Jan, 2026 11AM - 8PM"
"2235",="2601153XRYVHVD","CLL3ARA115655074 $","","SPX Express","ARLA PH","Shopee Philippines (Arla Shopee)","15 Jan, 2026","2 hrs ago","16 Jan, 2026 11AM - 8PM"
"2236",="2601153XRS6Y4Y","CLL3ARA115655083 $","","SPX Express","ARLA PH","Shopee Philippines (Arla Shopee)","15 Jan, 2026","2 hrs ago","16 Jan, 2026 11AM - 8PM"
"2237",="2601153XQJ449S","CLL3MNE115655085 $","","SPX Express","Monde Nissin","Shopee Philippines (Monde Nissin Shopee)","15 Jan, 2026","2 hrs ago","16 Jan, 2026 11AM - 8PM"
"2238",="2601153XSD9393","CLL3ARA115655091 $","","SPX Express","ARLA PH","Shopee Philippines (Arla Shopee)","15 Jan, 2026","2 hrs ago","16 Jan, 2026 11AM - 8PM"
"2239",="2601153XPYYTHT","CLL3LGM115655098 $","","SPX Express","LAGUNA MAIN COMPANY","Shopee Philippines (Mc Cormick Shopee)","15 Jan, 2026","2 hrs ago","16 Jan, 2026 11AM - 8PM"
"2240",="2601153YCDQF2G","CLL3ARA115655099","","SPX Express","ARLA PH","Shopee Philippines (Arla Shopee)","15 Jan, 2026","2 hrs ago","16 Jan, 2026 11AM - 8PM"
"2241",="2601153XTNB04Q","CLL3MNE115655100 $","","SPX Express","Monde Nissin","Shopee Philippines (Monde Nissin Shopee)","15 Jan, 2026","2 hrs ago","16 Jan, 2026 11AM - 8PM"
"2242",="2601153XXTV84T","CLL3MNE115655111 $","","SPX Express","Monde Nissin","Shopee Philippines (Monde Nissin Shopee)","15 Jan, 2026","2 hrs ago","16 Jan, 2026 11AM - 8PM"
"2243",="2601153XYDWYVQ","CLL3ARA115655112 $","","SPX Express","ARLA PH","Shopee Philippines (Arla Shopee)","15 Jan, 2026","2 hrs ago","16 Jan, 2026 11AM - 8PM"
"2244",="2601153YC9X5H7","CLL3TBY115655118","","SPX Express","The Body Shop","Shopee Philippines (The Body Shop Shopee)","15 Jan, 2026","2 hrs ago","16 Jan, 2026 11AM - 8PM"
"2245",="2601153XUTGJWX","CLL3MNE115655120 $","","SPX Express","Monde Nissin","Shopee Philippines (Monde Nissin Shopee)","15 Jan, 2026","2 hrs ago","16 Jan, 2026 11AM - 8PM"
"2246",="1064970268696759","CLL3ARA115655121","","LEX PH","ARLA PH","Lazada Philippines (Arla Lazada)","15 Jan, 2026","2 hrs ago","16 Jan, 2026 11AM - 8PM"
"2247",="582123254730950322","CLL3ARA115655122 $","","J&T Express","ARLA PH","Tiktok Philippines (Arla Tiktok)","15 Jan, 2026","2 hrs ago","16 Jan, 2026 11AM - 8PM"
"2248",="1073334346294940","CLL3ARA115655123 $","","LEX PH","ARLA PH","Lazada Philippines (Arla Lazada)","15 Jan, 2026","2 hrs ago","16 Jan, 2026 11AM - 8PM"
"2249",="2601153YEUVGRA","CLL3MNE115655137","","SPX Express","Monde Nissin","Shopee Philippines (Monde Nissin Shopee)","15 Jan, 2026","2 hrs ago","16 Jan, 2026 11AM - 8PM"
"2250",="2601153XYHRP9C","CLL3MNE115655138 $","","SPX Express","Monde Nissin","Shopee Philippines (Monde Nissin Shopee)","15 Jan, 2026","2 hrs ago","16 Jan, 2026 11AM - 8PM"
"2251",="582122883526264797","CLL3LGM115655143 $","","J&T Express","LAGUNA MAIN COMPANY","Tiktok Philippines (Mentholatum Tiktok)","15 Jan, 2026","2 hrs ago","16 Jan, 2026 11AM - 8PM"
"2252",="582123216899966013","CLL3LGM115655144 $","","J&T Express","LAGUNA MAIN COMPANY","Tiktok Philippines (Mentholatum Tiktok)","15 Jan, 2026","2 hrs ago","16 Jan, 2026 11AM - 8PM"
"2253",="1073329368692928","CLL3LGM115655146 $","","LEX","LAGUNA MAIN COMPANY","Lazada Philippines (Mc Cormick Lazada)","15 Jan, 2026","2 hrs ago","16 Jan, 2026 11AM - 8PM"
"2254",="582122937476547614","CLL3LGM115655147 $","","J&T Express","LAGUNA MAIN COMPANY","Tiktok Philippines (Mccormick Tiktok)","15 Jan, 2026","2 hrs ago","16 Jan, 2026 11AM - 8PM"
"2255",="2601153XWSEXFN","CLL3MNE115655159 $","","SPX Express","Monde Nissin","Shopee Philippines (Monde Nissin Shopee)","15 Jan, 2026","2 hrs ago","16 Jan, 2026 11AM - 8PM"
"2256",="1064974639322783","CLL3MNE115655184","","LEX PH","Monde Nissin","Lazada Philippines (Monde Nissin Lazada)","15 Jan, 2026","2 hrs ago","16 Jan, 2026 11AM - 8PM"
"2257",="2601153XYJN0JD","CLL3MNE115655193 $","","SPX Express","Monde Nissin","Shopee Philippines (Monde Nissin Shopee)","15 Jan, 2026","2 hrs ago","16 Jan, 2026 11AM - 8PM"
"2258",="2601153XUY8EY3","CLL3MNE115655195 $","","SPX Express","Monde Nissin","Shopee Philippines (Monde Nissin Shopee)","15 Jan, 2026","2 hrs ago","16 Jan, 2026 11AM - 8PM"
"2259",="2601153XU5JCUT","CLL3MNE115655197 $","","SPX Express","Monde Nissin","Shopee Philippines (Monde Nissin Shopee)","15 Jan, 2026","2 hrs ago","16 Jan, 2026 11AM - 8PM"
"2260",="2601153YGM7DQ1","CLL3ARA115655214","","SPX Express","ARLA PH","Shopee Philippines (Arla Shopee)","15 Jan, 2026","2 hrs ago","16 Jan, 2026 11AM - 8PM"
"2261",="2601153YEQ3E2R","CLL3MNE115655213","","SPX Express","Monde Nissin","Shopee Philippines (Monde Nissin Shopee)","15 Jan, 2026","2 hrs ago","16 Jan, 2026 11AM - 8PM"
"2262",="2601142315Q25B","CLL3LGM115655252","","SPX Express","LAGUNA MAIN COMPANY","Shopee Philippines (Columbia Candies Shopee)","15 Jan, 2026","2 hrs ago","16 Jan, 2026 11AM - 8PM"
"2263",="1064972461221786","CLL3ARA115655304","","LEX PH","ARLA PH","Lazada Philippines (Arla Lazada)","15 Jan, 2026","2 hrs ago","16 Jan, 2026 11AM - 8PM"
"2264",="1073332163260003","CLL3LGM115655305 $","","LEX","LAGUNA MAIN COMPANY","Lazada Philippines (Mc Cormick Lazada)","15 Jan, 2026","2 hrs ago","16 Jan, 2026 11AM - 8PM"
"2265",="1064973846377722","CLL3MNE115655306 $","","LEX","Monde Nissin","Lazada Philippines (Monde Nissin Lazada)","15 Jan, 2026","2 hrs ago","16 Jan, 2026 11AM - 8PM"
"2266",="1073332576777722","CLL3MNE115655307 $","","LEX","Monde Nissin","Lazada Philippines (Monde Nissin Lazada)","15 Jan, 2026","2 hrs ago","16 Jan, 2026 11AM - 8PM"
"2267",="1073336346816655","CLL3MNE115655308","","LEX PH","Monde Nissin","Lazada Philippines (Monde Nissin Lazada)","15 Jan, 2026","2 hrs ago","16 Jan, 2026 11AM - 8PM"
"2268",="1064975248216655","CLL3MNE115655309","","LEX PH","Monde Nissin","Lazada Philippines (Monde Nissin Lazada)","15 Jan, 2026","2 hrs ago","16 Jan, 2026 11AM - 8PM"
"2269",="1064979415739310","CLL3MNE115655310 $","","LEX","Monde Nissin","Lazada Philippines (Monde Nissin Lazada)","15 Jan, 2026","2 hrs ago","16 Jan, 2026 11AM - 8PM"
"2270",="2601153YMJ2YU4","CLL3ARA115655321","","SPX Express","ARLA PH","Shopee Philippines (Arla Shopee)","15 Jan, 2026","2 hrs ago","16 Jan, 2026 11AM - 8PM"
"2271",="2601153YMRPYN2","CLL3ARA115655322","","SPX Express","ARLA PH","Shopee Philippines (Arla Shopee)","15 Jan, 2026","2 hrs ago","16 Jan, 2026 11AM - 8PM"
"2272",="2601153Y3KDWG6","CLL3MNE115655324 $","","SPX Express","Monde Nissin","Shopee Philippines (Monde Nissin Shopee)","15 Jan, 2026","2 hrs ago","16 Jan, 2026 11AM - 8PM"
"2273",="2601153YMBBYQ4","CLL3MNE115655325","","SPX Express","Monde Nissin","Shopee Philippines (Monde Nissin Shopee)","15 Jan, 2026","2 hrs ago","16 Jan, 2026 11AM - 8PM"
"2274",="2601153YJG7V4T","CLL3MNE115655330","","SPX Express","Monde Nissin","Shopee Philippines (Monde Nissin Shopee)","15 Jan, 2026","2 hrs ago","16 Jan, 2026 11AM - 8PM"
"2275",="2601153YMMVR5Y","CLL3ARA115655331","","SPX Express","ARLA PH","Shopee Philippines (Arla Shopee)","15 Jan, 2026","2 hrs ago","16 Jan, 2026 11AM - 8PM"
"2276",="2601153Y5BQ8XK","CLL3MNE115655345 $","","SPX Express","Monde Nissin","Shopee Philippines (Monde Nissin Shopee)","15 Jan, 2026","2 hrs ago","16 Jan, 2026 11AM - 8PM"
"2277",="2601153Y4JX36V","CLL3ARA115655348 $","","SPX Express","ARLA PH","Shopee Philippines (Arla Shopee)","15 Jan, 2026","2 hrs ago","16 Jan, 2026 11AM - 8PM"
"2278",="2601153Y2AD1A4","CLL3MNE115655347 $","","SPX Express","Monde Nissin","Shopee Philippines (Monde Nissin Shopee)","15 Jan, 2026","2 hrs ago","16 Jan, 2026 11AM - 8PM"
"2279",="2601153S83TPNN","CLL3LGM115655351","","SPX Express","LAGUNA MAIN COMPANY","Shopee Philippines (Mentholatum Shopee)","15 Jan, 2026","2 hrs ago","16 Jan, 2026 11AM - 8PM"
"2280",="2601153Y1NEAKS","CLL3MNE115655353 $","","SPX Express","Monde Nissin","Shopee Philippines (Monde Nissin Shopee)","15 Jan, 2026","2 hrs ago","16 Jan, 2026 11AM - 8PM"
"2281",="2601153YKHN1XW","CLL3MNE115655358","","SPX Express","Monde Nissin","Shopee Philippines (Monde Nissin Shopee)","15 Jan, 2026","2 hrs ago","16 Jan, 2026 11AM - 8PM"
"2282",="2601153Y165M2Q","CLL3MNE115655378 $","","SPX Express","Monde Nissin","Shopee Philippines (Monde Nissin Shopee)","15 Jan, 2026","2 hrs ago","16 Jan, 2026 11AM - 8PM"
"2283",="2601153Y19YUYH","CLL3MNE115655383 $","","SPX Express","Monde Nissin","Shopee Philippines (Monde Nissin Shopee)","15 Jan, 2026","2 hrs ago","16 Jan, 2026 11AM - 8PM"
"2284",="2601153YSM55UD","CLL3ARA115655392","","SPX Express","ARLA PH","Shopee Philippines (Arla Shopee)","15 Jan, 2026","2 hrs ago","16 Jan, 2026 11AM - 8PM"
"2285",="2601153YU6RX53","CLL3MNE115655396","","SPX Express","Monde Nissin","Shopee Philippines (Monde Nissin Shopee)","15 Jan, 2026","2 hrs ago","16 Jan, 2026 11AM - 8PM"
"2286",="2601153YTC1YFM","CLL3ARA115655399","","SPX Express","ARLA PH","Shopee Philippines (Arla Shopee)","15 Jan, 2026","2 hrs ago","16 Jan, 2026 11AM - 8PM"
"2287",="2601153YU8KB7R","CLL3MNE115655404","","SPX Express","Monde Nissin","Shopee Philippines (Monde Nissin Shopee)","15 Jan, 2026","2 hrs ago","16 Jan, 2026 11AM - 8PM"
"2288",="2601153YTGSPSC","CLL3ARA115655413","","SPX Express","ARLA PH","Shopee Philippines (Arla Shopee)","15 Jan, 2026","2 hrs ago","16 Jan, 2026 11AM - 8PM"
"2289",="1064975839860082","CLL3MNE115655418 $","","LEX","Monde Nissin","Lazada Philippines (Monde Nissin Lazada)","15 Jan, 2026","2 hrs ago","16 Jan, 2026 11AM - 8PM"
"2290",="1073336542777722","CLL3MNE115655419 $","","LEX","Monde Nissin","Lazada Philippines (Monde Nissin Lazada)","15 Jan, 2026","2 hrs ago","16 Jan, 2026 11AM - 8PM"
"2291",="2601153YPRM1XC","CLL3MNE115655422","","SPX Express","Monde Nissin","Shopee Philippines (Monde Nissin Shopee)","15 Jan, 2026","2 hrs ago","16 Jan, 2026 11AM - 8PM"
"2292",="2601153YQQ3U9M","CLL3ARA115655427","","SPX Express","ARLA PH","Shopee Philippines (Arla Shopee)","15 Jan, 2026","2 hrs ago","16 Jan, 2026 11AM - 8PM"
"2293",="1073332989408728","CLL3MNE115655432","","LEX PH","Monde Nissin","Lazada Philippines (Monde Nissin Lazada)","15 Jan, 2026","2 hrs ago","16 Jan, 2026 11AM - 8PM"
"2294",="2601153YS8PTUB","CLL3LGM115655436","","SPX Express","LAGUNA MAIN COMPANY","Shopee Philippines (Mentholatum Shopee)","15 Jan, 2026","2 hrs ago","16 Jan, 2026 11AM - 8PM"
"2295",="2601153Y712ACA","CLL3MNE115655441 $","","SPX Express","Monde Nissin","Shopee Philippines (Monde Nissin Shopee)","15 Jan, 2026","2 hrs ago","16 Jan, 2026 11AM - 8PM"
"2296",="2601153Y63JFSP","CLL3MNE115655449 $","","SPX Express","Monde Nissin","Shopee Philippines (Monde Nissin Shopee)","15 Jan, 2026","2 hrs ago","16 Jan, 2026 11AM - 8PM"
"2297",="2601153YU01FS6","CLL3ARA115655458","","SPX Express","ARLA PH","Shopee Philippines (Arla Shopee)","15 Jan, 2026","2 hrs ago","16 Jan, 2026 11AM - 8PM"
"2298",="2601153YAAWCQP","CLL3ARA115655463 $","","SPX Express","ARLA PH","Shopee Philippines (Arla Shopee)","15 Jan, 2026","2 hrs ago","16 Jan, 2026 11AM - 8PM"
"2299",="2601153Y6E0WRA","CLL3MNE115655465 $","","SPX Express","Monde Nissin","Shopee Philippines (Monde Nissin Shopee)","15 Jan, 2026","2 hrs ago","16 Jan, 2026 11AM - 8PM"
"2300",="2601153YRPMR99","CLL3LGM115655468","","SPX Express","LAGUNA MAIN COMPANY","Shopee Philippines (Mentholatum Shopee)","15 Jan, 2026","2 hrs ago","16 Jan, 2026 11AM - 8PM"
"2301",="2601153YB1TWBT","CLL3ARA115655469 $","","SPX Express","ARLA PH","Shopee Philippines (Arla Shopee)","15 Jan, 2026","2 hrs ago","16 Jan, 2026 11AM - 8PM"
"2302",="2601153YS7SEHA","CLL3LGM115655474","","SPX Express","LAGUNA MAIN COMPANY","Shopee Philippines (Mentholatum Shopee)","15 Jan, 2026","2 hrs ago","16 Jan, 2026 11AM - 8PM"
"2303",="26011540053142","CLL3ARA115655479","","SPX Express","ARLA PH","Shopee Philippines (Arla Shopee)","15 Jan, 2026","2 hrs ago","16 Jan, 2026 11AM - 8PM"
"2304",="2601153YESYM2J","CLL3MNE115655483 $","","SPX Express","Monde Nissin","Shopee Philippines (Monde Nissin Shopee)","15 Jan, 2026","2 hrs ago","16 Jan, 2026 11AM - 8PM"
"2305",="2601153YEHEP8J","CLL3ARA115655486 $","","SPX Express","ARLA PH","Shopee Philippines (Arla Shopee)","15 Jan, 2026","2 hrs ago","16 Jan, 2026 11AM - 8PM"
"2306",="2601153YE9RKHF","CLL3MNE115655487 $","","SPX Express","Monde Nissin","Shopee Philippines (Monde Nissin Shopee)","15 Jan, 2026","2 hrs ago","16 Jan, 2026 11AM - 8PM"
"2307",="2601153YC7Y9S1","CLL3MNE115655495 $","","SPX Express","Monde Nissin","Shopee Philippines (Monde Nissin Shopee)","15 Jan, 2026","2 hrs ago","16 Jan, 2026 11AM - 8PM"
"2308",="2601153YWADDF1","CLL3LGM115655497","","SPX Express","LAGUNA MAIN COMPANY","Shopee Philippines (Mc Cormick Shopee)","15 Jan, 2026","2 hrs ago","16 Jan, 2026 11AM - 8PM"
"2309",="260115400162EF","CLL3LGM115655502","","SPX Express","LAGUNA MAIN COMPANY","Shopee Philippines (Mentholatum Shopee)","15 Jan, 2026","2 hrs ago","16 Jan, 2026 11AM - 8PM"
"2310",="2601153YD1S5WY","CLL3MNE115655505 $","","SPX Express","Monde Nissin","Shopee Philippines (Monde Nissin Shopee)","15 Jan, 2026","2 hrs ago","16 Jan, 2026 11AM - 8PM"
"2311",="2601153YW2S7ND","CLL3MNE115655506","","SPX Express","Monde Nissin","Shopee Philippines (Monde Nissin Shopee)","15 Jan, 2026","2 hrs ago","16 Jan, 2026 11AM - 8PM"
"2312",="260115401MQ8G1","CLL3LGM115655511","","SPX Express","LAGUNA MAIN COMPANY","Shopee Philippines (Mc Cormick Shopee)","15 Jan, 2026","2 hrs ago","16 Jan, 2026 11AM - 8PM"
"2313",="260115400R3A0F","CLL3MNE115655512","","SPX Express","Monde Nissin","Shopee Philippines (Monde Nissin Shopee)","15 Jan, 2026","2 hrs ago","16 Jan, 2026 11AM - 8PM"
"2314",="2601153YGP1S58","CLL3LGM115655513 $","","SPX Express","LAGUNA MAIN COMPANY","Shopee Philippines (Mentholatum Shopee)","15 Jan, 2026","2 hrs ago","16 Jan, 2026 11AM - 8PM"
"2315",="260115400FGXPA","CLL3ARA115655520","","SPX Express","ARLA PH","Shopee Philippines (Arla Shopee)","15 Jan, 2026","2 hrs ago","16 Jan, 2026 11AM - 8PM"
"2316",="2601153YC7192U","CLL3MNE115655524 $","","SPX Express","Monde Nissin","Shopee Philippines (Monde Nissin Shopee)","15 Jan, 2026","2 hrs ago","16 Jan, 2026 11AM - 8PM"
"2317",="2601153YCPB1XD","CLL3ARA115655525 $","","SPX Express","ARLA PH","Shopee Philippines (Arla Shopee)","15 Jan, 2026","2 hrs ago","16 Jan, 2026 11AM - 8PM"
"2318",="2601153YG3XF9N","CLL3MNE115655526 $","","SPX Express","Monde Nissin","Shopee Philippines (Monde Nissin Shopee)","15 Jan, 2026","2 hrs ago","16 Jan, 2026 11AM - 8PM"
"2319",="1073335351674769","CLL3TBY115655535","","LEX PH","The Body Shop","Lazada Philippines (The Body Shop Lazada)","15 Jan, 2026","2 hrs ago","16 Jan, 2026 11AM - 8PM"
"2320",="1064971075704770","CLL3MNE115655539 $","","LEX PH","Monde Nissin","Lazada Philippines (Monde Nissin Lazada)","15 Jan, 2026","2 hrs ago","16 Jan, 2026 11AM - 8PM"
"2321",="2601153YKQC2JB","CLL3MNE115655548 $","","SPX Express","Monde Nissin","Shopee Philippines (Monde Nissin Shopee)","15 Jan, 2026","2 hrs ago","16 Jan, 2026 11AM - 8PM"
"2322",="2601153YMMY006","CLL3MNE115655559 $","","SPX Express","Monde Nissin","Shopee Philippines (Monde Nissin Shopee)","15 Jan, 2026","2 hrs ago","16 Jan, 2026 11AM - 8PM"
"2323",="260115405SASBF","CLL3ARA115655561","","SPX Express","ARLA PH","Shopee Philippines (Arla Shopee)","15 Jan, 2026","2 hrs ago","16 Jan, 2026 11AM - 8PM"
"2324",="2601153YK9Y5DD","CLL3MNE115655564 $","","SPX Express","Monde Nissin","Shopee Philippines (Monde Nissin Shopee)","15 Jan, 2026","2 hrs ago","16 Jan, 2026 11AM - 8PM"
"2325",="260115406SQ52J","CLL3MNE115655575","","J&T Cargo","Monde Nissin","Shopee Philippines (Monde Nissin Shopee)","15 Jan, 2026","2 hrs ago","16 Jan, 2026 11AM - 8PM"
"2326",="2601153YKPEK7H","CLL3MNE115655578 $","","SPX Express","Monde Nissin","Shopee Philippines (Monde Nissin Shopee)","15 Jan, 2026","2 hrs ago","16 Jan, 2026 11AM - 8PM"
"2327",="26011540575HRK","CLL3ARA115655582","","SPX Express","ARLA PH","Shopee Philippines (Arla Shopee)","15 Jan, 2026","2 hrs ago","16 Jan, 2026 11AM - 8PM"
"2328",="260115405FRCK9","CLL3MNE115655589","","SPX Express","Monde Nissin","Shopee Philippines (Monde Nissin Shopee)","15 Jan, 2026","2 hrs ago","16 Jan, 2026 11AM - 8PM"
"2329",="582123273986409514","CLL3DNT115655592","","J&T Express","Denstiste","Tiktok Philippines (Dentiste Tiktok Philippines)","15 Jan, 2026","2 hrs ago","16 Jan, 2026 11AM - 8PM"
"2330",="26011540403T4M","CLL3ARA115655594","","SPX Express","ARLA PH","Shopee Philippines (Arla Shopee)","15 Jan, 2026","2 hrs ago","16 Jan, 2026 11AM - 8PM"
"2331",="260115402HA1PH","CLL3ARA115655601","","SPX Express","ARLA PH","Shopee Philippines (Arla Shopee)","15 Jan, 2026","2 hrs ago","16 Jan, 2026 11AM - 8PM"
"2332",="260115407540GQ","CLL3ARA115655605","","SPX Express","ARLA PH","Shopee Philippines (Arla Shopee)","15 Jan, 2026","2 hrs ago","16 Jan, 2026 11AM - 8PM"
"2333",="582123371884611410","CLL3LGM115655607 $","","J&T Express","LAGUNA MAIN COMPANY","Tiktok Philippines (Mccormick Tiktok)","15 Jan, 2026","2 hrs ago","16 Jan, 2026 11AM - 8PM"
"2334",="260115402M5J61","CLL3MNE115655611","","SPX Express","Monde Nissin","Shopee Philippines (Monde Nissin Shopee)","15 Jan, 2026","2 hrs ago","16 Jan, 2026 11AM - 8PM"
"2335",="2601153YGSWHTA","CLL3LGM115655614 $","","SPX Express","LAGUNA MAIN COMPANY","Shopee Philippines (Mc Cormick Shopee)","15 Jan, 2026","2 hrs ago","16 Jan, 2026 11AM - 8PM"
"2336",="260115402TW5SA","CLL3ARA115655615","","SPX Express","ARLA PH","Shopee Philippines (Arla Shopee)","15 Jan, 2026","2 hrs ago","16 Jan, 2026 11AM - 8PM"
"2337",="2601154030JBT8","CLL3ARA115655617","","SPX Express","ARLA PH","Shopee Philippines (Arla Shopee)","15 Jan, 2026","2 hrs ago","16 Jan, 2026 11AM - 8PM"
"2338",="2601153YJ4UDT5","CLL3MNE115655623 $","","SPX Express","Monde Nissin","Shopee Philippines (Monde Nissin Shopee)","15 Jan, 2026","2 hrs ago","16 Jan, 2026 11AM - 8PM"
"2339",="260115403X575H","CLL3MNE115655629","","SPX Express","Monde Nissin","Shopee Philippines (Monde Nissin Shopee)","15 Jan, 2026","2 hrs ago","16 Jan, 2026 11AM - 8PM"
"2340",="26011540AJUFVX","CLL3MNE115655637","","SPX Express","Monde Nissin","Shopee Philippines (Monde Nissin Shopee)","15 Jan, 2026","2 hrs ago","16 Jan, 2026 11AM - 8PM"
"2341",="2601153YTV7KD0","CLL3MNE115655644 $","","Shopee Self Pick-up","Monde Nissin","Shopee Philippines (Monde Nissin Shopee)","15 Jan, 2026","2 hrs ago","16 Jan, 2026 11AM - 8PM"
"2342",="2601154085JRA8","CLL3LGM115655646","","SPX Express","LAGUNA MAIN COMPANY","Shopee Philippines (Mc Cormick Shopee)","15 Jan, 2026","2 hrs ago","16 Jan, 2026 11AM - 8PM"
"2343",="2601153YSHAAYJ","CLL3ARA115655654 $","","SPX Express","ARLA PH","Shopee Philippines (Arla Shopee)","15 Jan, 2026","2 hrs ago","16 Jan, 2026 11AM - 8PM"
"2344",="2601153YQ3573C","CLL3MNE115655655 $","","SPX Express","Monde Nissin","Shopee Philippines (Monde Nissin Shopee)","15 Jan, 2026","2 hrs ago","16 Jan, 2026 11AM - 8PM"
"2345",="2601153YSN3HBU","CLL3ARA115655664 $","","SPX Express","ARLA PH","Shopee Philippines (Arla Shopee)","15 Jan, 2026","2 hrs ago","16 Jan, 2026 11AM - 8PM"
"2346",="2601153YPC7VUE","CLL3MNE115655669 $","","SPX Express","Monde Nissin","Shopee Philippines (Monde Nissin Shopee)","15 Jan, 2026","2 hrs ago","16 Jan, 2026 11AM - 8PM"
"2347",="2601153YU02JHT","CLL3MNE115655670 $","","SPX Express","Monde Nissin","Shopee Philippines (Monde Nissin Shopee)","15 Jan, 2026","2 hrs ago","16 Jan, 2026 11AM - 8PM"
"2348",="2601142FWSBN9U","CLL3ARA115655673","","SPX Express","ARLA PH","Shopee Philippines (Arla Shopee)","15 Jan, 2026","2 hrs ago","16 Jan, 2026 11AM - 8PM"
"2349",="2601153YNP9HTY","CLL3MNE115655677 $","","SPX Express","Monde Nissin","Shopee Philippines (Monde Nissin Shopee)","15 Jan, 2026","2 hrs ago","16 Jan, 2026 11AM - 8PM"
"2350",="26011540A9973P","CLL3MNE115655679","","SPX Express","Monde Nissin","Shopee Philippines (Monde Nissin Shopee)","15 Jan, 2026","2 hrs ago","16 Jan, 2026 11AM - 8PM"
"2351",="2601153YUGA9PY","CLL3ARA115655688 $","","SPX Express","ARLA PH","Shopee Philippines (Arla Shopee)","15 Jan, 2026","2 hrs ago","16 Jan, 2026 11AM - 8PM"
"2352",="26011540BXQJDD","CLL3MNE115655689","","SPX Express","Monde Nissin","Shopee Philippines (Monde Nissin Shopee)","15 Jan, 2026","2 hrs ago","16 Jan, 2026 11AM - 8PM"
"2353",="2601153YQBR4F2","CLL3MNE115655721 $","","SPX Express","Monde Nissin","Shopee Philippines (Monde Nissin Shopee)","15 Jan, 2026","2 hrs ago","16 Jan, 2026 11AM - 8PM"
"2354",="2601153YTEUH50","CLL3MNE115655722 $","","SPX Express","Monde Nissin","Shopee Philippines (Monde Nissin Shopee)","15 Jan, 2026","2 hrs ago","16 Jan, 2026 11AM - 8PM"
"2355",="582123294671406553","CLL3LGM115655734","","J&T Express","LAGUNA MAIN COMPANY","Tiktok Philippines (Mentholatum Tiktok)","15 Jan, 2026","2 hrs ago","16 Jan, 2026 11AM - 8PM"
"2356",="582123327092262910","CLL3ARA115655775 $","","J&T Express","ARLA PH","Tiktok Philippines (Arla Tiktok)","15 Jan, 2026","2 hrs ago","16 Jan, 2026 11AM - 8PM"
"2357",="1073335768358090","CLL3ARA115655787 $","","LEX PH","ARLA PH","Lazada Philippines (Arla Lazada)","15 Jan, 2026","2 hrs ago","16 Jan, 2026 11AM - 8PM"
"2358",="1073334963936134","CLL3ARA115655795","","LEX PH","ARLA PH","Lazada Philippines (Arla Lazada)","15 Jan, 2026","2 hrs ago","16 Jan, 2026 11AM - 8PM"
"2359",="582123297026180380","CLL3MNE115655796","","J&T Express","Monde Nissin","Tiktok Philippines (Monde Nissin Tiktok)","15 Jan, 2026","2 hrs ago","16 Jan, 2026 11AM - 8PM"
"2360",="1073335772856405","CLL3LGM115655802","","LEX","LAGUNA MAIN COMPANY","Lazada Philippines (Mc Cormick Lazada)","15 Jan, 2026","2 hrs ago","16 Jan, 2026 11AM - 8PM"
"2361",="1073333966320662","CLL3LGM115655805","","LEX PH","LAGUNA MAIN COMPANY","Lazada Philippines (Columbia Candies Lazada)","15 Jan, 2026","2 hrs ago","16 Jan, 2026 11AM - 8PM"
"2362",="2601153YUNXWQW","CLL3MNE115655820 $","","SPX Express","Monde Nissin","Shopee Philippines (Monde Nissin Shopee)","15 Jan, 2026","2 hrs ago","16 Jan, 2026 11AM - 8PM"
"2363",="1064984403342913","CLL3MNE115655829","","LEX PH","Monde Nissin","Lazada Philippines (Monde Nissin Lazada)","15 Jan, 2026","2 hrs ago","16 Jan, 2026 11AM - 8PM"
"2364",="1073331586860935","CLL3MNE115655833 $","","LEX","Monde Nissin","Lazada Philippines (Monde Nissin Lazada)","15 Jan, 2026","2 hrs ago","16 Jan, 2026 11AM - 8PM"
"2365",="2601153YQFFSRV","CLL3MNE115655835 $","","SPX Express","Monde Nissin","Shopee Philippines (Monde Nissin Shopee)","15 Jan, 2026","2 hrs ago","16 Jan, 2026 11AM - 8PM"
"2366",="26011540CTCHY7","CLL3ARA115655836","","J&T Cargo","ARLA PH","Shopee Philippines (Arla Shopee)","15 Jan, 2026","2 hrs ago","16 Jan, 2026 11AM - 8PM"
"2367",="582123434980640700","CLL3LGM115655839","","J&T Express","LAGUNA MAIN COMPANY","Tiktok Philippines (Mentholatum Tiktok)","15 Jan, 2026","2 hrs ago","16 Jan, 2026 11AM - 8PM"
"2368",="26011540AA9CUJ","CLL3LGM115655848","","SPX Express","LAGUNA MAIN COMPANY","Shopee Philippines (Mentholatum Shopee)","15 Jan, 2026","2 hrs ago","16 Jan, 2026 11AM - 8PM"
"2369",="582123337550234634","CLL3ARA115655865 $","","J&T Express","ARLA PH","Tiktok Philippines (Arla Tiktok)","15 Jan, 2026","2 hrs ago","16 Jan, 2026 11AM - 8PM"
"2370",="2601153YYJ01MF","CLL3MNE115655885 $","","SPX Express","Monde Nissin","Shopee Philippines (Monde Nissin Shopee)","15 Jan, 2026","2 hrs ago","16 Jan, 2026 11AM - 8PM"
"2371",="2601153YY9CMCH","CLL3LGM115655891 $","","SPX Express","LAGUNA MAIN COMPANY","Shopee Philippines (Mentholatum Shopee)","15 Jan, 2026","2 hrs ago","16 Jan, 2026 11AM - 8PM"
"2372",="2601153YYKVYY7","CLL3LGM115655893 $","","SPX Express","LAGUNA MAIN COMPANY","Shopee Philippines (Mc Cormick Shopee)","15 Jan, 2026","2 hrs ago","16 Jan, 2026 11AM - 8PM"
"2373",="2601153YX9VTAJ","CLL3MNE115655895 $","","SPX Express","Monde Nissin","Shopee Philippines (Monde Nissin Shopee)","15 Jan, 2026","2 hrs ago","16 Jan, 2026 11AM - 8PM"
"2374",="26011540HACHXB","CLL3MNE115655897","","J&T Cargo","Monde Nissin","Shopee Philippines (Monde Nissin Shopee)","15 Jan, 2026","2 hrs ago","16 Jan, 2026 11AM - 8PM"
"2375",="26011540MVRH3F","CLL3LGM115655900","","SPX Express","LAGUNA MAIN COMPANY","Shopee Philippines (Mentholatum Shopee)","15 Jan, 2026","2 hrs ago","16 Jan, 2026 11AM - 8PM"
"2376",="2601153YVQBXEQ","CLL3ARA115655901 $","","SPX Express","ARLA PH","Shopee Philippines (Arla Shopee)","15 Jan, 2026","2 hrs ago","16 Jan, 2026 11AM - 8PM"
"2377",="2601153YVA0K8E","CLL3MNE115655902 $","","SPX Express","Monde Nissin","Shopee Philippines (Monde Nissin Shopee)","15 Jan, 2026","2 hrs ago","16 Jan, 2026 11AM - 8PM"
"2378",="2601153YY7EW5G","CLL3MNE115655910 $","","J&T Cargo","Monde Nissin","Shopee Philippines (Monde Nissin Shopee)","15 Jan, 2026","2 hrs ago","16 Jan, 2026 11AM - 8PM"
"2379",="2601153YVETJU5","CLL3MNE115655917 $","","SPX Express","Monde Nissin","Shopee Philippines (Monde Nissin Shopee)","15 Jan, 2026","2 hrs ago","16 Jan, 2026 11AM - 8PM"
"2380",="2601153YVCVX1Y","CLL3ARA115655918 $","","SPX Express","ARLA PH","Shopee Philippines (Arla Shopee)","15 Jan, 2026","2 hrs ago","16 Jan, 2026 11AM - 8PM"
"2381",="2601153YVHN00G","CLL3MNE115655921 $","","SPX Express","Monde Nissin","Shopee Philippines (Monde Nissin Shopee)","15 Jan, 2026","2 hrs ago","16 Jan, 2026 11AM - 8PM"
"2382",="2601153YVYXMAJ","CLL3MNE115655920 $","","SPX Express","Monde Nissin","Shopee Philippines (Monde Nissin Shopee)","15 Jan, 2026","2 hrs ago","16 Jan, 2026 11AM - 8PM"
"2383",="2601153YUM2JDW","CLL3MNE115655922 $","","SPX Express","Monde Nissin","Shopee Philippines (Monde Nissin Shopee)","15 Jan, 2026","2 hrs ago","16 Jan, 2026 11AM - 8PM"
"2384",="2601153YVNECVX","CLL3ARA115655924 $","","SPX Express","ARLA PH","Shopee Philippines (Arla Shopee)","15 Jan, 2026","2 hrs ago","16 Jan, 2026 11AM - 8PM"
"2385",="2601153YVJJV3Y","CLL3MNE115655925 $","","SPX Express","Monde Nissin","Shopee Philippines (Monde Nissin Shopee)","15 Jan, 2026","2 hrs ago","16 Jan, 2026 11AM - 8PM"
"2386",="26011540JT21DF","CLL3ARA115655926","","SPX Express","ARLA PH","Shopee Philippines (Arla Shopee)","15 Jan, 2026","2 hrs ago","16 Jan, 2026 11AM - 8PM"
"2387",="260115404H69P3","CLL3LGM115655933 $","","SPX Express","LAGUNA MAIN COMPANY","Shopee Philippines (Mc Cormick Shopee)","15 Jan, 2026","2 hrs ago","16 Jan, 2026 11AM - 8PM"
"2388",="26011540HJ045V","CLL3MNE115655935","","SPX Express","Monde Nissin","Shopee Philippines (Monde Nissin Shopee)","15 Jan, 2026","2 hrs ago","16 Jan, 2026 11AM - 8PM"
"2389",="26011540KJSRW3","CLL3ARA115655946","","SPX Express","ARLA PH","Shopee Philippines (Arla Shopee)","15 Jan, 2026","2 hrs ago","16 Jan, 2026 11AM - 8PM"
"2390",="26011540J7XF9R","CLL3MNE115655945","","J&T Cargo","Monde Nissin","Shopee Philippines (Monde Nissin Shopee)","15 Jan, 2026","2 hrs ago","16 Jan, 2026 11AM - 8PM"
"2391",="260115400N7KXN","CLL3MNE115655954 $","","SPX Express","Monde Nissin","Shopee Philippines (Monde Nissin Shopee)","15 Jan, 2026","2 hrs ago","16 Jan, 2026 11AM - 8PM"
"2392",="2601153YW5PRDB","CLL3MNE115655957 $","","SPX Express","Monde Nissin","Shopee Philippines (Monde Nissin Shopee)","15 Jan, 2026","2 hrs ago","16 Jan, 2026 11AM - 8PM"
"2393",="2601154015GPY2","CLL3MNE115655956 $","","SPX Express","Monde Nissin","Shopee Philippines (Monde Nissin Shopee)","15 Jan, 2026","2 hrs ago","16 Jan, 2026 11AM - 8PM"
"2394",="260115401X9ARV","CLL3LGM115655960 $","","SPX Express","LAGUNA MAIN COMPANY","Shopee Philippines (Mc Cormick Shopee)","15 Jan, 2026","2 hrs ago","16 Jan, 2026 11AM - 8PM"
"2395",="2601142EK4MSCG","CLL3MNE115655962","","SPX Express","Monde Nissin","Shopee Philippines (Monde Nissin Shopee)","15 Jan, 2026","2 hrs ago","16 Jan, 2026 11AM - 8PM"
"2396",="26011540FH3DSE","CLL3MNE115655969","","SPX Express","Monde Nissin","Shopee Philippines (Monde Nissin Shopee)","15 Jan, 2026","2 hrs ago","16 Jan, 2026 11AM - 8PM"
"2397",="2601153YVMG0F3","CLL3MNE115655967 $","","SPX Express","Monde Nissin","Shopee Philippines (Monde Nissin Shopee)","15 Jan, 2026","2 hrs ago","16 Jan, 2026 11AM - 8PM"
"2398",="26011540NPJKXW","CLL3MNE115655971","","SPX Express","Monde Nissin","Shopee Philippines (Monde Nissin Shopee)","15 Jan, 2026","2 hrs ago","16 Jan, 2026 11AM - 8PM"
"2399",="26011540KNNKEV","CLL3ARA115655972","","SPX Express","ARLA PH","Shopee Philippines (Arla Shopee)","15 Jan, 2026","2 hrs ago","16 Jan, 2026 11AM - 8PM"
"2400",="26011540KKTK0M","CLL3MNE115655978","","SPX Express","Monde Nissin","Shopee Philippines (Monde Nissin Shopee)","15 Jan, 2026","2 hrs ago","16 Jan, 2026 11AM - 8PM"
"2401",="2601153YX72RMC","CLL3MNE115655980 $","","SPX Express","Monde Nissin","Shopee Philippines (Monde Nissin Shopee)","15 Jan, 2026","2 hrs ago","16 Jan, 2026 11AM - 8PM"
"2402",="26011540008QQ5","CLL3ARA115655982 $","","SPX Express","ARLA PH","Shopee Philippines (Arla Shopee)","15 Jan, 2026","2 hrs ago","16 Jan, 2026 11AM - 8PM"
"2403",="260115402WRV3W","CLL3LGM115655983 $","","SPX Express","LAGUNA MAIN COMPANY","Shopee Philippines (Mentholatum Shopee)","15 Jan, 2026","2 hrs ago","16 Jan, 2026 11AM - 8PM"
"2404",="260115404M2NWC","CLL3ARA115655990 $","","SPX Express","ARLA PH","Shopee Philippines (Arla Shopee)","15 Jan, 2026","2 hrs ago","16 Jan, 2026 11AM - 8PM"
"2405",="2601154067KC7Q","CLL3MNE115655993 $","","SPX Express","Monde Nissin","Shopee Philippines (Monde Nissin Shopee)","15 Jan, 2026","2 hrs ago","16 Jan, 2026 11AM - 8PM"
"2406",="26011540HJYQW9","CLL3MNE115655992","","SPX Express","Monde Nissin","Shopee Philippines (Monde Nissin Shopee)","15 Jan, 2026","2 hrs ago","16 Jan, 2026 11AM - 8PM"
"2407",="260115402M79Y9","CLL3MNE115655995 $","","SPX Express","Monde Nissin","Shopee Philippines (Monde Nissin Shopee)","15 Jan, 2026","2 hrs ago","16 Jan, 2026 11AM - 8PM"
"2408",="2601154077YJS5","CLL3MNE115655996 $","","SPX Express","Monde Nissin","Shopee Philippines (Monde Nissin Shopee)","15 Jan, 2026","2 hrs ago","16 Jan, 2026 11AM - 8PM"
"2409",="26011540NHQX78","CLL3MNE115655999","","SPX Express","Monde Nissin","Shopee Philippines (Monde Nissin Shopee)","15 Jan, 2026","2 hrs ago","16 Jan, 2026 11AM - 8PM"
"2410",="26011540GYUFJ4","CLL3MNE115656001","","SPX Express","Monde Nissin","Shopee Philippines (Monde Nissin Shopee)","15 Jan, 2026","2 hrs ago","16 Jan, 2026 11AM - 8PM"
"2411",="26011540B9QY3X","CLL3MNE115656005 $","","SPX Express","Monde Nissin","Shopee Philippines (Monde Nissin Shopee)","15 Jan, 2026","2 hrs ago","16 Jan, 2026 11AM - 8PM"
"2412",="26011540RH5C7H","CLL3MNE115656006","","SPX Express","Monde Nissin","Shopee Philippines (Monde Nissin Shopee)","15 Jan, 2026","2 hrs ago","16 Jan, 2026 11AM - 8PM"
"2413",="260115404J4U8S","CLL3MNE115656007 $","","SPX Express","Monde Nissin","Shopee Philippines (Monde Nissin Shopee)","15 Jan, 2026","2 hrs ago","16 Jan, 2026 11AM - 8PM"
"2414",="26011540Q3DBXD","CLL3MNE115656008","","SPX Express","Monde Nissin","Shopee Philippines (Monde Nissin Shopee)","15 Jan, 2026","2 hrs ago","16 Jan, 2026 11AM - 8PM"
"2415",="260115408TK2TM","CLL3MNE115656010 $","","SPX Express","Monde Nissin","Shopee Philippines (Monde Nissin Shopee)","15 Jan, 2026","2 hrs ago","16 Jan, 2026 11AM - 8PM"
"2416",="2601154045S8BB","CLL3MNE115656012 $","","SPX Express","Monde Nissin","Shopee Philippines (Monde Nissin Shopee)","15 Jan, 2026","2 hrs ago","16 Jan, 2026 11AM - 8PM"
"2417",="26011540QNGKVJ","CLL3MNE115656013","","SPX Express","Monde Nissin","Shopee Philippines (Monde Nissin Shopee)","15 Jan, 2026","2 hrs ago","16 Jan, 2026 11AM - 8PM"
"2418",="260115404DD679","CLL3MNE115656014 $","","SPX Express","Monde Nissin","Shopee Philippines (Monde Nissin Shopee)","15 Jan, 2026","2 hrs ago","16 Jan, 2026 11AM - 8PM"
"2419",="2601154068K5K1","CLL3MNE115656017 $","","SPX Express","Monde Nissin","Shopee Philippines (Monde Nissin Shopee)","15 Jan, 2026","2 hrs ago","16 Jan, 2026 11AM - 8PM"
"2420",="260115408HYH7T","CLL3MNE115656019 $","","SPX Express","Monde Nissin","Shopee Philippines (Monde Nissin Shopee)","15 Jan, 2026","2 hrs ago","16 Jan, 2026 11AM - 8PM"
"2421",="26011540QY24Q7","CLL3MNE115656020","","SPX Express","Monde Nissin","Shopee Philippines (Monde Nissin Shopee)","15 Jan, 2026","2 hrs ago","16 Jan, 2026 11AM - 8PM"
"2422",="26011540AY6TTN","CLL3MNE115656021 $","","SPX Express","Monde Nissin","Shopee Philippines (Monde Nissin Shopee)","15 Jan, 2026","2 hrs ago","16 Jan, 2026 11AM - 8PM"
"2423",="2601154026VQS3","CLL3MNE115656022 $","","SPX Express","Monde Nissin","Shopee Philippines (Monde Nissin Shopee)","15 Jan, 2026","2 hrs ago","16 Jan, 2026 11AM - 8PM"
"2424",="260115406TNJ71","CLL3MNE115656023 $","","SPX Express","Monde Nissin","Shopee Philippines (Monde Nissin Shopee)","15 Jan, 2026","2 hrs ago","16 Jan, 2026 11AM - 8PM"
"2425",="26011540M3Y7BD","CLL3MNE115656024","","SPX Express","Monde Nissin","Shopee Philippines (Monde Nissin Shopee)","15 Jan, 2026","2 hrs ago","16 Jan, 2026 11AM - 8PM"
"2426",="26011540942KQQ","CLL3MNE115656026 $","","SPX Express","Monde Nissin","Shopee Philippines (Monde Nissin Shopee)","15 Jan, 2026","2 hrs ago","16 Jan, 2026 11AM - 8PM"
"2427",="26011540A3KYJP","CLL3MNE115656028 $","","SPX Express","Monde Nissin","Shopee Philippines (Monde Nissin Shopee)","15 Jan, 2026","2 hrs ago","16 Jan, 2026 11AM - 8PM"
"2428",="26011540UBQNS7","CLL3MNE115656038","","SPX Express","Monde Nissin","Shopee Philippines (Monde Nissin Shopee)","15 Jan, 2026","2 hrs ago","16 Jan, 2026 11AM - 8PM"
"2429",="260115408JWP4B","CLL3ARA115656040 $","","SPX Express","ARLA PH","Shopee Philippines (Arla Shopee)","15 Jan, 2026","2 hrs ago","16 Jan, 2026 11AM - 8PM"
"2430",="26011540RG5DDJ","CLL3MNE115656044","","SPX Express","Monde Nissin","Shopee Philippines (Monde Nissin Shopee)","15 Jan, 2026","2 hrs ago","16 Jan, 2026 11AM - 8PM"
"2431",="26011540BXQJCA","CLL3MNE115656048 $","","SPX Express","Monde Nissin","Shopee Philippines (Monde Nissin Shopee)","15 Jan, 2026","2 hrs ago","16 Jan, 2026 11AM - 8PM"
"2432",="26011540RVMGV8","CLL3MNE115656050","","SPX Express","Monde Nissin","Shopee Philippines (Monde Nissin Shopee)","15 Jan, 2026","2 hrs ago","16 Jan, 2026 11AM - 8PM"
"2433",="2601154095YYVR","CLL3LGM115656051 $","","SPX Express","LAGUNA MAIN COMPANY","Shopee Philippines (Mc Cormick Shopee)","15 Jan, 2026","2 hrs ago","16 Jan, 2026 11AM - 8PM"
"2434",="260115408JWTK0","CLL3ARA115656056 $","","SPX Express","ARLA PH","Shopee Philippines (Arla Shopee)","15 Jan, 2026","2 hrs ago","16 Jan, 2026 11AM - 8PM"
"2435",="26011540SMFM4B","CLL3ARA115656057","","SPX Express","ARLA PH","Shopee Philippines (Arla Shopee)","15 Jan, 2026","2 hrs ago","16 Jan, 2026 11AM - 8PM"
"2436",="26011540VY8B6H","CLL3MNE115656053","","SPX Express","Monde Nissin","Shopee Philippines (Monde Nissin Shopee)","15 Jan, 2026","2 hrs ago","16 Jan, 2026 11AM - 8PM"
"2437",="26011540WP322T","CLL3MNE115656054","","SPX Express","Monde Nissin","Shopee Philippines (Monde Nissin Shopee)","15 Jan, 2026","2 hrs ago","16 Jan, 2026 11AM - 8PM"
"2438",="2601153Y10DGV9","CLL3MNE115656068","","SPX Express","Monde Nissin","Shopee Philippines (Monde Nissin Shopee)","15 Jan, 2026","2 hrs ago","16 Jan, 2026 11AM - 8PM"
"2439",="2601153YQS2VAE","CLL3MNE115656069 $","","SPX Express","Monde Nissin","Shopee Philippines (Monde Nissin Shopee)","15 Jan, 2026","2 hrs ago","16 Jan, 2026 11AM - 8PM"
"2440",="260115408PPQ0X","CLL3LGM115656073 $","","SPX Express","LAGUNA MAIN COMPANY","Shopee Philippines (Mc Cormick Shopee)","15 Jan, 2026","2 hrs ago","16 Jan, 2026 11AM - 8PM"
"2441",="260115409T0QF3","CLL3ARA115656076 $","","SPX Express","ARLA PH","Shopee Philippines (Arla Shopee)","15 Jan, 2026","2 hrs ago","16 Jan, 2026 11AM - 8PM"
"2442",="26011540RAGBTF","CLL3MNE115656077","","SPX Express","Monde Nissin","Shopee Philippines (Monde Nissin Shopee)","15 Jan, 2026","2 hrs ago","16 Jan, 2026 11AM - 8PM"
"2443",="1064981424831720","CLL3ARA115656091","","LEX PH","ARLA PH","Lazada Philippines (Arla Lazada)","15 Jan, 2026","2 hrs ago","16 Jan, 2026 11AM - 8PM"
"2444",="26011540FUK16R","CLL3MNE115656116 $","","SPX Express","Monde Nissin","Shopee Philippines (Monde Nissin Shopee)","15 Jan, 2026","2 hrs ago","16 Jan, 2026 11AM - 8PM"
"2445",="26011540XJQ0WX","CLL3MNE115656122","","SPX Express","Monde Nissin","Shopee Philippines (Monde Nissin Shopee)","15 Jan, 2026","2 hrs ago","16 Jan, 2026 11AM - 8PM"
"2446",="26011540FD99C9","CLL3MNE115656125 $","","SPX Express","Monde Nissin","Shopee Philippines (Monde Nissin Shopee)","15 Jan, 2026","2 hrs ago","16 Jan, 2026 11AM - 8PM"
"2447",="1073333981104502","CLL3LGM115656126 $","","LEX PH","LAGUNA MAIN COMPANY","Lazada Philippines (Mc Cormick Lazada)","15 Jan, 2026","2 hrs ago","16 Jan, 2026 11AM - 8PM"
"2448",="1064974882360131","CLL3LGM115656127 $","","LEX","LAGUNA MAIN COMPANY","Lazada Philippines (Mc Cormick Lazada)","15 Jan, 2026","2 hrs ago","16 Jan, 2026 11AM - 8PM"
"2449",="26011540HJ18CM","CLL3MNE115656149","","SPX Express","Monde Nissin","Shopee Philippines (Monde Nissin Shopee)","15 Jan, 2026","2 hrs ago","16 Jan, 2026 11AM - 8PM"
"2450",="1064987000205150","CLL3MNE115656148","","LEX","Monde Nissin","Lazada Philippines (Monde Nissin Lazada)","15 Jan, 2026","2 hrs ago","16 Jan, 2026 11AM - 8PM"
"2451",="1064976473004276","CLL3MNE115656158 $","","LEX PH","Monde Nissin","Lazada Philippines (Monde Nissin Lazada)","15 Jan, 2026","2 hrs ago","16 Jan, 2026 11AM - 8PM"
"2452",="582123398680119117","CLL3MNE115656155","","J&T Express","Monde Nissin","Tiktok Philippines (Monde Nissin Tiktok)","15 Jan, 2026","2 hrs ago","16 Jan, 2026 11AM - 8PM"
"2453",="26011540YJ7CBR","CLL3MNE115656161","","SPX Express","Monde Nissin","Shopee Philippines (Monde Nissin Shopee)","15 Jan, 2026","2 hrs ago","16 Jan, 2026 11AM - 8PM"
"2454",="26011540FJ3W61","CLL3MNE115656162 $","","SPX Express","Monde Nissin","Shopee Philippines (Monde Nissin Shopee)","15 Jan, 2026","2 hrs ago","16 Jan, 2026 11AM - 8PM"
"2455",="260115410MJC6N","CLL3MNE115656165","","SPX Express","Monde Nissin","Shopee Philippines (Monde Nissin Shopee)","15 Jan, 2026","2 hrs ago","16 Jan, 2026 11AM - 8PM"
"2456",="26011540FVKPK8","CLL3MNE115656167 $","","SPX Express","Monde Nissin","Shopee Philippines (Monde Nissin Shopee)","15 Jan, 2026","2 hrs ago","16 Jan, 2026 11AM - 8PM"
"2457",="26011540F7KDAT","CLL3MNE115656171 $","","SPX Express","Monde Nissin","Shopee Philippines (Monde Nissin Shopee)","15 Jan, 2026","2 hrs ago","16 Jan, 2026 11AM - 8PM"
"2458",="26011540HC9XF2","CLL3ARA115656173 $","","SPX Express","ARLA PH","Shopee Philippines (Arla Shopee)","15 Jan, 2026","2 hrs ago","16 Jan, 2026 11AM - 8PM"
"2459",="260115411DBTY8","CLL3MNE115656172","","J&T Cargo","Monde Nissin","Shopee Philippines (Monde Nissin Shopee)","15 Jan, 2026","2 hrs ago","16 Jan, 2026 11AM - 8PM"
"2460",="26011540D11YMX","CLL3MNE115656177 $","","SPX Express","Monde Nissin","Shopee Philippines (Monde Nissin Shopee)","15 Jan, 2026","2 hrs ago","16 Jan, 2026 11AM - 8PM"
"2461",="26011540XX5NNU","CLL3MNE115656185","","SPX Express","Monde Nissin","Shopee Philippines (Monde Nissin Shopee)","15 Jan, 2026","2 hrs ago","16 Jan, 2026 11AM - 8PM"
"2462",="582123437942015494","CLL3LGM115656187","","J&T Express","LAGUNA MAIN COMPANY","Tiktok Philippines (Mentholatum Tiktok)","15 Jan, 2026","2 hrs ago","16 Jan, 2026 11AM - 8PM"
"2463",="26011540X887NC","CLL3MNE115656188","","SPX Express","Monde Nissin","Shopee Philippines (Monde Nissin Shopee)","15 Jan, 2026","2 hrs ago","16 Jan, 2026 11AM - 8PM"
"2464",="26011540HUHU9J","CLL3MNE115656194 $","","SPX Express","Monde Nissin","Shopee Philippines (Monde Nissin Shopee)","15 Jan, 2026","2 hrs ago","16 Jan, 2026 11AM - 8PM"
"2465",="26011540XMMJUY","CLL3LGM115656197","","SPX Express","LAGUNA MAIN COMPANY","Shopee Philippines (Mc Cormick Shopee)","15 Jan, 2026","2 hrs ago","16 Jan, 2026 11AM - 8PM"
"2466",="26011540UWV7KM","CLL3ARA115656205","","SPX Express","ARLA PH","Shopee Philippines (Arla Shopee)","15 Jan, 2026","2 hrs ago","16 Jan, 2026 11AM - 8PM"
"2467",="26011540G29PGK","CLL3MNE115656208 $","","SPX Express","Monde Nissin","Shopee Philippines (Monde Nissin Shopee)","15 Jan, 2026","2 hrs ago","16 Jan, 2026 11AM - 8PM"
"2468",="26011540XJR3RB","CLL3MNE115656210","","SPX Express","Monde Nissin","Shopee Philippines (Monde Nissin Shopee)","15 Jan, 2026","2 hrs ago","16 Jan, 2026 11AM - 8PM"
"2469",="26011540XC13MT","CLL3LGM115656214","","SPX Express","LAGUNA MAIN COMPANY","Shopee Philippines (Mentholatum Shopee)","15 Jan, 2026","2 hrs ago","16 Jan, 2026 11AM - 8PM"
"2470",="26011540TVH0JK","CLL3ARA115656216","","SPX Express","ARLA PH","Shopee Philippines (Arla Shopee)","15 Jan, 2026","2 hrs ago","16 Jan, 2026 11AM - 8PM"
"2471",="26011540TJWJAX","CLL3MNE115656224","","SPX Express","Monde Nissin","Shopee Philippines (Monde Nissin Shopee)","15 Jan, 2026","2 hrs ago","16 Jan, 2026 11AM - 8PM"
"2472",="26011540MJB16X","CLL3MNE115656229 $","","SPX Express","Monde Nissin","Shopee Philippines (Monde Nissin Shopee)","15 Jan, 2026","2 hrs ago","16 Jan, 2026 11AM - 8PM"
"2473",="26011540J6YUBX","CLL3TBY115656244 $","","SPX Express","The Body Shop","Shopee Philippines (The Body Shop Shopee)","15 Jan, 2026","2 hrs ago","16 Jan, 2026 11AM - 8PM"
"2474",="26011540K1PGYB","CLL3MNE115656261 $","","SPX Express","Monde Nissin","Shopee Philippines (Monde Nissin Shopee)","15 Jan, 2026","2 hrs ago","16 Jan, 2026 11AM - 8PM"
"2475",="26011540JXRXAR","CLL3MNE115656270 $","","SPX Express","Monde Nissin","Shopee Philippines (Monde Nissin Shopee)","15 Jan, 2026","2 hrs ago","16 Jan, 2026 11AM - 8PM"
"2476",="1073333787521826","CLL3ARA115656274","","LEX PH","ARLA PH","Lazada Philippines (Arla Lazada)","15 Jan, 2026","2 hrs ago","16 Jan, 2026 11AM - 8PM"
"2477",="260115415SFT4F","CLL3MNE115656277","","SPX Express","Monde Nissin","Shopee Philippines (Monde Nissin Shopee)","15 Jan, 2026","2 hrs ago","16 Jan, 2026 11AM - 8PM"
"2478",="1073342145788432","CLL3LGM115656282","","LEX PH","LAGUNA MAIN COMPANY","Lazada Philippines (Mc Cormick Lazada)","15 Jan, 2026","2 hrs ago","16 Jan, 2026 11AM - 8PM"
"2479",="260115414JE3WK","CLL3MNE115656296","","SPX Express","Monde Nissin","Shopee Philippines (Monde Nissin Shopee)","15 Jan, 2026","2 hrs ago","16 Jan, 2026 11AM - 8PM"
"2480",="1073332779580065","CLL3MNE115656301 $","","LEX","Monde Nissin","Lazada Philippines (Monde Nissin Lazada)","15 Jan, 2026","2 hrs ago","16 Jan, 2026 11AM - 8PM"
"2481",="2601154174DB3T","CLL3ARA115656307","","SPX Express","ARLA PH","Shopee Philippines (Arla Shopee)","15 Jan, 2026","2 hrs ago","16 Jan, 2026 11AM - 8PM"
"2482",="26011540Q76Y6K","CLL3ARA115656313 $","","SPX Express","ARLA PH","Shopee Philippines (Arla Shopee)","15 Jan, 2026","2 hrs ago","16 Jan, 2026 11AM - 8PM"
"2483",="260115417SFFUJ","CLL3MNE115656314","","SPX Express","Monde Nissin","Shopee Philippines (Monde Nissin Shopee)","15 Jan, 2026","2 hrs ago","16 Jan, 2026 11AM - 8PM"
"2484",="26011540JVV26N","CLL3MNE115656319","","SPX Express","Monde Nissin","Shopee Philippines (Monde Nissin Shopee)","15 Jan, 2026","2 hrs ago","16 Jan, 2026 11AM - 8PM"
"2485",="26011540Q77N90","CLL3MNE115656324 $","","SPX Express","Monde Nissin","Shopee Philippines (Monde Nissin Shopee)","15 Jan, 2026","2 hrs ago","16 Jan, 2026 11AM - 8PM"
"2486",="260115414JEJ57","CLL3MNE115656325","","J&T","Monde Nissin","Shopee Philippines (Monde Nissin Shopee)","15 Jan, 2026","2 hrs ago","16 Jan, 2026 11AM - 8PM"
"2487",="26011540PCGU18","CLL3MNE115656326 $","","SPX Express","Monde Nissin","Shopee Philippines (Monde Nissin Shopee)","15 Jan, 2026","2 hrs ago","16 Jan, 2026 11AM - 8PM"
"2488",="26011540M7TEGB","CLL3MNE115656332 $","","SPX Express","Monde Nissin","Shopee Philippines (Monde Nissin Shopee)","15 Jan, 2026","2 hrs ago","16 Jan, 2026 11AM - 8PM"
"2489",="2601154147WVAC","CLL3MNE115656339","","SPX Express","Monde Nissin","Shopee Philippines (Monde Nissin Shopee)","15 Jan, 2026","2 hrs ago","16 Jan, 2026 11AM - 8PM"
"2490",="26011540SV2GQE","CLL3MNE115656352 $","","SPX Express","Monde Nissin","Shopee Philippines (Monde Nissin Shopee)","15 Jan, 2026","2 hrs ago","16 Jan, 2026 11AM - 8PM"
"2491",="260115418WPTEN","CLL3MNE115656367","","SPX Express","Monde Nissin","Shopee Philippines (Monde Nissin Shopee)","15 Jan, 2026","2 hrs ago","16 Jan, 2026 11AM - 8PM"
"2492",="26011540U7X3DC","CLL3LGM115656375 $","","SPX Express","LAGUNA MAIN COMPANY","Shopee Philippines (Mc Cormick Shopee)","15 Jan, 2026","2 hrs ago","16 Jan, 2026 11AM - 8PM"
"2493",="260115419MHD3J","CLL3MNE115656377","","SPX Express","Monde Nissin","Shopee Philippines (Monde Nissin Shopee)","15 Jan, 2026","2 hrs ago","16 Jan, 2026 11AM - 8PM"
"2494",="26011540UVVNFJ","CLL3MNE115656385 $","","SPX Express","Monde Nissin","Shopee Philippines (Monde Nissin Shopee)","15 Jan, 2026","2 hrs ago","16 Jan, 2026 11AM - 8PM"
"2495",="260115419PG7Y9","CLL3MNE115656386","","SPX Express","Monde Nissin","Shopee Philippines (Monde Nissin Shopee)","15 Jan, 2026","2 hrs ago","16 Jan, 2026 11AM - 8PM"
"2496",="26011540TG1NRU","CLL3MNE115656394 $","","SPX Express","Monde Nissin","Shopee Philippines (Monde Nissin Shopee)","15 Jan, 2026","2 hrs ago","16 Jan, 2026 11AM - 8PM"
"2497",="260115419CVJ4N","CLL3LGM115656395","","SPX Express","LAGUNA MAIN COMPANY","Shopee Philippines (Mentholatum Shopee)","15 Jan, 2026","2 hrs ago","16 Jan, 2026 11AM - 8PM"
"2498",="26011540QSARAX","CLL3ARA115656397 $","","SPX Express","ARLA PH","Shopee Philippines (Arla Shopee)","15 Jan, 2026","2 hrs ago","16 Jan, 2026 11AM - 8PM"
"2499",="260115418URGBP","CLL3MNE115656406","","SPX Express","Monde Nissin","Shopee Philippines (Monde Nissin Shopee)","15 Jan, 2026","2 hrs ago","16 Jan, 2026 11AM - 8PM"
"2500",="26011540R5QXHF","CLL3MNE115656408 $","","SPX Express","Monde Nissin","Shopee Philippines (Monde Nissin Shopee)","15 Jan, 2026","2 hrs ago","16 Jan, 2026 11AM - 8PM"
"2501",="26011541CMU6B5","CLL3MNE115656415","","SPX Express","Monde Nissin","Shopee Philippines (Monde Nissin Shopee)","15 Jan, 2026","2 hrs ago","16 Jan, 2026 11AM - 8PM"
"2502",="26011541D27BH2","CLL3MNE115656417","","SPX Express","Monde Nissin","Shopee Philippines (Monde Nissin Shopee)","15 Jan, 2026","2 hrs ago","16 Jan, 2026 11AM - 8PM"
"2503",="26011540RAF7U6","CLL3MNE115656420 $","","J&T","Monde Nissin","Shopee Philippines (Monde Nissin Shopee)","15 Jan, 2026","2 hrs ago","16 Jan, 2026 11AM - 8PM"
"2504",="26011540U09MFV","CLL3MNE115656421 $","","SPX Express","Monde Nissin","Shopee Philippines (Monde Nissin Shopee)","15 Jan, 2026","2 hrs ago","16 Jan, 2026 11AM - 8PM"
"2505",="26011540V0QJ22","CLL3MNE115656422 $","","SPX Express","Monde Nissin","Shopee Philippines (Monde Nissin Shopee)","15 Jan, 2026","2 hrs ago","16 Jan, 2026 11AM - 8PM"
"2506",="26011540RWJ759","CLL3ARA115656423 $","","SPX Express","ARLA PH","Shopee Philippines (Arla Shopee)","15 Jan, 2026","2 hrs ago","16 Jan, 2026 11AM - 8PM"
"2507",="26011540R9J6KH","CLL3MNE115656424 $","","SPX Express","Monde Nissin","Shopee Philippines (Monde Nissin Shopee)","15 Jan, 2026","2 hrs ago","16 Jan, 2026 11AM - 8PM"
"2508",="26011541B2BCSS","CLL3MNE115656428","","SPX Express","Monde Nissin","Shopee Philippines (Monde Nissin Shopee)","15 Jan, 2026","2 hrs ago","16 Jan, 2026 11AM - 8PM"
"2509",="26011540V8AEV0","CLL3MNE115656430 $","","J&T","Monde Nissin","Shopee Philippines (Monde Nissin Shopee)","15 Jan, 2026","2 hrs ago","16 Jan, 2026 11AM - 8PM"
"2510",="582123625965913965","CLL3LGM115656432 $","","J&T Express","LAGUNA MAIN COMPANY","Tiktok Philippines (Mccormick Tiktok)","15 Jan, 2026","2 hrs ago","16 Jan, 2026 11AM - 8PM"
"2511",="582123548573533979","CLL3LGM115656437","","J&T Express","LAGUNA MAIN COMPANY","Tiktok Philippines (Mccormick Tiktok)","15 Jan, 2026","2 hrs ago","16 Jan, 2026 11AM - 8PM"
"2512",="26011540SJH635","CLL3MNE115656454 $","","SPX Express","Monde Nissin","Shopee Philippines (Monde Nissin Shopee)","15 Jan, 2026","2 hrs ago","16 Jan, 2026 11AM - 8PM"
"2513",="260115332PM6D9","CLL3MNE115656458","","SPX Express","Monde Nissin","Shopee Philippines (Monde Nissin Shopee)","15 Jan, 2026","2 hrs ago","16 Jan, 2026 11AM - 8PM"
"2514",="26011540Y5TXS0","CLL3MNE115656462 $","","SPX Express","Monde Nissin","Shopee Philippines (Monde Nissin Shopee)","15 Jan, 2026","2 hrs ago","16 Jan, 2026 11AM - 8PM"
"2515",="260115418AK6HB","CLL3LGM115656464","","SPX Express","LAGUNA MAIN COMPANY","Shopee Philippines (Mentholatum Shopee)","15 Jan, 2026","2 hrs ago","16 Jan, 2026 11AM - 8PM"
"2516",="26011541ADB65G","CLL3MNE115656469","","SPX Express","Monde Nissin","Shopee Philippines (Monde Nissin Shopee)","15 Jan, 2026","2 hrs ago","16 Jan, 2026 11AM - 8PM"
"2517",="1064983227420681","CLL3MNE115656470 $","","LEX PH","Monde Nissin","Lazada Philippines (Monde Nissin Lazada)","15 Jan, 2026","2 hrs ago","16 Jan, 2026 11AM - 8PM"
"2518",="26011541E7DCHW","CLL3MNE115656471","","Shopee Express","Monde Nissin","Shopee Philippines (Monde Nissin Shopee)","15 Jan, 2026","2 hrs ago","16 Jan, 2026 11AM - 8PM"
"2519",="1073338757957742","CLL3MNE115656472","","LEX","Monde Nissin","Lazada Philippines (Monde Nissin Lazada)","15 Jan, 2026","2 hrs ago","16 Jan, 2026 11AM - 8PM"
"2520",="1073345518572153","CLL3MNE115656473","","LEX PH","Monde Nissin","Lazada Philippines (Monde Nissin Lazada)","15 Jan, 2026","2 hrs ago","16 Jan, 2026 11AM - 8PM"
"2521",="26011541821W53","CLL3MNE115656475","","SPX Express","Monde Nissin","Shopee Philippines (Monde Nissin Shopee)","15 Jan, 2026","2 hrs ago","16 Jan, 2026 11AM - 8PM"
"2522",="26011541E0S89K","CLL3MNE115656476","","SPX Express","Monde Nissin","Shopee Philippines (Monde Nissin Shopee)","15 Jan, 2026","2 hrs ago","16 Jan, 2026 11AM - 8PM"
"2523",="26011541JHNFQ4","CLL3ARA115656483","","SPX Express","ARLA PH","Shopee Philippines (Arla Shopee)","15 Jan, 2026","2 hrs ago","16 Jan, 2026 11AM - 8PM"
"2524",="26011541GFURRN","CLL3MNE115656484","","SPX Express","Monde Nissin","Shopee Philippines (Monde Nissin Shopee)","15 Jan, 2026","2 hrs ago","16 Jan, 2026 11AM - 8PM"
"2525",="26011541EMSE81","CLL3MNE115656485","","SPX Express","Monde Nissin","Shopee Philippines (Monde Nissin Shopee)","15 Jan, 2026","2 hrs ago","16 Jan, 2026 11AM - 8PM"
"2526",="260115411G5Y6D","CLL3MNE115656490 $","","SPX Express","Monde Nissin","Shopee Philippines (Monde Nissin Shopee)","15 Jan, 2026","2 hrs ago","16 Jan, 2026 11AM - 8PM"
"2527",="26011540XC38RT","CLL3MNE115656497 $","","SPX Express","Monde Nissin","Shopee Philippines (Monde Nissin Shopee)","15 Jan, 2026","2 hrs ago","16 Jan, 2026 11AM - 8PM"
"2528",="260115410856JN","CLL3MNE115656501 $","","SPX Express","Monde Nissin","Shopee Philippines (Monde Nissin Shopee)","15 Jan, 2026","2 hrs ago","16 Jan, 2026 11AM - 8PM"
"2529",="26011540W9QW1T","CLL3MNE115656502 $","","SPX Express","Monde Nissin","Shopee Philippines (Monde Nissin Shopee)","15 Jan, 2026","2 hrs ago","16 Jan, 2026 11AM - 8PM"
"2530",="1073341348758882","CLL3MNE115656503","","LEX","Monde Nissin","Lazada Philippines (Monde Nissin Lazada)","15 Jan, 2026","2 hrs ago","16 Jan, 2026 11AM - 8PM"
"2531",="26011541EX8WGY","CLL3MNE115656506","","SPX Express","Monde Nissin","Shopee Philippines (Monde Nissin Shopee)","15 Jan, 2026","2 hrs ago","16 Jan, 2026 11AM - 8PM"
"2532",="260115411NXDQC","CLL3MNE115656515 $","","J&T Cargo","Monde Nissin","Shopee Philippines (Monde Nissin Shopee)","15 Jan, 2026","2 hrs ago","16 Jan, 2026 11AM - 8PM"
"2533",="26011541HRXSD9","CLL3ARA115656523","","SPX Express","ARLA PH","Shopee Philippines (Arla Shopee)","15 Jan, 2026","2 hrs ago","16 Jan, 2026 11AM - 8PM"
"2534",="26011540WR1PHM","CLL3MNE115656525 $","","SPX Express","Monde Nissin","Shopee Philippines (Monde Nissin Shopee)","15 Jan, 2026","2 hrs ago","16 Jan, 2026 11AM - 8PM"
"2535",="26011540XNN0WQ","CLL3REB115656526 $","","SPX Express","Rebisco Marketplace Laguna","Shopee Philippines (Rebisco Shopee)","15 Jan, 2026","2 hrs ago","16 Jan, 2026 11AM - 8PM"
"2536",="260115410X1JCQ","CLL3MNE115656527 $","","SPX Express","Monde Nissin","Shopee Philippines (Monde Nissin Shopee)","15 Jan, 2026","2 hrs ago","16 Jan, 2026 11AM - 8PM"
"2537",="260115411EACHJ","CLL3MNE115656529 $","","SPX Express","Monde Nissin","Shopee Philippines (Monde Nissin Shopee)","15 Jan, 2026","2 hrs ago","16 Jan, 2026 11AM - 8PM"
"2538",="26011541FBPVVB","CLL3MNE115656530","","SPX Express","Monde Nissin","Shopee Philippines (Monde Nissin Shopee)","15 Jan, 2026","2 hrs ago","16 Jan, 2026 11AM - 8PM"
"2539",="260115412BTWKE","CLL3LGM115656531 $","","SPX Express","LAGUNA MAIN COMPANY","Shopee Philippines (Mc Cormick Shopee)","15 Jan, 2026","2 hrs ago","16 Jan, 2026 11AM - 8PM"
"2540",="26011541GUAD69","CLL3MNE115656532","","SPX Express","Monde Nissin","Shopee Philippines (Monde Nissin Shopee)","15 Jan, 2026","2 hrs ago","16 Jan, 2026 11AM - 8PM"
"2541",="26011540X1KJF0","CLL3MNE115656535 $","","SPX Express","Monde Nissin","Shopee Philippines (Monde Nissin Shopee)","15 Jan, 2026","2 hrs ago","16 Jan, 2026 11AM - 8PM"
"2542",="26011540XKNBVY","CLL3MNE115656544 $","","SPX Express","Monde Nissin","Shopee Philippines (Monde Nissin Shopee)","15 Jan, 2026","2 hrs ago","16 Jan, 2026 11AM - 8PM"
"2543",="260115415C677F","CLL3MNE115656549 $","","SPX Express","Monde Nissin","Shopee Philippines (Monde Nissin Shopee)","15 Jan, 2026","2 hrs ago","16 Jan, 2026 11AM - 8PM"
"2544",="260115415A89AW","CLL3ARA115656551 $","","SPX Express","ARLA PH","Shopee Philippines (Arla Shopee)","15 Jan, 2026","2 hrs ago","16 Jan, 2026 11AM - 8PM"
"2545",="1064979064490514","CLL3MNE115656575","","LEX PH","Monde Nissin","Lazada Philippines (Monde Nissin Lazada)","15 Jan, 2026","2 hrs ago","16 Jan, 2026 11AM - 8PM"
"2546",="26011541PR4AD7","CLL3ARA115656576","","SPX Express","ARLA PH","Shopee Philippines (Arla Shopee)","15 Jan, 2026","2 hrs ago","16 Jan, 2026 11AM - 8PM"
"2547",="1073337975491690","CLL3MNE115656577","","LEX PH","Monde Nissin","Lazada Philippines (Monde Nissin Lazada)","15 Jan, 2026","2 hrs ago","16 Jan, 2026 11AM - 8PM"
"2548",="1073336594329099","CLL3MNE115656578","","LEX","Monde Nissin","Lazada Philippines (Monde Nissin Lazada)","15 Jan, 2026","2 hrs ago","16 Jan, 2026 11AM - 8PM"
"2549",="26011541QQMQ4Y","CLL3MNE115656586","","SPX Express","Monde Nissin","Shopee Philippines (Monde Nissin Shopee)","15 Jan, 2026","2 hrs ago","16 Jan, 2026 11AM - 8PM"
"2550",="2601154153JKEV","CLL3MNE115656591 $","","SPX Express","Monde Nissin","Shopee Philippines (Monde Nissin Shopee)","15 Jan, 2026","2 hrs ago","16 Jan, 2026 11AM - 8PM"
"2551",="26011541MDTQGJ","CLL3REB115656594","","SPX Express","Rebisco Marketplace Laguna","Shopee Philippines (Rebisco Shopee)","15 Jan, 2026","2 hrs ago","16 Jan, 2026 11AM - 8PM"
"2552",="260115416EHXTY","CLL3MNE115656597 $","","SPX Express","Monde Nissin","Shopee Philippines (Monde Nissin Shopee)","15 Jan, 2026","2 hrs ago","16 Jan, 2026 11AM - 8PM"
"2553",="26011541MR86N4","CLL3MNE115656598","","SPX Express","Monde Nissin","Shopee Philippines (Monde Nissin Shopee)","15 Jan, 2026","2 hrs ago","16 Jan, 2026 11AM - 8PM"
"2554",="260115412S6RC3","CLL3MNE115656599 $","","SPX Express","Monde Nissin","Shopee Philippines (Monde Nissin Shopee)","15 Jan, 2026","2 hrs ago","16 Jan, 2026 11AM - 8PM"
"2555",="260115412EPC20","CLL3MNE115656605 $","","SPX Express","Monde Nissin","Shopee Philippines (Monde Nissin Shopee)","15 Jan, 2026","2 hrs ago","16 Jan, 2026 11AM - 8PM"
"2556",="260115416FG2WN","CLL3REB115656606 $","","SPX Express","Rebisco Marketplace Laguna","Shopee Philippines (Rebisco Shopee)","15 Jan, 2026","2 hrs ago","16 Jan, 2026 11AM - 8PM"
"2557",="26011541R3488P","CLL3ARA115656607","","SPX Express","ARLA PH","Shopee Philippines (Arla Shopee)","15 Jan, 2026","2 hrs ago","16 Jan, 2026 11AM - 8PM"
"2558",="260115412YWP51","CLL3REB115656608 $","","SPX Express","Rebisco Marketplace Laguna","Shopee Philippines (Rebisco Shopee)","15 Jan, 2026","2 hrs ago","16 Jan, 2026 11AM - 8PM"
"2559",="26011541S79SE3","CLL3REB115656609","","SPX Express","Rebisco Marketplace Laguna","Shopee Philippines (Rebisco Shopee)","15 Jan, 2026","2 hrs ago","16 Jan, 2026 11AM - 8PM"
"2560",="26011541RS2169","CLL3MNE115656610","","SPX Express","Monde Nissin","Shopee Philippines (Monde Nissin Shopee)","15 Jan, 2026","2 hrs ago","16 Jan, 2026 11AM - 8PM"
"2561",="26011541622JQC","CLL3ARA115656611 $","","SPX Express","ARLA PH","Shopee Philippines (Arla Shopee)","15 Jan, 2026","2 hrs ago","16 Jan, 2026 11AM - 8PM"
"2562",="26011541RQ3200","CLL3MNE115656612","","SPX Express","Monde Nissin","Shopee Philippines (Monde Nissin Shopee)","15 Jan, 2026","2 hrs ago","16 Jan, 2026 11AM - 8PM"
"2563",="2601154174F2AV","CLL3MNE115656615 $","","SPX Express","Monde Nissin","Shopee Philippines (Monde Nissin Shopee)","15 Jan, 2026","2 hrs ago","16 Jan, 2026 11AM - 8PM"
"2564",="26011541R066RU","CLL3REB115656617","","SPX Express","Rebisco Marketplace Laguna","Shopee Philippines (Rebisco Shopee)","15 Jan, 2026","2 hrs ago","16 Jan, 2026 11AM - 8PM"
"2565",="26011541MJH78N","CLL3MNE115656621","","SPX Express","Monde Nissin","Shopee Philippines (Monde Nissin Shopee)","15 Jan, 2026","2 hrs ago","16 Jan, 2026 11AM - 8PM"
"2566",="26011541MS802D","CLL3MNE115656623","","J&T","Monde Nissin","Shopee Philippines (Monde Nissin Shopee)","15 Jan, 2026","2 hrs ago","16 Jan, 2026 11AM - 8PM"
"2567",="26011541606JAM","CLL3REB115656626 $","","SPX Express","Rebisco Marketplace Laguna","Shopee Philippines (Rebisco Shopee)","15 Jan, 2026","2 hrs ago","16 Jan, 2026 11AM - 8PM"
"2568",="260115417C21GY","CLL3MNE115656634 $","","SPX Express","Monde Nissin","Shopee Philippines (Monde Nissin Shopee)","15 Jan, 2026","2 hrs ago","16 Jan, 2026 11AM - 8PM"
"2569",="260115417C21GX","CLL3REB115656641 $","","SPX Express","Rebisco Marketplace Laguna","Shopee Philippines (Rebisco Shopee)","15 Jan, 2026","2 hrs ago","16 Jan, 2026 11AM - 8PM"
"2570",="260115413ADSDT","CLL3MNE115656644 $","","SPX Express","Monde Nissin","Shopee Philippines (Monde Nissin Shopee)","15 Jan, 2026","2 hrs ago","16 Jan, 2026 11AM - 8PM"
"2571",="2601154171KG29","CLL3MNE115656646 $","","SPX Express","Monde Nissin","Shopee Philippines (Monde Nissin Shopee)","15 Jan, 2026","2 hrs ago","16 Jan, 2026 11AM - 8PM"
"2572",="260115417C1S5A","CLL3LGM115656647 $","","SPX Express","LAGUNA MAIN COMPANY","Shopee Philippines (Mc Cormick Shopee)","15 Jan, 2026","2 hrs ago","16 Jan, 2026 11AM - 8PM"
"2573",="26011533JRMUH2","CLL3LGM115656649","","SPX Express","LAGUNA MAIN COMPANY","Shopee Philippines (Mc Cormick Shopee)","15 Jan, 2026","2 hrs ago","16 Jan, 2026 11AM - 8PM"
"2574",="2601154177BMS7","CLL3MNE115656651 $","","SPX Express","Monde Nissin","Shopee Philippines (Monde Nissin Shopee)","15 Jan, 2026","2 hrs ago","16 Jan, 2026 11AM - 8PM"
"2575",="260115413SMC34","CLL3MNE115656652 $","","SPX Express","Monde Nissin","Shopee Philippines (Monde Nissin Shopee)","15 Jan, 2026","2 hrs ago","16 Jan, 2026 11AM - 8PM"
"2576",="26011541AJ2MX9","CLL3MNE115656658 $","","SPX Express","Monde Nissin","Shopee Philippines (Monde Nissin Shopee)","15 Jan, 2026","2 hrs ago","16 Jan, 2026 11AM - 8PM"
"2577",="26011541BCSA4V","CLL3MNE115656663 $","","SPX Express","Monde Nissin","Shopee Philippines (Monde Nissin Shopee)","15 Jan, 2026","2 hrs ago","16 Jan, 2026 11AM - 8PM"
"2578",="26011541BAVMM8","CLL3MNE115656669 $","","SPX Express","Monde Nissin","Shopee Philippines (Monde Nissin Shopee)","15 Jan, 2026","2 hrs ago","16 Jan, 2026 11AM - 8PM"
"2579",="26011541SQJ91F","CLL3MNE115656673","","J&T Cargo","Monde Nissin","Shopee Philippines (Monde Nissin Shopee)","15 Jan, 2026","2 hrs ago","16 Jan, 2026 11AM - 8PM"
"2580",="260115418J8C2V","CLL3MNE115656675 $","","SPX Express","Monde Nissin","Shopee Philippines (Monde Nissin Shopee)","15 Jan, 2026","2 hrs ago","16 Jan, 2026 11AM - 8PM"
"2581",="260115418FC61Y","CLL3MNE115656677 $","","SPX Express","Monde Nissin","Shopee Philippines (Monde Nissin Shopee)","15 Jan, 2026","2 hrs ago","16 Jan, 2026 11AM - 8PM"
"2582",="26011541ASR51S","CLL3REB115656678 $","","SPX Express","Rebisco Marketplace Laguna","Shopee Philippines (Rebisco Shopee)","15 Jan, 2026","2 hrs ago","16 Jan, 2026 11AM - 8PM"
"2583",="582123705677874228","CLL3ARA115656682 $","","J&T Express","ARLA PH","Tiktok Philippines (Arla Tiktok)","15 Jan, 2026","2 hrs ago","16 Jan, 2026 11AM - 8PM"
"2584",="582123742518216587","CLL3ARA115656687 $","","J&T Express","ARLA PH","Tiktok Philippines (Arla Tiktok)","15 Jan, 2026","2 hrs ago","16 Jan, 2026 11AM - 8PM"
"2585",="1064981652554018","CLL3ARA115656691 $","","LEX PH","ARLA PH","Lazada Philippines (Arla Lazada)","15 Jan, 2026","2 hrs ago","16 Jan, 2026 11AM - 8PM"
"2586",="26011541TCGVQ8","CLL3ARA115656692","","SPX Express","ARLA PH","Shopee Philippines (Arla Shopee)","15 Jan, 2026","2 hrs ago","16 Jan, 2026 11AM - 8PM"
"2587",="2601154224E2U5","CLL3REB115656693","","Shopee Express","Rebisco Marketplace Laguna","Shopee Philippines (Rebisco Shopee)","15 Jan, 2026","2 hrs ago","16 Jan, 2026 11AM - 8PM"
"2588",="1073344143624934","CLL3ARA115656694 $","","LEX PH","ARLA PH","Lazada Philippines (Arla Lazada)","15 Jan, 2026","2 hrs ago","16 Jan, 2026 11AM - 8PM"
"2589",="26011541ATQY8W","CLL3REB115656695 $","","SPX Express","Rebisco Marketplace Laguna","Shopee Philippines (Rebisco Shopee)","15 Jan, 2026","2 hrs ago","16 Jan, 2026 11AM - 8PM"
"2590",="2601154187R975","CLL3REB115656703 $","","SPX Express","Rebisco Marketplace Laguna","Shopee Philippines (Rebisco Shopee)","15 Jan, 2026","2 hrs ago","16 Jan, 2026 11AM - 8PM"
"2591",="26011541WAW8XE","CLL3LGM115656704","","SPX Express","LAGUNA MAIN COMPANY","Shopee Philippines (Mentholatum Shopee)","15 Jan, 2026","2 hrs ago","16 Jan, 2026 11AM - 8PM"
"2592",="26011541BER7DM","CLL3MNE115656707 $","","SPX Express","Monde Nissin","Shopee Philippines (Monde Nissin Shopee)","15 Jan, 2026","2 hrs ago","16 Jan, 2026 11AM - 8PM"
"2593",="26011541XE7XW3","CLL3REB115656712","","J&T Cargo","Rebisco Marketplace Laguna","Shopee Philippines (Rebisco Shopee)","15 Jan, 2026","2 hrs ago","16 Jan, 2026 11AM - 8PM"
"2594",="26011541986R5X","CLL3REB115656713 $","","SPX Express","Rebisco Marketplace Laguna","Shopee Philippines (Rebisco Shopee)","15 Jan, 2026","2 hrs ago","16 Jan, 2026 11AM - 8PM"
"2595",="1073343557129943","CLL3MNE115656717","","LEX PH","Monde Nissin","Lazada Philippines (Monde Nissin Lazada)","15 Jan, 2026","2 hrs ago","16 Jan, 2026 11AM - 8PM"
"2596",="1073339566840398","CLL3MNE115656718","","LEX PH","Monde Nissin","Lazada Philippines (Monde Nissin Lazada)","15 Jan, 2026","2 hrs ago","16 Jan, 2026 11AM - 8PM"
"2597",="2601154190HHYB","CLL3MNE115656730 $","","SPX Express","Monde Nissin","Shopee Philippines (Monde Nissin Shopee)","15 Jan, 2026","2 hrs ago","16 Jan, 2026 11AM - 8PM"
"2598",="2601154188Q2WN","CLL3MNE115656751 $","","SPX Express","Monde Nissin","Shopee Philippines (Monde Nissin Shopee)","15 Jan, 2026","2 hrs ago","16 Jan, 2026 11AM - 8PM"
"2599",="26011541UU7B0Q","CLL3MNE115656756","","SPX Express","Monde Nissin","Shopee Philippines (Monde Nissin Shopee)","15 Jan, 2026","2 hrs ago","16 Jan, 2026 11AM - 8PM"
"2600",="26011541UU7N54","CLL3ARA115656757","","J&T Cargo","ARLA PH","Shopee Philippines (Arla Shopee)","15 Jan, 2026","2 hrs ago","16 Jan, 2026 11AM - 8PM"
"2601",="26011541AAGMDB","CLL3ARA115656761 $","","SPX Express","ARLA PH","Shopee Philippines (Arla Shopee)","15 Jan, 2026","2 hrs ago","16 Jan, 2026 11AM - 8PM"
"2602",="26011541XYB6MK","CLL3MNE115656764","","SPX Express","Monde Nissin","Shopee Philippines (Monde Nissin Shopee)","15 Jan, 2026","2 hrs ago","16 Jan, 2026 11AM - 8PM"
"2603",="582123675536360974","CLL3GNC115656768","","J&T Express","Green Cross","Tiktok Philippines (Greencross Tiktok)","15 Jan, 2026","2 hrs ago","16 Jan, 2026 11AM - 8PM"
"2604",="26011541GE0QDJ","CLL3MNE115656770 $","","SPX Express","Monde Nissin","Shopee Philippines (Monde Nissin Shopee)","15 Jan, 2026","2 hrs ago","16 Jan, 2026 11AM - 8PM"
"2605",="582123675872363959","CLL3LGM115656773 $","","J&T Express","LAGUNA MAIN COMPANY","Tiktok Philippines (Mccormick Tiktok)","15 Jan, 2026","2 hrs ago","16 Jan, 2026 11AM - 8PM"
"2606",="26011541GW9TGE","CLL3REB115656775 $","","SPX Express","Rebisco Marketplace Laguna","Shopee Philippines (Rebisco Shopee)","15 Jan, 2026","1 hr ago","16 Jan, 2026 11AM - 8PM"
"2607",="582123621367187285","CLL3ARA115656776 $","","J&T Express","ARLA PH","Tiktok Philippines (Arla Tiktok)","15 Jan, 2026","1 hr ago","16 Jan, 2026 11AM - 8PM"
"2608",="26011541DFHHT7","CLL3MNE115656783 $","","SPX Express","Monde Nissin","Shopee Philippines (Monde Nissin Shopee)","15 Jan, 2026","1 hr ago","16 Jan, 2026 11AM - 8PM"
"2609",="2601154239Q4R5","CLL3REB115656784","","SPX Express","Rebisco Marketplace Laguna","Shopee Philippines (Rebisco Shopee)","15 Jan, 2026","1 hr ago","16 Jan, 2026 11AM - 8PM"
"2610",="26011541HXKD1Y","CLL3MNE115656785 $","","SPX Express","Monde Nissin","Shopee Philippines (Monde Nissin Shopee)","15 Jan, 2026","1 hr ago","16 Jan, 2026 11AM - 8PM"
"2611",="26011541FS0HB0","CLL3MNE115656788 $","","SPX Express","Monde Nissin","Shopee Philippines (Monde Nissin Shopee)","15 Jan, 2026","1 hr ago","16 Jan, 2026 11AM - 8PM"
"2612",="26011541DEMY4J","CLL3MNE115656789 $","","SPX Express","Monde Nissin","Shopee Philippines (Monde Nissin Shopee)","15 Jan, 2026","1 hr ago","16 Jan, 2026 11AM - 8PM"
"2613",="2601154225ECFJ","CLL3ARA115656792","","SPX Express","ARLA PH","Shopee Philippines (Arla Shopee)","15 Jan, 2026","1 hr ago","16 Jan, 2026 11AM - 8PM"
"2614",="26011541EF14H1","CLL3MNE115656801 $","","SPX Express","Monde Nissin","Shopee Philippines (Monde Nissin Shopee)","15 Jan, 2026","1 hr ago","16 Jan, 2026 11AM - 8PM"
"2615",="26011541MHMCNA","CLL3REB115656808","","SPX Express","Rebisco Marketplace Laguna","Shopee Philippines (Rebisco Shopee)","15 Jan, 2026","1 hr ago","16 Jan, 2026 11AM - 8PM"
"2616",="26011541EWC0FJ","CLL3MNE115656809 $","","SPX Express","Monde Nissin","Shopee Philippines (Monde Nissin Shopee)","15 Jan, 2026","1 hr ago","16 Jan, 2026 11AM - 8PM"
"2617",="260115421DJB5T","CLL3LGM115656815","","SPX Express","LAGUNA MAIN COMPANY","Shopee Philippines (Mc Cormick Shopee)","15 Jan, 2026","1 hr ago","16 Jan, 2026 11AM - 8PM"
"2618",="26011541DGGTHF","CLL3MNE115656816 $","","SPX Express","Monde Nissin","Shopee Philippines (Monde Nissin Shopee)","15 Jan, 2026","1 hr ago","16 Jan, 2026 11AM - 8PM"
"2619",="26011541EE2D6T","CLL3MNE115656817 $","","SPX Express","Monde Nissin","Shopee Philippines (Monde Nissin Shopee)","15 Jan, 2026","1 hr ago","16 Jan, 2026 11AM - 8PM"
"2620",="582123638476932430","CLL3GNC115656825","","J&T Express","Green Cross","Tiktok Philippines (Greencross Tiktok)","15 Jan, 2026","1 hr ago","16 Jan, 2026 11AM - 8PM"
"2621",="1073353701636835","CLL3MNE115656837","","LEX","Monde Nissin","Lazada Philippines (Monde Nissin Lazada)","15 Jan, 2026","1 hr ago","16 Jan, 2026 11AM - 8PM"
"2622",="1064983437124513","CLL3MNE115656847 $","","LEX PH","Monde Nissin","Lazada Philippines (Monde Nissin Lazada)","15 Jan, 2026","1 hr ago","16 Jan, 2026 11AM - 8PM"
"2623",="1073351522228263","CLL3REB115656856","","LEX PH","Rebisco Marketplace Laguna","Lazada Philippines (Rebisco Lazada)","15 Jan, 2026","1 hr ago","16 Jan, 2026 11AM - 8PM"
"2624",="26011541VWJAV2","CLL3MNE115656858","","J&T","Monde Nissin","Shopee Philippines (Monde Nissin Shopee)","15 Jan, 2026","1 hr ago","16 Jan, 2026 11AM - 8PM"
"2625",="2601154217W985","CLL3MNE115656860","","SPX Express","Monde Nissin","Shopee Philippines (Monde Nissin Shopee)","15 Jan, 2026","1 hr ago","16 Jan, 2026 11AM - 8PM"
"2626",="26011541WAWCJ6","CLL3MNE115656862","","SPX Express","Monde Nissin","Shopee Philippines (Monde Nissin Shopee)","15 Jan, 2026","1 hr ago","16 Jan, 2026 11AM - 8PM"
"2627",="2601154200R1Q9","CLL3ARA115656863","","SPX Express","ARLA PH","Shopee Philippines (Arla Shopee)","15 Jan, 2026","1 hr ago","16 Jan, 2026 11AM - 8PM"
"2628",="26011541JMHA9Y","CLL3ARA115656866 $","","SPX Express","ARLA PH","Shopee Philippines (Arla Shopee)","15 Jan, 2026","1 hr ago","16 Jan, 2026 11AM - 8PM"
"2629",="582123669314439011","CLL3ARA115656878","","J&T Express","ARLA PH","Tiktok Philippines (Arla Tiktok)","15 Jan, 2026","1 hr ago","16 Jan, 2026 11AM - 8PM"
"2630",="26011541WAY95E","CLL3MNE115656885","","SPX Express","Monde Nissin","Shopee Philippines (Monde Nissin Shopee)","15 Jan, 2026","1 hr ago","16 Jan, 2026 11AM - 8PM"
"2631",="260115427F6F5X","CLL3REB115656891","","SPX Express","Rebisco Marketplace Laguna","Shopee Philippines (Rebisco Shopee)","15 Jan, 2026","1 hr ago","16 Jan, 2026 11AM - 8PM"
"2632",="582123653392271308","CLL3REB115656892 $","","J&T Express","Rebisco Marketplace Laguna","Tiktok Philippines (Rebisco Tiktok)","15 Jan, 2026","1 hr ago","16 Jan, 2026 11AM - 8PM"
"2633",="26011541NUKF6Q","CLL3MNE115656894 $","","SPX Express","Monde Nissin","Shopee Philippines (Monde Nissin Shopee)","15 Jan, 2026","1 hr ago","16 Jan, 2026 11AM - 8PM"
"2634",="260115427NW752","CLL3REB115656895","","SPX Express","Rebisco Marketplace Laguna","Shopee Philippines (Rebisco Shopee)","15 Jan, 2026","1 hr ago","16 Jan, 2026 11AM - 8PM"
"2635",="26011541PCPJX6","CLL3MNE115656896 $","","SPX Express","Monde Nissin","Shopee Philippines (Monde Nissin Shopee)","15 Jan, 2026","1 hr ago","16 Jan, 2026 11AM - 8PM"
"2636",="2601154291R4V5","CLL3REB115656900","","SPX Express","Rebisco Marketplace Laguna","Shopee Philippines (Rebisco Shopee)","15 Jan, 2026","1 hr ago","16 Jan, 2026 11AM - 8PM"
"2637",="26011541P9U0VE","CLL3LGM115656901 $","","SPX Express","LAGUNA MAIN COMPANY","Shopee Philippines (Mc Cormick Shopee)","15 Jan, 2026","1 hr ago","16 Jan, 2026 11AM - 8PM"
"2638",="26011541M9Y51K","CLL3REB115656902 $","","SPX Express","Rebisco Marketplace Laguna","Shopee Philippines (Rebisco Shopee)","15 Jan, 2026","1 hr ago","16 Jan, 2026 11AM - 8PM"
"2639",="26011541NKWQEJ","CLL3MNE115656905 $","","SPX Express","Monde Nissin","Shopee Philippines (Monde Nissin Shopee)","15 Jan, 2026","1 hr ago","16 Jan, 2026 11AM - 8PM"
"2640",="2601154253T0P4","CLL3ARA115656915","","SPX Express","ARLA PH","Shopee Philippines (Arla Shopee)","15 Jan, 2026","1 hr ago","16 Jan, 2026 11AM - 8PM"
"2641",="26011541P26XYW","CLL3MNE115656926 $","","SPX Express","Monde Nissin","Shopee Philippines (Monde Nissin Shopee)","15 Jan, 2026","1 hr ago","16 Jan, 2026 11AM - 8PM"
"2642",="26011541MQ9884","CLL3ARA115656927 $","","SPX Express","ARLA PH","Shopee Philippines (Arla Shopee)","15 Jan, 2026","1 hr ago","16 Jan, 2026 11AM - 8PM"
"2643",="26011541N5KWBT","CLL3MNE115656931 $","","SPX Express","Monde Nissin","Shopee Philippines (Monde Nissin Shopee)","15 Jan, 2026","1 hr ago","16 Jan, 2026 11AM - 8PM"
"2644",="26011541J76T99","CLL3MNE115656933 $","","SPX Express","Monde Nissin","Shopee Philippines (Monde Nissin Shopee)","15 Jan, 2026","1 hr ago","16 Jan, 2026 11AM - 8PM"
"2645",="260115426ER9PP","CLL3MNE115656935","","SPX Express","Monde Nissin","Shopee Philippines (Monde Nissin Shopee)","15 Jan, 2026","1 hr ago","16 Jan, 2026 11AM - 8PM"
"2646",="26011541P54VDE","CLL3MNE115656939 $","","SPX Express","Monde Nissin","Shopee Philippines (Monde Nissin Shopee)","15 Jan, 2026","1 hr ago","16 Jan, 2026 11AM - 8PM"
"2647",="26011541PEK6Q6","CLL3MNE115656942 $","","SPX Express","Monde Nissin","Shopee Philippines (Monde Nissin Shopee)","15 Jan, 2026","1 hr ago","16 Jan, 2026 11AM - 8PM"
"2648",="260115424X3JQS","CLL3MNE115656945","","SPX Express","Monde Nissin","Shopee Philippines (Monde Nissin Shopee)","15 Jan, 2026","1 hr ago","16 Jan, 2026 11AM - 8PM"
"2649",="26011541MMFB06","CLL3MNE115656946 $","","SPX Express","Monde Nissin","Shopee Philippines (Monde Nissin Shopee)","15 Jan, 2026","1 hr ago","16 Jan, 2026 11AM - 8PM"
"2650",="26011541MGN7SQ","CLL3MNE115656947 $","","SPX Express","Monde Nissin","Shopee Philippines (Monde Nissin Shopee)","15 Jan, 2026","1 hr ago","16 Jan, 2026 11AM - 8PM"
"2651",="260115429B8J5X","CLL3MNE115656949","","SPX Express","Monde Nissin","Shopee Philippines (Monde Nissin Shopee)","15 Jan, 2026","1 hr ago","16 Jan, 2026 11AM - 8PM"
"2652",="260115429VDVXY","CLL3MNE115656952","","J&T","Monde Nissin","Shopee Philippines (Monde Nissin Shopee)","15 Jan, 2026","1 hr ago","16 Jan, 2026 11AM - 8PM"
"2653",="26011541R42321","CLL3MNE115656953 $","","SPX Express","Monde Nissin","Shopee Philippines (Monde Nissin Shopee)","15 Jan, 2026","1 hr ago","16 Jan, 2026 11AM - 8PM"
"2654",="582123641859573147","CLL3REB115656969","","J&T Express","Rebisco Marketplace Laguna","Tiktok Philippines (Rebisco Tiktok)","15 Jan, 2026","1 hr ago","16 Jan, 2026 11AM - 8PM"
"2655",="26011541R7TB8W","CLL3MNE115656973 $","","SPX Express","Monde Nissin","Shopee Philippines (Monde Nissin Shopee)","15 Jan, 2026","1 hr ago","16 Jan, 2026 11AM - 8PM"
"2656",="26011541U5BT9V","CLL3MNE115656988 $","","SPX Express","Monde Nissin","Shopee Philippines (Monde Nissin Shopee)","15 Jan, 2026","1 hr ago","16 Jan, 2026 11AM - 8PM"
"2657",="582123788432082028","CLL3TYB115656990 $","","J&T Express","Tiny buds","Tiktok Philippines (Tiny Buds Tiktok)","15 Jan, 2026","1 hr ago","16 Jan, 2026 11AM - 8PM"
"2658",="1073353518092296","CLL3LGM115656991 $","","LEX","LAGUNA MAIN COMPANY","Lazada Philippines (Mc Cormick Lazada)","15 Jan, 2026","1 hr ago","16 Jan, 2026 11AM - 8PM"
"2659",="582123807928256097","CLL3TYB115656992 $","","J&T Express","Tiny buds","Tiktok Philippines (Tiny Buds Tiktok)","15 Jan, 2026","1 hr ago","16 Jan, 2026 11AM - 8PM"
"2660",="582123758328252335","CLL3TYB115656993 $","","J&T Express","Tiny buds","Tiktok Philippines (Tiny Buds Tiktok)","15 Jan, 2026","1 hr ago","16 Jan, 2026 11AM - 8PM"
"2661",="582123784278869445","CLL3TYB115656994 $","","J&T Express","Tiny buds","Tiktok Philippines (Tiny Buds Tiktok)","15 Jan, 2026","1 hr ago","16 Jan, 2026 11AM - 8PM"
"2662",="26011542B1M35P","CLL3MNE115656997","","Shopee Express","Monde Nissin","Shopee Philippines (Monde Nissin Shopee)","15 Jan, 2026","1 hr ago","16 Jan, 2026 11AM - 8PM"
"2663",="1073341782376458","CLL3MNE115656998 $","","LEX PH","Monde Nissin","Lazada Philippines (Monde Nissin Lazada)","15 Jan, 2026","1 hr ago","16 Jan, 2026 11AM - 8PM"
"2664",="1064983841400289","CLL3MNE115656999 $","","LEX PH","Monde Nissin","Lazada Philippines (Monde Nissin Lazada)","15 Jan, 2026","1 hr ago","16 Jan, 2026 11AM - 8PM"
"2665",="1073339579644070","CLL3MNE115657000","","LEX PH","Monde Nissin","Lazada Philippines (Monde Nissin Lazada)","15 Jan, 2026","1 hr ago","16 Jan, 2026 11AM - 8PM"
"2666",="582123617072809602","CLL3REB115657009 $","","J&T Express","Rebisco Marketplace Laguna","Tiktok Philippines (Rebisco Tiktok)","15 Jan, 2026","1 hr ago","16 Jan, 2026 11AM - 8PM"
"2667",="26011541UW5XM3","CLL3MNE115657011 $","","SPX Express","Monde Nissin","Shopee Philippines (Monde Nissin Shopee)","15 Jan, 2026","1 hr ago","16 Jan, 2026 11AM - 8PM"
"2668",="26011541V6NUQE","CLL3MNE115657013 $","","SPX Express","Monde Nissin","Shopee Philippines (Monde Nissin Shopee)","15 Jan, 2026","1 hr ago","16 Jan, 2026 11AM - 8PM"
"2669",="26011542CN3B7Q","CLL3MNE115657017","","SPX Express","Monde Nissin","Shopee Philippines (Monde Nissin Shopee)","15 Jan, 2026","1 hr ago","16 Jan, 2026 11AM - 8PM"
"2670",="582123667581798243","CLL3ARA115657031","","J&T Express","ARLA PH","Tiktok Philippines (Arla Tiktok)","15 Jan, 2026","1 hr ago","16 Jan, 2026 11AM - 8PM"
"2671",="26011542BVAX8V","CLL3MNE115657037","","SPX Express","Monde Nissin","Shopee Philippines (Monde Nissin Shopee)","15 Jan, 2026","1 hr ago","16 Jan, 2026 11AM - 8PM"
"2672",="1064983443491605","CLL3LGM115657038 $","","LEX PH","LAGUNA MAIN COMPANY","Lazada Philippines (Mc Cormick Lazada)","15 Jan, 2026","1 hr ago","16 Jan, 2026 11AM - 8PM"
"2673",="1064986633934011","CLL3TBY115657041","","LEX PH","The Body Shop","Lazada Philippines (The Body Shop Lazada)","15 Jan, 2026","1 hr ago","16 Jan, 2026 11AM - 8PM"
"2674",="1064978490632841","CLL3MNE115657043 $","","LEX PH","Monde Nissin","Lazada Philippines (Monde Nissin Lazada)","15 Jan, 2026","1 hr ago","16 Jan, 2026 11AM - 8PM"
"2675",="1064980273153706","CLL3MNE115657044","","LEX PH","Monde Nissin","Lazada Philippines (Monde Nissin Lazada)","15 Jan, 2026","1 hr ago","16 Jan, 2026 11AM - 8PM"
"2676",="582123667001476856","CLL3GNC115657045 $","","J&T Express","Green Cross","Tiktok Philippines (Greencross Tiktok)","15 Jan, 2026","1 hr ago","16 Jan, 2026 11AM - 8PM"
"2677",="26011541RHBR86","CLL3MNE115657049 $","","SPX Express","Monde Nissin","Shopee Philippines (Monde Nissin Shopee)","15 Jan, 2026","1 hr ago","16 Jan, 2026 11AM - 8PM"
"2678",="26011541UPFH1N","CLL3MNE115657050 $","","SPX Express","Monde Nissin","Shopee Philippines (Monde Nissin Shopee)","15 Jan, 2026","1 hr ago","16 Jan, 2026 11AM - 8PM"
"2679",="582123767979344978","CLL3REB115657052","","J&T Express","Rebisco Marketplace Laguna","Tiktok Philippines (Rebisco Tiktok)","15 Jan, 2026","1 hr ago","16 Jan, 2026 11AM - 8PM"
"2680",="26011541V5Q268","CLL3TBY115657054 $","","SPX Express","The Body Shop","Shopee Philippines (The Body Shop Shopee)","15 Jan, 2026","1 hr ago","16 Jan, 2026 11AM - 8PM"
"2681",="26011541VRT741","CLL3MNE115657059 $","","SPX Express","Monde Nissin","Shopee Philippines (Monde Nissin Shopee)","15 Jan, 2026","1 hr ago","16 Jan, 2026 11AM - 8PM"
"2682",="26011541S98FPW","CLL3MNE115657063 $","","SPX Express","Monde Nissin","Shopee Philippines (Monde Nissin Shopee)","15 Jan, 2026","1 hr ago","16 Jan, 2026 11AM - 8PM"
"2683",="260115428U1FMY","CLL3ARA115657068","","SPX Express","ARLA PH","Shopee Philippines (Arla Shopee)","15 Jan, 2026","1 hr ago","16 Jan, 2026 11AM - 8PM"
"2684",="26011541UT9DS5","CLL3REB115657076 $","","SPX Express","Rebisco Marketplace Laguna","Shopee Philippines (Rebisco Shopee)","15 Jan, 2026","1 hr ago","16 Jan, 2026 11AM - 8PM"
"2685",="26011541TAKUY6","CLL3ARA115657075 $","","SPX Express","ARLA PH","Shopee Philippines (Arla Shopee)","15 Jan, 2026","1 hr ago","16 Jan, 2026 11AM - 8PM"
"2686",="26011541VBGAP7","CLL3REB115657078 $","","SPX Express","Rebisco Marketplace Laguna","Shopee Philippines (Rebisco Shopee)","15 Jan, 2026","1 hr ago","16 Jan, 2026 11AM - 8PM"
"2687",="582123702471394402","CLL3LGM115657080 $","","J&T Express","LAGUNA MAIN COMPANY","Tiktok Philippines (Mentholatum Tiktok)","15 Jan, 2026","1 hr ago","16 Jan, 2026 11AM - 8PM"
"2688",="26011542C21X4X","CLL3MNE115657084","","SPX Express","Monde Nissin","Shopee Philippines (Monde Nissin Shopee)","15 Jan, 2026","1 hr ago","16 Jan, 2026 11AM - 8PM"
"2689",="582123703826285658","CLL3GNC115657092","","J&T Express","Green Cross","Tiktok Philippines (Greencross Tiktok)","15 Jan, 2026","1 hr ago","16 Jan, 2026 11AM - 8PM"
"2690",="26011541S4GJPP","CLL3MNE115657098 $","","SPX Express","Monde Nissin","Shopee Philippines (Monde Nissin Shopee)","15 Jan, 2026","1 hr ago","16 Jan, 2026 11AM - 8PM"
"2691",="26011541TWNS79","CLL3MNE115657101 $","","SPX Express","Monde Nissin","Shopee Philippines (Monde Nissin Shopee)","15 Jan, 2026","1 hr ago","16 Jan, 2026 11AM - 8PM"
"2692",="26011542BTCU3F","CLL3MNE115657103","","J&T","Monde Nissin","Shopee Philippines (Monde Nissin Shopee)","15 Jan, 2026","1 hr ago","16 Jan, 2026 11AM - 8PM"
"2693",="582123807176492176","CLL3ARA115657111 $","","J&T Express","ARLA PH","Tiktok Philippines (Arla Tiktok)","15 Jan, 2026","1 hr ago","16 Jan, 2026 11AM - 8PM"
"2694",="26011541TBK434","CLL3MNE115657115 $","","SPX Express","Monde Nissin","Shopee Philippines (Monde Nissin Shopee)","15 Jan, 2026","1 hr ago","16 Jan, 2026 11AM - 8PM"
"2695",="26011541WKH8RS","CLL3MNE115657116 $","","SPX Express","Monde Nissin","Shopee Philippines (Monde Nissin Shopee)","15 Jan, 2026","1 hr ago","16 Jan, 2026 11AM - 8PM"
"2696",="582123810164999454","CLL3REB115657117 $","","J&T Express","Rebisco Marketplace Laguna","Tiktok Philippines (Rebisco Tiktok)","15 Jan, 2026","1 hr ago","16 Jan, 2026 11AM - 8PM"
"2697",="2601154202Q1PY","CLL3ARA115657118","","SPX Express","ARLA PH","Shopee Philippines (Arla Shopee)","15 Jan, 2026","1 hr ago","16 Jan, 2026 11AM - 8PM"
"2698",="26011541REH0YG","CLL3MNE115657121 $","","SPX Express","Monde Nissin","Shopee Philippines (Monde Nissin Shopee)","15 Jan, 2026","1 hr ago","16 Jan, 2026 11AM - 8PM"
"2699",="582123787146265947","CLL3GNC115657123 $","","J&T Express","Green Cross","Tiktok Philippines (Greencross Tiktok)","15 Jan, 2026","1 hr ago","16 Jan, 2026 11AM - 8PM"
"2700",="26011542ERUX48","CLL3MNE115657127","","SPX Express","Monde Nissin","Shopee Philippines (Monde Nissin Shopee)","15 Jan, 2026","1 hr ago","16 Jan, 2026 11AM - 8PM"
"2701",="582123716886038457","CLL3ARA115657131","","J&T Express","ARLA PH","Tiktok Philippines (Arla Tiktok)","15 Jan, 2026","1 hr ago","16 Jan, 2026 11AM - 8PM"
"2702",="582123780773414425","CLL3ARA115657134 $","","J&T Express","ARLA PH","Tiktok Philippines (Arla Tiktok)","15 Jan, 2026","1 hr ago","16 Jan, 2026 11AM - 8PM"
"2703",="582123794826954221","CLL3REB115657149","","J&T Express","Rebisco Marketplace Laguna","Tiktok Philippines (Rebisco Tiktok)","15 Jan, 2026","1 hr ago","16 Jan, 2026 11AM - 8PM"
"2704",="582123751708328965","CLL3MNE115657154 $","","Flash Express Philippines","Monde Nissin","Tiktok Philippines (Monde Nissin Tiktok)","15 Jan, 2026","1 hr ago","16 Jan, 2026 11AM - 8PM"
"2705",="582123734107260571","CLL3MNE115657157 $","","J&T Express","Monde Nissin","Tiktok Philippines (Monde Nissin Tiktok)","15 Jan, 2026","1 hr ago","16 Jan, 2026 11AM - 8PM"
"2706",="260115420PNMQG","CLL3MNE115657158 $","","SPX Express","Monde Nissin","Shopee Philippines (Monde Nissin Shopee)","15 Jan, 2026","1 hr ago","16 Jan, 2026 11AM - 8PM"
"2707",="26011542EK3QWP","CLL3ARA115657172","","SPX Express","ARLA PH","Shopee Philippines (Arla Shopee)","15 Jan, 2026","1 hr ago","16 Jan, 2026 11AM - 8PM"
"2708",="26011542J5HS91","CLL3MNE115657173","","SPX Express","Monde Nissin","Shopee Philippines (Monde Nissin Shopee)","15 Jan, 2026","1 hr ago","16 Jan, 2026 11AM - 8PM"
"2709",="582123840190710812","CLL3MNE115657174 $","","Flash Express Philippines","Monde Nissin","Tiktok Philippines (Monde Nissin Tiktok)","15 Jan, 2026","1 hr ago","16 Jan, 2026 11AM - 8PM"
"2710",="26011542MRH6H8","CLL3REB115657177","","SPX Express","Rebisco Marketplace Laguna","Shopee Philippines (Rebisco Shopee)","15 Jan, 2026","1 hr ago","16 Jan, 2026 11AM - 8PM"
"2711",="582123834207537014","CLL3MNE115657178 $","","J&T Express","Monde Nissin","Tiktok Philippines (Monde Nissin Tiktok)","15 Jan, 2026","1 hr ago","16 Jan, 2026 11AM - 8PM"
"2712",="26011541YQ7V3U","CLL3REB115657182 $","","SPX Express","Rebisco Marketplace Laguna","Shopee Philippines (Rebisco Shopee)","15 Jan, 2026","1 hr ago","16 Jan, 2026 11AM - 8PM"
"2713",="2601154219QM8K","CLL3LGM115657183 $","","SPX Express","LAGUNA MAIN COMPANY","Shopee Philippines (Mc Cormick Shopee)","15 Jan, 2026","1 hr ago","16 Jan, 2026 11AM - 8PM"
"2714",="26011541X4NVYT","CLL3REB115657184 $","","SPX Express","Rebisco Marketplace Laguna","Shopee Philippines (Rebisco Shopee)","15 Jan, 2026","1 hr ago","16 Jan, 2026 11AM - 8PM"
"2715",="582123648629966845","CLL3MNE115657187 $","","J&T Express","Monde Nissin","Tiktok Philippines (Monde Nissin Tiktok)","15 Jan, 2026","1 hr ago","16 Jan, 2026 11AM - 8PM"
"2716",="26011542CQXRJ3","CLL3MNE115657194","","SPX Express","Monde Nissin","Shopee Philippines (Monde Nissin Shopee)","15 Jan, 2026","1 hr ago","16 Jan, 2026 11AM - 8PM"
"2717",="26011542HVYSP9","CLL3MNE115657195","","SPX Express","Monde Nissin","Shopee Philippines (Monde Nissin Shopee)","15 Jan, 2026","1 hr ago","16 Jan, 2026 11AM - 8PM"
"2718",="26011541XWEFR1","CLL3MNE115657200 $","","J&T","Monde Nissin","Shopee Philippines (Monde Nissin Shopee)","15 Jan, 2026","1 hr ago","16 Jan, 2026 11AM - 8PM"
"2719",="26011542H47BUW","CLL3MNE115657201","","SPX Express","Monde Nissin","Shopee Philippines (Monde Nissin Shopee)","15 Jan, 2026","1 hr ago","16 Jan, 2026 11AM - 8PM"
"2720",="260115423EENFA","CLL3MNE115657205 $","","SPX Express","Monde Nissin","Shopee Philippines (Monde Nissin Shopee)","15 Jan, 2026","1 hr ago","16 Jan, 2026 11AM - 8PM"
"2721",="260115423DGJ89","CLL3REB115657207 $","","SPX Express","Rebisco Marketplace Laguna","Shopee Philippines (Rebisco Shopee)","15 Jan, 2026","1 hr ago","16 Jan, 2026 11AM - 8PM"
"2722",="26011541XPS7ME","CLL3MNE115657208 $","","SPX Express","Monde Nissin","Shopee Philippines (Monde Nissin Shopee)","15 Jan, 2026","1 hr ago","16 Jan, 2026 11AM - 8PM"
"2723",="260115422C3FK3","CLL3ARA115657209 $","","SPX Express","ARLA PH","Shopee Philippines (Arla Shopee)","15 Jan, 2026","1 hr ago","16 Jan, 2026 11AM - 8PM"
"2724",="582123874575877765","CLL3MNE115657211","","J&T Express","Monde Nissin","Tiktok Philippines (Monde Nissin Tiktok)","15 Jan, 2026","1 hr ago","16 Jan, 2026 11AM - 8PM"
"2725",="582123738851476798","CLL3MNE115657213 $","","J&T Express","Monde Nissin","Tiktok Philippines (Monde Nissin Tiktok)","15 Jan, 2026","1 hr ago","16 Jan, 2026 11AM - 8PM"
"2726",="260115422E0E0T","CLL3MNE115657212 $","","SPX Express","Monde Nissin","Shopee Philippines (Monde Nissin Shopee)","15 Jan, 2026","1 hr ago","16 Jan, 2026 11AM - 8PM"
"2727",="26011541YHFRUY","CLL3MNE115657214 $","","SPX Express","Monde Nissin","Shopee Philippines (Monde Nissin Shopee)","15 Jan, 2026","1 hr ago","16 Jan, 2026 11AM - 8PM"
"2728",="26011541Y9VTXH","CLL3MNE115657215 $","","SPX Express","Monde Nissin","Shopee Philippines (Monde Nissin Shopee)","15 Jan, 2026","1 hr ago","16 Jan, 2026 11AM - 8PM"
"2729",="26011542DQECHC","CLL3ARA115657219","","SPX Express","ARLA PH","Shopee Philippines (Arla Shopee)","15 Jan, 2026","1 hr ago","16 Jan, 2026 11AM - 8PM"
"2730",="2601154208BDU4","CLL3MNE115657218 $","","SPX Express","Monde Nissin","Shopee Philippines (Monde Nissin Shopee)","15 Jan, 2026","1 hr ago","16 Jan, 2026 11AM - 8PM"
"2731",="260115423EENF9","CLL3REB115657220 $","","SPX Express","Rebisco Marketplace Laguna","Shopee Philippines (Rebisco Shopee)","15 Jan, 2026","1 hr ago","16 Jan, 2026 11AM - 8PM"
"2732",="2601154233X0HF","CLL3MNE115657221 $","","SPX Express","Monde Nissin","Shopee Philippines (Monde Nissin Shopee)","15 Jan, 2026","1 hr ago","16 Jan, 2026 11AM - 8PM"
"2733",="26011542N130V3","CLL3MNE115657223","","SPX Express","Monde Nissin","Shopee Philippines (Monde Nissin Shopee)","15 Jan, 2026","1 hr ago","16 Jan, 2026 11AM - 8PM"
"2734",="260115422QGRD5","CLL3MNE115657225 $","","J&T","Monde Nissin","Shopee Philippines (Monde Nissin Shopee)","15 Jan, 2026","1 hr ago","16 Jan, 2026 11AM - 8PM"
"2735",="582123780875061156","CLL3MNE115657226","","J&T Express","Monde Nissin","Tiktok Philippines (Monde Nissin Tiktok)","15 Jan, 2026","1 hr ago","16 Jan, 2026 11AM - 8PM"
"2736",="26011542QWKU96","CLL3REB115657242","","SPX Express","Rebisco Marketplace Laguna","Shopee Philippines (Rebisco Shopee)","15 Jan, 2026","1 hr ago","16 Jan, 2026 11AM - 8PM"
"2737",="260115426RAW70","CLL3MNE115657244 $","","SPX Express","Monde Nissin","Shopee Philippines (Monde Nissin Shopee)","15 Jan, 2026","1 hr ago","16 Jan, 2026 11AM - 8PM"
"2738",="26011542N5VJMF","CLL3MNE115657243","","SPX Express","Monde Nissin","Shopee Philippines (Monde Nissin Shopee)","15 Jan, 2026","1 hr ago","16 Jan, 2026 11AM - 8PM"
"2739",="26011542RFRFF6","CLL3MNE115657248","","SPX Express","Monde Nissin","Shopee Philippines (Monde Nissin Shopee)","15 Jan, 2026","1 hr ago","16 Jan, 2026 11AM - 8PM"
"2740",="260115425YGH9N","CLL3REB115657249 $","","SPX Express","Rebisco Marketplace Laguna","Shopee Philippines (Rebisco Shopee)","15 Jan, 2026","1 hr ago","16 Jan, 2026 11AM - 8PM"
"2741",="260115426W19FT","CLL3MNE115657250 $","","SPX Express","Monde Nissin","Shopee Philippines (Monde Nissin Shopee)","15 Jan, 2026","1 hr ago","16 Jan, 2026 11AM - 8PM"
"2742",="582123874360984628","CLL3LGM115657251 $","","J&T Express","LAGUNA MAIN COMPANY","Tiktok Philippines (Mentholatum Tiktok)","15 Jan, 2026","1 hr ago","16 Jan, 2026 11AM - 8PM"
"2743",="260115428HGM2S","CLL3ARA115657252 $","","SPX Express","ARLA PH","Shopee Philippines (Arla Shopee)","15 Jan, 2026","1 hr ago","16 Jan, 2026 11AM - 8PM"
"2744",="260115426PDDF3","CLL3MNE115657254 $","","SPX Express","Monde Nissin","Shopee Philippines (Monde Nissin Shopee)","15 Jan, 2026","1 hr ago","16 Jan, 2026 11AM - 8PM"
"2745",="26011542QBHDV5","CLL3LGM115657259","","SPX Express","LAGUNA MAIN COMPANY","Shopee Philippines (Mentholatum Shopee)","15 Jan, 2026","1 hr ago","16 Jan, 2026 11AM - 8PM"
"2746",="260115426T5NYE","CLL3MNE115657260 $","","SPX Express","Monde Nissin","Shopee Philippines (Monde Nissin Shopee)","15 Jan, 2026","1 hr ago","16 Jan, 2026 11AM - 8PM"
"2747",="582123738447250796","CLL3REB115657263","","Flash Express Philippines","Rebisco Marketplace Laguna","Tiktok Philippines (Rebisco Tiktok)","15 Jan, 2026","1 hr ago","16 Jan, 2026 11AM - 8PM"
"2748",="260115425UPHAX","CLL3ARA115657265 $","","SPX Express","ARLA PH","Shopee Philippines (Arla Shopee)","15 Jan, 2026","1 hr ago","16 Jan, 2026 11AM - 8PM"
"2749",="26011542PW55QK","CLL3MNE115657267","","J&T Cargo","Monde Nissin","Shopee Philippines (Monde Nissin Shopee)","15 Jan, 2026","1 hr ago","16 Jan, 2026 11AM - 8PM"
"2750",="260115424859VM","CLL3REB115657271 $","","SPX Express","Rebisco Marketplace Laguna","Shopee Philippines (Rebisco Shopee)","15 Jan, 2026","1 hr ago","16 Jan, 2026 11AM - 8PM"
"2751",="26011542M8B33H","CLL3MNE115657274","","SPX Express","Monde Nissin","Shopee Philippines (Monde Nissin Shopee)","15 Jan, 2026","1 hr ago","16 Jan, 2026 11AM - 8PM"
"2752",="260115424B0UTH","CLL3MNE115657275 $","","J&T Cargo","Monde Nissin","Shopee Philippines (Monde Nissin Shopee)","15 Jan, 2026","1 hr ago","16 Jan, 2026 11AM - 8PM"
"2753",="260115427WG1W9","CLL3MNE115657277 $","","SPX Express","Monde Nissin","Shopee Philippines (Monde Nissin Shopee)","15 Jan, 2026","1 hr ago","16 Jan, 2026 11AM - 8PM"
"2754",="26011542RMGQ1C","CLL3LGM115657282","","SPX Express","LAGUNA MAIN COMPANY","Shopee Philippines (Columbia Candies Shopee)","15 Jan, 2026","1 hr ago","16 Jan, 2026 11AM - 8PM"
"2755",="26011542Q5SA6C","CLL3MNE115657288","","SPX Express","Monde Nissin","Shopee Philippines (Monde Nissin Shopee)","15 Jan, 2026","1 hr ago","16 Jan, 2026 11AM - 8PM"
"2756",="260115426S8NF6","CLL3MNE115657289 $","","SPX Express","Monde Nissin","Shopee Philippines (Monde Nissin Shopee)","15 Jan, 2026","1 hr ago","16 Jan, 2026 11AM - 8PM"
"2757",="2601154279EVHU","CLL3MNE115657290 $","","SPX Express","Monde Nissin","Shopee Philippines (Monde Nissin Shopee)","15 Jan, 2026","1 hr ago","16 Jan, 2026 11AM - 8PM"
"2758",="26011542QK3UBS","CLL3MNE115657292","","SPX Express","Monde Nissin","Shopee Philippines (Monde Nissin Shopee)","15 Jan, 2026","1 hr ago","16 Jan, 2026 11AM - 8PM"
"2759",="2601154289WX6B","CLL3MNE115657294 $","","SPX Express","Monde Nissin","Shopee Philippines (Monde Nissin Shopee)","15 Jan, 2026","1 hr ago","16 Jan, 2026 11AM - 8PM"
"2760",="2601154280A127","CLL3REB115657297 $","","SPX Express","Rebisco Marketplace Laguna","Shopee Philippines (Rebisco Shopee)","15 Jan, 2026","1 hr ago","16 Jan, 2026 11AM - 8PM"
"2761",="1073354914327807","CLL3ARA115657303","","LEX PH","ARLA PH","Lazada Philippines (Arla Lazada)","15 Jan, 2026","1 hr ago","16 Jan, 2026 11AM - 8PM"
"2762",="582123749906220324","CLL3MNE115657304 $","","Flash Express Philippines","Monde Nissin","Tiktok Philippines (Monde Nissin Tiktok)","15 Jan, 2026","1 hr ago","16 Jan, 2026 11AM - 8PM"
"2763",="1073352130276528","CLL3ARA115657308 $","","LEX PH","ARLA PH","Lazada Philippines (Arla Lazada)","15 Jan, 2026","1 hr ago","16 Jan, 2026 11AM - 8PM"
"2764",="582123868986508753","CLL3MNE115657313 $","","Flash Express Philippines","Monde Nissin","Tiktok Philippines (Monde Nissin Tiktok)","15 Jan, 2026","1 hr ago","16 Jan, 2026 11AM - 8PM"
"2765",="26011542TBTQWM","CLL3MNE115657314","","SPX Express","Monde Nissin","Shopee Philippines (Monde Nissin Shopee)","15 Jan, 2026","1 hr ago","16 Jan, 2026 11AM - 8PM"
"2766",="582123889497572892","CLL3MNE115657315 $","","Flash Express Philippines","Monde Nissin","Tiktok Philippines (Monde Nissin Tiktok)","15 Jan, 2026","1 hr ago","16 Jan, 2026 11AM - 8PM"
"2767",="582123928367236760","CLL3MNE115657316 $","","J&T Express","Monde Nissin","Tiktok Philippines (Monde Nissin Tiktok)","15 Jan, 2026","1 hr ago","16 Jan, 2026 11AM - 8PM"
"2768",="582123879399392940","CLL3MNE115657318 $","","J&T Express","Monde Nissin","Tiktok Philippines (Monde Nissin Tiktok)","15 Jan, 2026","1 hr ago","16 Jan, 2026 11AM - 8PM"
"2769",="26011542TFNAKV","CLL3MNE115657339","","SPX Express","Monde Nissin","Shopee Philippines (Monde Nissin Shopee)","15 Jan, 2026","1 hr ago","16 Jan, 2026 11AM - 8PM"
"2770",="26011542PQFY5V","CLL3REB115657346","","SPX Express","Rebisco Marketplace Laguna","Shopee Philippines (Rebisco Shopee)","15 Jan, 2026","1 hr ago","16 Jan, 2026 11AM - 8PM"
"2771",="26011542K6XVWG","CLL3MNE115657348","","SPX Express","Monde Nissin","Shopee Philippines (Monde Nissin Shopee)","15 Jan, 2026","1 hr ago","16 Jan, 2026 11AM - 8PM"
"2772",="26011541QQN6Y5","CLL3MNE115657354","","SPX Express","Monde Nissin","Shopee Philippines (Monde Nissin Shopee)","15 Jan, 2026","1 hr ago","16 Jan, 2026 11AM - 8PM"
"2773",="26011542H80QKR","CLL3MNE115657355","","J&T","Monde Nissin","Shopee Philippines (Monde Nissin Shopee)","15 Jan, 2026","1 hr ago","16 Jan, 2026 11AM - 8PM"
"2774",="582123867479573711","CLL3MNE115657365 $","","J&T Express","Monde Nissin","Tiktok Philippines (Monde Nissin Tiktok)","15 Jan, 2026","1 hr ago","16 Jan, 2026 11AM - 8PM"
"2775",="582123792447669735","CLL3MNE115657366","","J&T Express","Monde Nissin","Tiktok Philippines (Monde Nissin Tiktok)","15 Jan, 2026","1 hr ago","16 Jan, 2026 11AM - 8PM"
"2776",="260115429WCASD","CLL3MNE115657381 $","","SPX Express","Monde Nissin","Shopee Philippines (Monde Nissin Shopee)","15 Jan, 2026","1 hr ago","16 Jan, 2026 11AM - 8PM"
"2777",="26011542XJ8D9W","CLL3MNE115657382","","SPX Express","Monde Nissin","Shopee Philippines (Monde Nissin Shopee)","15 Jan, 2026","1 hr ago","16 Jan, 2026 11AM - 8PM"
"2778",="26011542S6M78R","CLL3ARA115657386","","SPX Express","ARLA PH","Shopee Philippines (Arla Shopee)","15 Jan, 2026","1 hr ago","16 Jan, 2026 11AM - 8PM"
"2779",="26011542WTCV21","CLL3ARA115657389","","J&T Cargo","ARLA PH","Shopee Philippines (Arla Shopee)","15 Jan, 2026","1 hr ago","16 Jan, 2026 11AM - 8PM"
"2780",="26011542U1Q493","CLL3ARA115657392","","SPX Express","ARLA PH","Shopee Philippines (Arla Shopee)","15 Jan, 2026","1 hr ago","16 Jan, 2026 11AM - 8PM"
"2781",="26011542XRX5QA","CLL3LGM115657394","","SPX Express","LAGUNA MAIN COMPANY","Shopee Philippines (Mc Cormick Shopee)","15 Jan, 2026","1 hr ago","16 Jan, 2026 11AM - 8PM"
"2782",="26011542D0HGRB","CLL3MNE115657398 $","","SPX Express","Monde Nissin","Shopee Philippines (Monde Nissin Shopee)","15 Jan, 2026","1 hr ago","16 Jan, 2026 11AM - 8PM"
"2783",="582123849000584610","CLL3MNE115657400 $","","J&T Express","Monde Nissin","Tiktok Philippines (Monde Nissin Tiktok)","15 Jan, 2026","1 hr ago","16 Jan, 2026 11AM - 8PM"
"2784",="26011542CXP0V3","CLL3MNE115657402 $","","SPX Express","Monde Nissin","Shopee Philippines (Monde Nissin Shopee)","15 Jan, 2026","1 hr ago","16 Jan, 2026 11AM - 8PM"
"2785",="26011542YNH0VG","CLL3ARA115657403","","SPX Express","ARLA PH","Shopee Philippines (Arla Shopee)","15 Jan, 2026","1 hr ago","16 Jan, 2026 11AM - 8PM"
"2786",="26011542DY3QC9","CLL3MNE115657404 $","","SPX Express","Monde Nissin","Shopee Philippines (Monde Nissin Shopee)","15 Jan, 2026","1 hr ago","16 Jan, 2026 11AM - 8PM"
"2787",="260115429E4E0F","CLL3MNE115657405 $","","SPX Express","Monde Nissin","Shopee Philippines (Monde Nissin Shopee)","15 Jan, 2026","1 hr ago","16 Jan, 2026 11AM - 8PM"
"2788",="26011542TT3DJW","CLL3REB115657406","","SPX Express","Rebisco Marketplace Laguna","Shopee Philippines (Rebisco Shopee)","15 Jan, 2026","1 hr ago","16 Jan, 2026 11AM - 8PM"
"2789",="26011542DRDHR7","CLL3REB115657407 $","","SPX Express","Rebisco Marketplace Laguna","Shopee Philippines (Rebisco Shopee)","15 Jan, 2026","1 hr ago","16 Jan, 2026 11AM - 8PM"
"2790",="26011542YGU2JM","CLL3LGM115657409","","J&T Cargo","LAGUNA MAIN COMPANY","Shopee Philippines (Mentholatum Shopee)","15 Jan, 2026","1 hr ago","16 Jan, 2026 11AM - 8PM"
"2791",="26011542WMQ1WR","CLL3MNE115657410","","SPX Express","Monde Nissin","Shopee Philippines (Monde Nissin Shopee)","15 Jan, 2026","1 hr ago","16 Jan, 2026 11AM - 8PM"
"2792",="260115429KT86Y","CLL3MNE115657411 $","","SPX Express","Monde Nissin","Shopee Philippines (Monde Nissin Shopee)","15 Jan, 2026","1 hr ago","16 Jan, 2026 11AM - 8PM"
"2793",="26011542UG250R","CLL3LGM115657414","","SPX Express","LAGUNA MAIN COMPANY","Shopee Philippines (Mc Cormick Shopee)","15 Jan, 2026","1 hr ago","16 Jan, 2026 11AM - 8PM"
"2794",="26011542E9H7DR","CLL3MNE115657416 $","","J&T","Monde Nissin","Shopee Philippines (Monde Nissin Shopee)","15 Jan, 2026","1 hr ago","16 Jan, 2026 11AM - 8PM"
"2795",="26011542BB6UA0","CLL3ARA115657417 $","","SPX Express","ARLA PH","Shopee Philippines (Arla Shopee)","15 Jan, 2026","1 hr ago","16 Jan, 2026 11AM - 8PM"
"2796",="26011542E7P29K","CLL3MNE115657418 $","","J&T","Monde Nissin","Shopee Philippines (Monde Nissin Shopee)","15 Jan, 2026","1 hr ago","16 Jan, 2026 11AM - 8PM"
"2797",="26011542U2NWMX","CLL3MNE115657426","","SPX Express","Monde Nissin","Shopee Philippines (Monde Nissin Shopee)","15 Jan, 2026","1 hr ago","16 Jan, 2026 11AM - 8PM"
"2798",="26011542XEE8T2","CLL3MNE115657433","","SPX Express","Monde Nissin","Shopee Philippines (Monde Nissin Shopee)","15 Jan, 2026","1 hr ago","16 Jan, 2026 11AM - 8PM"
"2799",="26011542AAQQ5D","CLL3LGM115657437 $","","SPX Express","LAGUNA MAIN COMPANY","Shopee Philippines (Columbia Candies Shopee)","15 Jan, 2026","1 hr ago","16 Jan, 2026 11AM - 8PM"
"2800",="1064991431536712","CLL3LGM115657441","","LEX PH","LAGUNA MAIN COMPANY","Lazada Philippines (Columbia Candies Lazada)","15 Jan, 2026","1 hr ago","16 Jan, 2026 11AM - 8PM"
"2801",="582123909461345310","CLL3GNC115657442 $","","J&T Express","Green Cross","Tiktok Philippines (Greencross Tiktok)","15 Jan, 2026","1 hr ago","16 Jan, 2026 11AM - 8PM"
"2802",="582123915244635198","CLL3ARA115657443 $","","J&T Express","ARLA PH","Tiktok Philippines (Arla Tiktok)","15 Jan, 2026","1 hr ago","16 Jan, 2026 11AM - 8PM"
"2803",="582123828042827576","CLL3REB115657444 $","","J&T Express","Rebisco Marketplace Laguna","Tiktok Philippines (Rebisco Tiktok)","15 Jan, 2026","1 hr ago","16 Jan, 2026 11AM - 8PM"
"2804",="582123888621749667","CLL3LGM115657452 $","","J&T Express","LAGUNA MAIN COMPANY","Tiktok Philippines (Mentholatum Tiktok)","15 Jan, 2026","1 hr ago","16 Jan, 2026 11AM - 8PM"
"2805",="26011542B5D45A","CLL3MNE115657457 $","","SPX Express","Monde Nissin","Shopee Philippines (Monde Nissin Shopee)","15 Jan, 2026","1 hr ago","16 Jan, 2026 11AM - 8PM"
"2806",="582123912024786180","CLL3MNE115657460","","J&T Express","Monde Nissin","Tiktok Philippines (Monde Nissin Tiktok)","15 Jan, 2026","1 hr ago","16 Jan, 2026 11AM - 8PM"
"2807",="1073348167148183","CLL3MNE115657461","","LEX PH","Monde Nissin","Lazada Philippines (Monde Nissin Lazada)","15 Jan, 2026","1 hr ago","16 Jan, 2026 11AM - 8PM"
"2808",="582123900960998855","CLL3MNE115657462 $","","J&T Express","Monde Nissin","Tiktok Philippines (Monde Nissin Tiktok)","15 Jan, 2026","1 hr ago","16 Jan, 2026 11AM - 8PM"
"2809",="26011542FPDGGN","CLL3MNE115657468 $","","SPX Express","Monde Nissin","Shopee Philippines (Monde Nissin Shopee)","15 Jan, 2026","1 hr ago","16 Jan, 2026 11AM - 8PM"
"2810",="26011542GADU25","CLL3MNE115657469 $","","SPX Express","Monde Nissin","Shopee Philippines (Monde Nissin Shopee)","15 Jan, 2026","1 hr ago","16 Jan, 2026 11AM - 8PM"
"2811",="26011542JKV82Y","CLL3MNE115657472 $","","SPX Express","Monde Nissin","Shopee Philippines (Monde Nissin Shopee)","15 Jan, 2026","1 hr ago","16 Jan, 2026 11AM - 8PM"
"2812",="582123885418153355","CLL3LGM115657473","","J&T Express","LAGUNA MAIN COMPANY","Tiktok Philippines (Mentholatum Tiktok)","15 Jan, 2026","1 hr ago","16 Jan, 2026 11AM - 8PM"
"2813",="26011542G6JSDK","CLL3MNE115657474 $","","SPX Express","Monde Nissin","Shopee Philippines (Monde Nissin Shopee)","15 Jan, 2026","1 hr ago","16 Jan, 2026 11AM - 8PM"
"2814",="26011542FMGNYG","CLL3MNE115657476 $","","SPX Express","Monde Nissin","Shopee Philippines (Monde Nissin Shopee)","15 Jan, 2026","1 hr ago","16 Jan, 2026 11AM - 8PM"
"2815",="26011542HGJGPF","CLL3LGM115657478 $","","SPX Express","LAGUNA MAIN COMPANY","Shopee Philippines (Columbia Candies Shopee)","15 Jan, 2026","1 hr ago","16 Jan, 2026 11AM - 8PM"
"2816",="26011542GACWKQ","CLL3MNE115657480 $","","SPX Express","Monde Nissin","Shopee Philippines (Monde Nissin Shopee)","15 Jan, 2026","1 hr ago","16 Jan, 2026 11AM - 8PM"
"2817",="260115433R8P1F","CLL3MNE115657482","","SPX Express","Monde Nissin","Shopee Philippines (Monde Nissin Shopee)","15 Jan, 2026","1 hr ago","16 Jan, 2026 11AM - 8PM"
"2818",="26011542FJJ7TK","CLL3MNE115657484 $","","SPX Express","Monde Nissin","Shopee Philippines (Monde Nissin Shopee)","15 Jan, 2026","1 hr ago","16 Jan, 2026 11AM - 8PM"
"2819",="582123810235122787","CLL3MNE115657488 $","","J&T Express","Monde Nissin","Tiktok Philippines (Monde Nissin Tiktok)","15 Jan, 2026","1 hr ago","16 Jan, 2026 11AM - 8PM"
"2820",="582123894167734110","CLL3REB115657491","","Flash Express Philippines","Rebisco Marketplace Laguna","Tiktok Philippines (Rebisco Tiktok)","15 Jan, 2026","1 hr ago","16 Jan, 2026 11AM - 8PM"
"2821",="26011542F6555H","CLL3REB115657493 $","","SPX Express","Rebisco Marketplace Laguna","Shopee Philippines (Rebisco Shopee)","15 Jan, 2026","1 hr ago","16 Jan, 2026 11AM - 8PM"
"2822",="582123877506189180","CLL3GNC115657499 $","","J&T Express","Green Cross","Tiktok Philippines (Greencross Tiktok)","15 Jan, 2026","1 hr ago","16 Jan, 2026 11AM - 8PM"
"2823",="260115434KVM08","CLL3LGM115657500","","SPX Express","LAGUNA MAIN COMPANY","Shopee Philippines (Mc Cormick Shopee)","15 Jan, 2026","1 hr ago","16 Jan, 2026 11AM - 8PM"
"2824",="260115434PPRH5","CLL3ARA115657502","","SPX Express","ARLA PH","Shopee Philippines (Arla Shopee)","15 Jan, 2026","1 hr ago","16 Jan, 2026 11AM - 8PM"
"2825",="26011542EXK00X","CLL3REB115657504 $","","SPX Express","Rebisco Marketplace Laguna","Shopee Philippines (Rebisco Shopee)","15 Jan, 2026","1 hr ago","16 Jan, 2026 11AM - 8PM"
"2826",="26011542GVGCT9","CLL3REB115657506 $","","SPX Express","Rebisco Marketplace Laguna","Shopee Philippines (Rebisco Shopee)","15 Jan, 2026","1 hr ago","16 Jan, 2026 11AM - 8PM"
"2827",="26011543158J6B","CLL3LGM115657509","","SPX Express","LAGUNA MAIN COMPANY","Shopee Philippines (Columbia Candies Shopee)","15 Jan, 2026","1 hr ago","16 Jan, 2026 11AM - 8PM"
"2828",="260115431QDADX","CLL3ARA115657510","","SPX Express","ARLA PH","Shopee Philippines (Arla Shopee)","15 Jan, 2026","1 hr ago","16 Jan, 2026 11AM - 8PM"
"2829",="26011542GCB67H","CLL3LGM115657517 $","","SPX Express","LAGUNA MAIN COMPANY","Shopee Philippines (Mc Cormick Shopee)","15 Jan, 2026","1 hr ago","16 Jan, 2026 11AM - 8PM"
"2830",="26011542KVTJVF","CLL3REB115657518 $","","SPX Express","Rebisco Marketplace Laguna","Shopee Philippines (Rebisco Shopee)","15 Jan, 2026","1 hr ago","16 Jan, 2026 11AM - 8PM"
"2831",="2601154321TJKB","CLL3MNE115657520","","SPX Express","Monde Nissin","Shopee Philippines (Monde Nissin Shopee)","15 Jan, 2026","1 hr ago","16 Jan, 2026 11AM - 8PM"
"2832",="260115431XXXEY","CLL3MNE115657521","","SPX Express","Monde Nissin","Shopee Philippines (Monde Nissin Shopee)","15 Jan, 2026","1 hr ago","16 Jan, 2026 11AM - 8PM"
"2833",="260115431XYFCY","CLL3REB115657522","","SPX Express","Rebisco Marketplace Laguna","Shopee Philippines (Rebisco Shopee)","15 Jan, 2026","1 hr ago","16 Jan, 2026 11AM - 8PM"
"2834",="2601154324Q99B","CLL3ARA115657527","","SPX Express","ARLA PH","Shopee Philippines (Arla Shopee)","15 Jan, 2026","1 hr ago","16 Jan, 2026 11AM - 8PM"
"2835",="26011542Q7N0JM","CLL3MNE115657529 $","","SPX Express","Monde Nissin","Shopee Philippines (Monde Nissin Shopee)","15 Jan, 2026","1 hr ago","16 Jan, 2026 11AM - 8PM"
"2836",="26011542Q6PGXC","CLL3MNE115657530 $","","SPX Express","Monde Nissin","Shopee Philippines (Monde Nissin Shopee)","15 Jan, 2026","1 hr ago","16 Jan, 2026 11AM - 8PM"
"2837",="26011542QN10J3","CLL3MNE115657533 $","","SPX Express","Monde Nissin","Shopee Philippines (Monde Nissin Shopee)","15 Jan, 2026","1 hr ago","16 Jan, 2026 11AM - 8PM"
"2838",="582123974604523061","CLL3REB115657537 $","","J&T Express","Rebisco Marketplace Laguna","Tiktok Philippines (Rebisco Tiktok)","15 Jan, 2026","1 hr ago","16 Jan, 2026 11AM - 8PM"
"2839",="582123987066062237","CLL3LGM115657539 $","","J&T Express","LAGUNA MAIN COMPANY","Tiktok Philippines (Mccormick Tiktok)","15 Jan, 2026","1 hr ago","16 Jan, 2026 11AM - 8PM"
"2840",="1073348180076285","CLL3REB115657542 $","","LEX PH","Rebisco Marketplace Laguna","Lazada Philippines (Rebisco Lazada)","15 Jan, 2026","1 hr ago","16 Jan, 2026 11AM - 8PM"
"2841",="1064986852860073","CLL3MNE115657551 $","","LEX","Monde Nissin","Lazada Philippines (Monde Nissin Lazada)","15 Jan, 2026","1 hr ago","16 Jan, 2026 11AM - 8PM"
"2842",="1064993813365506","CLL3MNE115657553 $","","LEX PH","Monde Nissin","Lazada Philippines (Monde Nissin Lazada)","15 Jan, 2026","1 hr ago","16 Jan, 2026 11AM - 8PM"
"2843",="582123960970610345","CLL3MNE115657556 $","","J&T Express","Monde Nissin","Tiktok Philippines (Monde Nissin Tiktok)","15 Jan, 2026","1 hr ago","16 Jan, 2026 11AM - 8PM"
"2844",="26011542MFWQBB","CLL3MNE115657561 $","","SPX Express","Monde Nissin","Shopee Philippines (Monde Nissin Shopee)","15 Jan, 2026","1 hr ago","16 Jan, 2026 11AM - 8PM"
"2845",="26011542Q20562","CLL3MNE115657563 $","","SPX Express","Monde Nissin","Shopee Philippines (Monde Nissin Shopee)","15 Jan, 2026","1 hr ago","16 Jan, 2026 11AM - 8PM"
"2846",="260115438A50R8","CLL3MNE115657562","","SPX Express","Monde Nissin","Shopee Philippines (Monde Nissin Shopee)","15 Jan, 2026","1 hr ago","16 Jan, 2026 11AM - 8PM"
"2847",="260115438QGSKK","CLL3REB115657565","","SPX Express","Rebisco Marketplace Laguna","Shopee Philippines (Rebisco Shopee)","15 Jan, 2026","1 hr ago","16 Jan, 2026 11AM - 8PM"
"2848",="2601154322U7JD","CLL3ARA115657566","","Other logistics provider","ARLA PH","Shopee Philippines (Arla Shopee)","15 Jan, 2026","1 hr ago","16 Jan, 2026 11AM - 8PM"
"2849",="26011542QQWTSB","CLL3MNE115657583 $","","SPX Express","Monde Nissin","Shopee Philippines (Monde Nissin Shopee)","15 Jan, 2026","1 hr ago","16 Jan, 2026 11AM - 8PM"
"2850",="26011542MA70SB","CLL3REB115657584 $","","SPX Express","Rebisco Marketplace Laguna","Shopee Philippines (Rebisco Shopee)","15 Jan, 2026","1 hr ago","16 Jan, 2026 11AM - 8PM"
"2851",="26011542MJSQEY","CLL3REB115657591 $","","SPX Express","Rebisco Marketplace Laguna","Shopee Philippines (Rebisco Shopee)","15 Jan, 2026","1 hr ago","16 Jan, 2026 11AM - 8PM"
"2852",="26011542S5P8JJ","CLL3MNE115657590 $","","SPX Express","Monde Nissin","Shopee Philippines (Monde Nissin Shopee)","15 Jan, 2026","1 hr ago","16 Jan, 2026 11AM - 8PM"
"2853",="26011542M5F8KG","CLL3MNE115657593 $","","SPX Express","Monde Nissin","Shopee Philippines (Monde Nissin Shopee)","15 Jan, 2026","1 hr ago","16 Jan, 2026 11AM - 8PM"
"2854",="26011542Q8NFWM","CLL3REB115657594 $","","SPX Express","Rebisco Marketplace Laguna","Shopee Philippines (Rebisco Shopee)","15 Jan, 2026","1 hr ago","16 Jan, 2026 11AM - 8PM"
"2855",="2601154364GBW5","CLL3MNE115657595","","J&T Cargo","Monde Nissin","Shopee Philippines (Monde Nissin Shopee)","15 Jan, 2026","1 hr ago","16 Jan, 2026 11AM - 8PM"
"2856",="26011542MD3N93","CLL3ARA115657599 $","","SPX Express","ARLA PH","Shopee Philippines (Arla Shopee)","15 Jan, 2026","1 hr ago","16 Jan, 2026 11AM - 8PM"
"2857",="26011542NEF2GE","CLL3MNE115657600 $","","SPX Express","Monde Nissin","Shopee Philippines (Monde Nissin Shopee)","15 Jan, 2026","1 hr ago","16 Jan, 2026 11AM - 8PM"
"2858",="26011542N4WXGW","CLL3ARA115657601 $","","SPX Express","ARLA PH","Shopee Philippines (Arla Shopee)","15 Jan, 2026","1 hr ago","16 Jan, 2026 11AM - 8PM"
"2859",="260115435EHEXC","CLL3MNE115657603","","SPX Express","Monde Nissin","Shopee Philippines (Monde Nissin Shopee)","15 Jan, 2026","1 hr ago","16 Jan, 2026 11AM - 8PM"
"2860",="26011542QBFP2G","CLL3MNE115657611 $","","SPX Express","Monde Nissin","Shopee Philippines (Monde Nissin Shopee)","15 Jan, 2026","1 hr ago","16 Jan, 2026 11AM - 8PM"
"2861",="260115437YKKRQ","CLL3MNE115657612","","SPX Express","Monde Nissin","Shopee Philippines (Monde Nissin Shopee)","15 Jan, 2026","1 hr ago","16 Jan, 2026 11AM - 8PM"
"2862",="26011543BCCXQP","CLL3MNE115657618","","SPX Express","Monde Nissin","Shopee Philippines (Monde Nissin Shopee)","15 Jan, 2026","1 hr ago","16 Jan, 2026 11AM - 8PM"
"2863",="582123921138026367","CLL3ARA115657622 $","","J&T Express","ARLA PH","Tiktok Philippines (Arla Tiktok)","15 Jan, 2026","1 hr ago","16 Jan, 2026 11AM - 8PM"
"2864",="26011543DWE944","CLL3MNE115657625","","SPX Express","Monde Nissin","Shopee Philippines (Monde Nissin Shopee)","15 Jan, 2026","1 hr ago","16 Jan, 2026 11AM - 8PM"
"2865",="26011542V8TBX5","CLL3LGM115657627 $","","SPX Express","LAGUNA MAIN COMPANY","Shopee Philippines (Mc Cormick Shopee)","15 Jan, 2026","1 hr ago","16 Jan, 2026 11AM - 8PM"
"2866",="582123913461859837","CLL3ARA115657633 $","","J&T Express","ARLA PH","Tiktok Philippines (Arla Tiktok)","15 Jan, 2026","1 hr ago","16 Jan, 2026 11AM - 8PM"
"2867",="582123930172688375","CLL3MNE115657634","","J&T Express","Monde Nissin","Tiktok Philippines (Monde Nissin Tiktok)","15 Jan, 2026","1 hr ago","16 Jan, 2026 11AM - 8PM"
"2868",="26011543BCCXQH","CLL3REB115657638","","SPX Express","Rebisco Marketplace Laguna","Shopee Philippines (Rebisco Shopee)","15 Jan, 2026","1 hr ago","16 Jan, 2026 11AM - 8PM"
"2869",="26011532A9GW78","CLL3MNE115657636","","J&T Cargo","Monde Nissin","Shopee Philippines (Monde Nissin Shopee)","15 Jan, 2026","1 hr ago","16 Jan, 2026 11AM - 8PM"
"2870",="26011542XM7ABE","CLL3REB115657640 $","","SPX Express","Rebisco Marketplace Laguna","Shopee Philippines (Rebisco Shopee)","15 Jan, 2026","1 hr ago","16 Jan, 2026 11AM - 8PM"
"2871",="26011542XEFV1N","CLL3ARA115657639 $","","SPX Express","ARLA PH","Shopee Philippines (Arla Shopee)","15 Jan, 2026","1 hr ago","16 Jan, 2026 11AM - 8PM"
"2872",="1064991643086916","CLL3LGM115657641","","LEX","LAGUNA MAIN COMPANY","Lazada Philippines (Mc Cormick Lazada)","15 Jan, 2026","1 hr ago","16 Jan, 2026 11AM - 8PM"
"2873",="1064985472014866","CLL3ARA115657642 $","","LEX PH","ARLA PH","Lazada Philippines (Arla Lazada)","15 Jan, 2026","1 hr ago","16 Jan, 2026 11AM - 8PM"
"2874",="582123982938211664","CLL3GNC115657644 $","","J&T Express","Green Cross","Tiktok Philippines (Greencross Tiktok)","15 Jan, 2026","1 hr ago","16 Jan, 2026 11AM - 8PM"
"2875",="26011542UA9RYH","CLL3LGM115657647 $","","SPX Express","LAGUNA MAIN COMPANY","Shopee Philippines (Mc Cormick Shopee)","15 Jan, 2026","1 hr ago","16 Jan, 2026 11AM - 8PM"
"2876",="26011542UKUXFP","CLL3MNE115657659 $","","SPX Express","Monde Nissin","Shopee Philippines (Monde Nissin Shopee)","15 Jan, 2026","1 hr ago","16 Jan, 2026 11AM - 8PM"
"2877",="26011542SK0RQG","CLL3MNE115657660 $","","SPX Express","Monde Nissin","Shopee Philippines (Monde Nissin Shopee)","15 Jan, 2026","1 hr ago","16 Jan, 2026 11AM - 8PM"
"2878",="582124022211380757","CLL3TYB115657665 $","","J&T Express","Tiny buds","Tiktok Philippines (Tiny Buds Tiktok)","15 Jan, 2026","1 hr ago","16 Jan, 2026 11AM - 8PM"
"2879",="582124035941369030","CLL3TYB115657666 $","","J&T Express","Tiny buds","Tiktok Philippines (Tiny Buds Tiktok)","15 Jan, 2026","1 hr ago","16 Jan, 2026 11AM - 8PM"
"2880",="582124045854410087","CLL3TYB115657667 $","","Flash Express Philippines","Tiny buds","Tiktok Philippines (Tiny Buds Tiktok)","15 Jan, 2026","1 hr ago","16 Jan, 2026 11AM - 8PM"
"2881",="582124014265074910","CLL3TYB115657669 $","","J&T Express","Tiny buds","Tiktok Philippines (Tiny Buds Tiktok)","15 Jan, 2026","1 hr ago","16 Jan, 2026 11AM - 8PM"
"2882",="582124003987457733","CLL3TYB115657670 $","","J&T Express","Tiny buds","Tiktok Philippines (Tiny Buds Tiktok)","15 Jan, 2026","1 hr ago","16 Jan, 2026 11AM - 8PM"
"2883",="582123926561129611","CLL3MNE115657672 $","","Flash Express Philippines","Monde Nissin","Tiktok Philippines (Monde Nissin Tiktok)","15 Jan, 2026","1 hr ago","16 Jan, 2026 11AM - 8PM"
"2884",="582124055562978907","CLL3MNE115657673 $","","Flash Express Philippines","Monde Nissin","Tiktok Philippines (Monde Nissin Tiktok)","15 Jan, 2026","1 hr ago","16 Jan, 2026 11AM - 8PM"
"2885",="1073353146624399","CLL3MNE115657674 $","","LEX PH","Monde Nissin","Lazada Philippines (Monde Nissin Lazada)","15 Jan, 2026","1 hr ago","16 Jan, 2026 11AM - 8PM"
"2886",="1073359903636835","CLL3MNE115657675","","LEX","Monde Nissin","Lazada Philippines (Monde Nissin Lazada)","15 Jan, 2026","1 hr ago","16 Jan, 2026 11AM - 8PM"
"2887",="582124079924544610","CLL3MNE115657677 $","","J&T Express","Monde Nissin","Tiktok Philippines (Monde Nissin Tiktok)","15 Jan, 2026","1 hr ago","16 Jan, 2026 11AM - 8PM"
"2888",="1064986659624043","CLL3MNE115657676 $","","LEX","Monde Nissin","Lazada Philippines (Monde Nissin Lazada)","15 Jan, 2026","1 hr ago","16 Jan, 2026 11AM - 8PM"
"2889",="1064993037576046","CLL3MNE115657678 $","","LEX PH","Monde Nissin","Lazada Philippines (Monde Nissin Lazada)","15 Jan, 2026","1 hr ago","16 Jan, 2026 11AM - 8PM"
"2890",="582124059232077003","CLL3MNE115657679 $","","J&T Express","Monde Nissin","Tiktok Philippines (Monde Nissin Tiktok)","15 Jan, 2026","1 hr ago","16 Jan, 2026 11AM - 8PM"
"2891",="26011542TBTYR1","CLL3MNE115657681 $","","SPX Express","Monde Nissin","Shopee Philippines (Monde Nissin Shopee)","15 Jan, 2026","1 hr ago","16 Jan, 2026 11AM - 8PM"
"2892",="26011542WD2EEP","CLL3MNE115657682 $","","SPX Express","Monde Nissin","Shopee Philippines (Monde Nissin Shopee)","15 Jan, 2026","1 hr ago","16 Jan, 2026 11AM - 8PM"
"2893",="26011542TCSEXR","CLL3MNE115657689 $","","SPX Express","Monde Nissin","Shopee Philippines (Monde Nissin Shopee)","15 Jan, 2026","1 hr ago","16 Jan, 2026 11AM - 8PM"
"2894",="26011542WX7Q5E","CLL3REB115657694 $","","SPX Express","Rebisco Marketplace Laguna","Shopee Philippines (Rebisco Shopee)","15 Jan, 2026","1 hr ago","16 Jan, 2026 11AM - 8PM"
"2895",="26011542TFM59W","CLL3REB115657696 $","","SPX Express","Rebisco Marketplace Laguna","Shopee Philippines (Rebisco Shopee)","15 Jan, 2026","1 hr ago","16 Jan, 2026 11AM - 8PM"
"2896",="2601154397NYAJ","CLL3ARA115657697","","SPX Express","ARLA PH","Shopee Philippines (Arla Shopee)","15 Jan, 2026","1 hr ago","16 Jan, 2026 11AM - 8PM"
"2897",="26011543DD8F0U","CLL3LGM115657700","","SPX Express","LAGUNA MAIN COMPANY","Shopee Philippines (Mc Cormick Shopee)","15 Jan, 2026","1 hr ago","16 Jan, 2026 11AM - 8PM"
"2898",="26011543AS94GX","CLL3MNE115657701","","SPX Express","Monde Nissin","Shopee Philippines (Monde Nissin Shopee)","15 Jan, 2026","1 hr ago","16 Jan, 2026 11AM - 8PM"
"2899",="260115438TCQN3","CLL3MNE115657702","","J&T","Monde Nissin","Shopee Philippines (Monde Nissin Shopee)","15 Jan, 2026","1 hr ago","16 Jan, 2026 11AM - 8PM"
"2900",="260115438QGSKJ","CLL3MNE115657703","","SPX Express","Monde Nissin","Shopee Philippines (Monde Nissin Shopee)","15 Jan, 2026","1 hr ago","16 Jan, 2026 11AM - 8PM"
"2901",="26011542TJGY51","CLL3MNE115657705 $","","SPX Express","Monde Nissin","Shopee Philippines (Monde Nissin Shopee)","15 Jan, 2026","1 hr ago","16 Jan, 2026 11AM - 8PM"
"2902",="26011543C90AR2","CLL3MNE115657707","","SPX Express","Monde Nissin","Shopee Philippines (Monde Nissin Shopee)","15 Jan, 2026","1 hr ago","16 Jan, 2026 11AM - 8PM"
"2903",="582123964389623607","CLL3TYB115657709","","J&T Express","Tiny buds","Tiktok Philippines (Tiny Buds Tiktok)","15 Jan, 2026","1 hr ago","16 Jan, 2026 11AM - 8PM"
"2904",="260115431T808D","CLL3LGM115657713 $","","SPX Express","LAGUNA MAIN COMPANY","Shopee Philippines (Mc Cormick Shopee)","15 Jan, 2026","1 hr ago","16 Jan, 2026 11AM - 8PM"
"2905",="582123965040264423","CLL3TYB115657714 $","","J&T Express","Tiny buds","Tiktok Philippines (Tiny Buds Tiktok)","15 Jan, 2026","1 hr ago","16 Jan, 2026 11AM - 8PM"
"2906",="582123892751304584","CLL3TYB115657715","","J&T Express","Tiny buds","Tiktok Philippines (Tiny Buds Tiktok)","15 Jan, 2026","1 hr ago","16 Jan, 2026 11AM - 8PM"
"2907",="582123929459852804","CLL3TYB115657716 $","","J&T Express","Tiny buds","Tiktok Philippines (Tiny Buds Tiktok)","15 Jan, 2026","1 hr ago","16 Jan, 2026 11AM - 8PM"
"2908",="260115431JJAS2","CLL3REB115657721 $","","SPX Express","Rebisco Marketplace Laguna","Shopee Philippines (Rebisco Shopee)","15 Jan, 2026","1 hr ago","16 Jan, 2026 11AM - 8PM"
"2909",="582124021260912293","CLL3TYB115657722","","J&T Express","Tiny buds","Tiktok Philippines (Tiny Buds Tiktok)","15 Jan, 2026","1 hr ago","16 Jan, 2026 11AM - 8PM"
"2910",="260115431FRK0J","CLL3REB115657724 $","","SPX Express","Rebisco Marketplace Laguna","Shopee Philippines (Rebisco Shopee)","15 Jan, 2026","1 hr ago","16 Jan, 2026 11AM - 8PM"
"2911",="26011543J1YQGM","CLL3MNE115657725","","SPX Express","Monde Nissin","Shopee Philippines (Monde Nissin Shopee)","15 Jan, 2026","1 hr ago","16 Jan, 2026 11AM - 8PM"
"2912",="260115433Q8TTR","CLL3REB115657731 $","","SPX Express","Rebisco Marketplace Laguna","Shopee Philippines (Rebisco Shopee)","15 Jan, 2026","1 hr ago","16 Jan, 2026 11AM - 8PM"
"2913",="260115432E74RM","CLL3MNE115657732 $","","SPX Express","Monde Nissin","Shopee Philippines (Monde Nissin Shopee)","15 Jan, 2026","1 hr ago","16 Jan, 2026 11AM - 8PM"
"2914",="26011543KY2065","CLL3REB115657734","","SPX Express","Rebisco Marketplace Laguna","Shopee Philippines (Rebisco Shopee)","15 Jan, 2026","1 hr ago","16 Jan, 2026 11AM - 8PM"
"2915",="582124056620860898","CLL3TYB115657735 $","","J&T Express","Tiny buds","Tiktok Philippines (Tiny Buds Tiktok)","15 Jan, 2026","1 hr ago","16 Jan, 2026 11AM - 8PM"
"2916",="582123925784200750","CLL3TYB115657736 $","","J&T Express","Tiny buds","Tiktok Philippines (Tiny Buds Tiktok)","15 Jan, 2026","1 hr ago","16 Jan, 2026 11AM - 8PM"
"2917",="26011543MUM7SJ","CLL3MNE115657739","","SPX Express","Monde Nissin","Shopee Philippines (Monde Nissin Shopee)","15 Jan, 2026","1 hr ago","16 Jan, 2026 11AM - 8PM"
"2918",="26011542Y5A8QK","CLL3MNE115657741 $","","SPX Express","Monde Nissin","Shopee Philippines (Monde Nissin Shopee)","15 Jan, 2026","1 hr ago","16 Jan, 2026 11AM - 8PM"
"2919",="582123921481827700","CLL3TYB115657742","","J&T Express","Tiny buds","Tiktok Philippines (Tiny Buds Tiktok)","15 Jan, 2026","1 hr ago","16 Jan, 2026 11AM - 8PM"
"2920",="582123965646931080","CLL3MNE115657743 $","","Flash Express Philippines","Monde Nissin","Tiktok Philippines (Monde Nissin Tiktok)","15 Jan, 2026","1 hr ago","16 Jan, 2026 11AM - 8PM"
"2921",="582123963875034285","CLL3TYB115657744 $","","J&T Express","Tiny buds","Tiktok Philippines (Tiny Buds Tiktok)","15 Jan, 2026","1 hr ago","16 Jan, 2026 11AM - 8PM"
"2922",="26011543DHYA66","CLL3ARA115657745","","J&T Cargo","ARLA PH","Shopee Philippines (Arla Shopee)","15 Jan, 2026","1 hr ago","16 Jan, 2026 11AM - 8PM"
"2923",="582123930513213306","CLL3TYB115657747 $","","Flash Express Philippines","Tiny buds","Tiktok Philippines (Tiny Buds Tiktok)","15 Jan, 2026","1 hr ago","16 Jan, 2026 11AM - 8PM"
"2924",="260115432RR1JY","CLL3MNE115657746 $","","SPX Express","Monde Nissin","Shopee Philippines (Monde Nissin Shopee)","15 Jan, 2026","1 hr ago","16 Jan, 2026 11AM - 8PM"
"2925",="260115432VKFEA","CLL3REB115657748 $","","SPX Express","Rebisco Marketplace Laguna","Shopee Philippines (Rebisco Shopee)","15 Jan, 2026","1 hr ago","16 Jan, 2026 11AM - 8PM"
"2926",="26011543319SVY","CLL3MNE115657749 $","","SPX Express","Monde Nissin","Shopee Philippines (Monde Nissin Shopee)","15 Jan, 2026","1 hr ago","16 Jan, 2026 11AM - 8PM"
"2927",="260115430BH2WY","CLL3REB115657750 $","","SPX Express","Rebisco Marketplace Laguna","Shopee Philippines (Rebisco Shopee)","15 Jan, 2026","1 hr ago","16 Jan, 2026 11AM - 8PM"
"2928",="26011542YX49PG","CLL3MNE115657751 $","","SPX Express","Monde Nissin","Shopee Philippines (Monde Nissin Shopee)","15 Jan, 2026","1 hr ago","16 Jan, 2026 11AM - 8PM"
"2929",="582123989925922368","CLL3TYB115657752","","J&T Express","Tiny buds","Tiktok Philippines (Tiny Buds Tiktok)","15 Jan, 2026","1 hr ago","16 Jan, 2026 11AM - 8PM"
"2930",="26011542YTAY9Y","CLL3REB115657753 $","","SPX Express","Rebisco Marketplace Laguna","Shopee Philippines (Rebisco Shopee)","15 Jan, 2026","1 hr ago","16 Jan, 2026 11AM - 8PM"
"2931",="582124079561344750","CLL3TYB115657755 $","","Flash Express Philippines","Tiny buds","Tiktok Philippines (Tiny Buds Tiktok)","15 Jan, 2026","1 hr ago","16 Jan, 2026 11AM - 8PM"
"2932",="26011543M1U7A7","CLL3MNE115657756","","SPX Express","Monde Nissin","Shopee Philippines (Monde Nissin Shopee)","15 Jan, 2026","1 hr ago","16 Jan, 2026 11AM - 8PM"
"2933",="26011543JEBXCB","CLL3MNE115657758","","SPX Express","Monde Nissin","Shopee Philippines (Monde Nissin Shopee)","15 Jan, 2026","1 hr ago","16 Jan, 2026 11AM - 8PM"
"2934",="2601154330DWH5","CLL3REB115657759 $","","SPX Express","Rebisco Marketplace Laguna","Shopee Philippines (Rebisco Shopee)","15 Jan, 2026","1 hr ago","16 Jan, 2026 11AM - 8PM"
"2935",="26011543KBX2BD","CLL3LGM115657760","","SPX Express","LAGUNA MAIN COMPANY","Shopee Philippines (Mogu Mogu Shopee)","15 Jan, 2026","1 hr ago","16 Jan, 2026 11AM - 8PM"
"2936",="582124007503922349","CLL3GNC115657761","","J&T Express","Green Cross","Tiktok Philippines (Greencross Tiktok)","15 Jan, 2026","1 hr ago","16 Jan, 2026 11AM - 8PM"
"2937",="26011543FGXQDB","CLL3MNE115657762","","SPX Express","Monde Nissin","Shopee Philippines (Monde Nissin Shopee)","15 Jan, 2026","1 hr ago","16 Jan, 2026 11AM - 8PM"
"2938",="582123973206901991","CLL3MNE115657764 $","","J&T Express","Monde Nissin","Tiktok Philippines (Monde Nissin Tiktok)","15 Jan, 2026","1 hr ago","16 Jan, 2026 11AM - 8PM"
"2939",="260115430K39R0","CLL3ARA115657765 $","","SPX Express","ARLA PH","Shopee Philippines (Arla Shopee)","15 Jan, 2026","1 hr ago","16 Jan, 2026 11AM - 8PM"
"2940",="582123995176273825","CLL3TYB115657772","","J&T Express","Tiny buds","Tiktok Philippines (Tiny Buds Tiktok)","15 Jan, 2026","1 hr ago","16 Jan, 2026 11AM - 8PM"
"2941",="2601154348DVD4","CLL3MNE115657773 $","","SPX Express","Monde Nissin","Shopee Philippines (Monde Nissin Shopee)","15 Jan, 2026","1 hr ago","16 Jan, 2026 11AM - 8PM"
"2942",="582123992594417450","CLL3TYB115657774 $","","J&T Express","Tiny buds","Tiktok Philippines (Tiny Buds Tiktok)","15 Jan, 2026","1 hr ago","16 Jan, 2026 11AM - 8PM"
"2943",="582124027681801631","CLL3TYB115657777 $","","J&T Express","Tiny buds","Tiktok Philippines (Tiny Buds Tiktok)","15 Jan, 2026","1 hr ago","16 Jan, 2026 11AM - 8PM"
"2944",="582123924285916376","CLL3TYB115657790","","J&T Express","Tiny buds","Tiktok Philippines (Tiny Buds Tiktok)","15 Jan, 2026","1 hr ago","16 Jan, 2026 11AM - 8PM"
"2945",="582123903169103099","CLL3TYB115657815 $","","Flash Express Philippines","Tiny buds","Tiktok Philippines (Tiny Buds Tiktok)","15 Jan, 2026","1 hr ago","16 Jan, 2026 11AM - 8PM"
"2946",="582123900486715162","CLL3TYB115657827","","J&T Express","Tiny buds","Tiktok Philippines (Tiny Buds Tiktok)","15 Jan, 2026","1 hr ago","16 Jan, 2026 11AM - 8PM"
"2947",="26011543JPXF2R","CLL3ARA115657828","","SPX Express","ARLA PH","Shopee Philippines (Arla Shopee)","15 Jan, 2026","1 hr ago","16 Jan, 2026 11AM - 8PM"
"2948",="26011543ETY36V","CLL3LGM115657832","","SPX Express","LAGUNA MAIN COMPANY","Shopee Philippines (Mc Cormick Shopee)","15 Jan, 2026","1 hr ago","16 Jan, 2026 11AM - 8PM"
"2949",="582123986029216980","CLL3TYB115657833 $","","J&T Express","Tiny buds","Tiktok Philippines (Tiny Buds Tiktok)","15 Jan, 2026","1 hr ago","16 Jan, 2026 11AM - 8PM"
"2950",="582124029007791567","CLL3MNE115657834","","J&T Express","Monde Nissin","Tiktok Philippines (Monde Nissin Tiktok)","15 Jan, 2026","1 hr ago","16 Jan, 2026 11AM - 8PM"
"2951",="582124055234250332","CLL3TYB115657835 $","","J&T Express","Tiny buds","Tiktok Philippines (Tiny Buds Tiktok)","15 Jan, 2026","1 hr ago","16 Jan, 2026 11AM - 8PM"
"2952",="582124045682443960","CLL3TYB115657836 $","","J&T Express","Tiny buds","Tiktok Philippines (Tiny Buds Tiktok)","15 Jan, 2026","60 mins ago","16 Jan, 2026 11AM - 8PM"
"2953",="260115435R3KE4","CLL3MNE115657845 $","","SPX Express","Monde Nissin","Shopee Philippines (Monde Nissin Shopee)","15 Jan, 2026","59 mins ago","16 Jan, 2026 11AM - 8PM"
"2954",="582124001271383874","CLL3MNE115657853","","J&T Express","Monde Nissin","Tiktok Philippines (Monde Nissin Tiktok)","15 Jan, 2026","58 mins ago","16 Jan, 2026 11AM - 8PM"
"2955",="260115437N3UG8","CLL3REB115657855 $","","SPX Express","Rebisco Marketplace Laguna","Shopee Philippines (Rebisco Shopee)","15 Jan, 2026","58 mins ago","16 Jan, 2026 11AM - 8PM"
"2956",="582123972831119171","CLL3MNE115657868 $","","J&T Express","Monde Nissin","Tiktok Philippines (Monde Nissin Tiktok)","15 Jan, 2026","54 mins ago","16 Jan, 2026 11AM - 8PM"
"2957",="582123951252211212","CLL3MNE115657871","","J&T Express","Monde Nissin","Tiktok Philippines (Monde Nissin Tiktok)","15 Jan, 2026","54 mins ago","16 Jan, 2026 11AM - 8PM"
"2958",="582124057126209041","CLL3GNC115657874","","J&T Express","Green Cross","Tiktok Philippines (Greencross Tiktok)","15 Jan, 2026","54 mins ago","16 Jan, 2026 11AM - 8PM"
"2959",="582124059009844720","CLL3REB115657884 $","","J&T Express","Rebisco Marketplace Laguna","Tiktok Philippines (Rebisco Tiktok)","15 Jan, 2026","53 mins ago","16 Jan, 2026 11AM - 8PM"
"2960",="582124106187113915","CLL3MNE115657890 $","","J&T Express","Monde Nissin","Tiktok Philippines (Monde Nissin Tiktok)","15 Jan, 2026","53 mins ago","16 Jan, 2026 11AM - 8PM"
"2961",="582124107209016763","CLL3MNE115657891 $","","J&T Express","Monde Nissin","Tiktok Philippines (Monde Nissin Tiktok)","15 Jan, 2026","53 mins ago","16 Jan, 2026 11AM - 8PM"
"2962",="582124140992956390","CLL3MNE115657892 $","","J&T Express","Monde Nissin","Tiktok Philippines (Monde Nissin Tiktok)","15 Jan, 2026","53 mins ago","16 Jan, 2026 11AM - 8PM"
"2963",="582124064547571525","CLL3MNE115657893 $","","J&T Express","Monde Nissin","Tiktok Philippines (Monde Nissin Tiktok)","15 Jan, 2026","53 mins ago","16 Jan, 2026 11AM - 8PM"
"2964",="582123993439962821","CLL3LGM115657911","","J&T Express","LAGUNA MAIN COMPANY","Tiktok Philippines (Mentholatum Tiktok)","15 Jan, 2026","52 mins ago","16 Jan, 2026 11AM - 8PM"
"2965",="582124143134410411","CLL3GNC115657912 $","","J&T Express","Green Cross","Tiktok Philippines (Greencross Tiktok)","15 Jan, 2026","52 mins ago","16 Jan, 2026 11AM - 8PM"
"2966",="582124166256035756","CLL3MNE115657919 $","","Flash Express Philippines","Monde Nissin","Tiktok Philippines (Monde Nissin Tiktok)","15 Jan, 2026","52 mins ago","16 Jan, 2026 11AM - 8PM"
"2967",="260115438KQ03B","CLL3LGM115657920 $","","SPX Express","LAGUNA MAIN COMPANY","Shopee Philippines (Mentholatum Shopee)","15 Jan, 2026","52 mins ago","16 Jan, 2026 11AM - 8PM"
"2968",="582124111762130522","CLL3MNE115657926","","Flash Express Philippines","Monde Nissin","Tiktok Philippines (Monde Nissin Tiktok)","15 Jan, 2026","52 mins ago","16 Jan, 2026 11AM - 8PM"
"2969",="2601154396SAKJ","CLL3MNE115657932 $","","SPX Express","Monde Nissin","Shopee Philippines (Monde Nissin Shopee)","15 Jan, 2026","52 mins ago","16 Jan, 2026 11AM - 8PM"
"2970",="2601154398KQWS","CLL3MNE115657934 $","","SPX Express","Monde Nissin","Shopee Philippines (Monde Nissin Shopee)","15 Jan, 2026","52 mins ago","16 Jan, 2026 11AM - 8PM"
"2971",="26011543S05RVQ","CLL3MNE115657936","","SPX Express","Monde Nissin","Shopee Philippines (Monde Nissin Shopee)","15 Jan, 2026","52 mins ago","16 Jan, 2026 11AM - 8PM"
"2972",="1073347583744379","CLL3TBY115657946 $","","LEX PH","The Body Shop","Lazada Philippines (The Body Shop Lazada)","15 Jan, 2026","52 mins ago","16 Jan, 2026 11AM - 8PM"
"2973",="26011543TNJ9CH","CLL3LGM115657947","","SPX Express","LAGUNA MAIN COMPANY","Shopee Philippines (Mentholatum Shopee)","15 Jan, 2026","52 mins ago","16 Jan, 2026 11AM - 8PM"
"2974",="582124180084983617","CLL3ARA115657948 $","","J&T Express","ARLA PH","Tiktok Philippines (Arla Tiktok)","15 Jan, 2026","52 mins ago","16 Jan, 2026 11AM - 8PM"
"2975",="582124146420319364","CLL3REB115657949 $","","J&T Express","Rebisco Marketplace Laguna","Tiktok Philippines (Rebisco Tiktok)","15 Jan, 2026","52 mins ago","16 Jan, 2026 11AM - 8PM"
"2976",="582124193368016300","CLL3REB115657950 $","","Flash Express Philippines","Rebisco Marketplace Laguna","Tiktok Philippines (Rebisco Tiktok)","15 Jan, 2026","52 mins ago","16 Jan, 2026 11AM - 8PM"
"2977",="1064989282856112","CLL3REB115657951 $","","LEX PH","Rebisco Marketplace Laguna","Lazada Philippines (Rebisco Lazada)","15 Jan, 2026","52 mins ago","16 Jan, 2026 11AM - 8PM"
"2978",="26011543RKU0HT","CLL3MNE115657953","","SPX Express","Monde Nissin","Shopee Philippines (Monde Nissin Shopee)","15 Jan, 2026","52 mins ago","16 Jan, 2026 11AM - 8PM"
"2979",="2601154361NB6M","CLL3MNE115657962 $","","SPX Express","Monde Nissin","Shopee Philippines (Monde Nissin Shopee)","15 Jan, 2026","52 mins ago","16 Jan, 2026 11AM - 8PM"
"2980",="2601154393VFJX","CLL3REB115657963 $","","SPX Express","Rebisco Marketplace Laguna","Shopee Philippines (Rebisco Shopee)","15 Jan, 2026","52 mins ago","16 Jan, 2026 11AM - 8PM"
"2981",="260115438TAG11","CLL3MNE115657965 $","","SPX Express","Monde Nissin","Shopee Philippines (Monde Nissin Shopee)","15 Jan, 2026","52 mins ago","16 Jan, 2026 11AM - 8PM"
"2982",="26011543S063BK","CLL3REB115657966","","SPX Express","Rebisco Marketplace Laguna","Shopee Philippines (Rebisco Shopee)","15 Jan, 2026","52 mins ago","16 Jan, 2026 11AM - 8PM"
"2983",="26011543SN4DG3","CLL3MNE115657967","","SPX Express","Monde Nissin","Shopee Philippines (Monde Nissin Shopee)","15 Jan, 2026","51 mins ago","16 Jan, 2026 11AM - 8PM"
"2984",="582124173404046892","CLL3MNE115657969 $","","J&T Express","Monde Nissin","Tiktok Philippines (Monde Nissin Tiktok)","15 Jan, 2026","51 mins ago","16 Jan, 2026 11AM - 8PM"
"2985",="1064990862092555","CLL3MNE115657970 $","","LEX","Monde Nissin","Lazada Philippines (Monde Nissin Lazada)","15 Jan, 2026","51 mins ago","16 Jan, 2026 11AM - 8PM"
"2986",="1073346190140575","CLL3MNE115657971 $","","LEX","Monde Nissin","Lazada Philippines (Monde Nissin Lazada)","15 Jan, 2026","51 mins ago","16 Jan, 2026 11AM - 8PM"
"2987",="1073362303082539","CLL3MNE115657973 $","","LEX PH","Monde Nissin","Lazada Philippines (Monde Nissin Lazada)","15 Jan, 2026","51 mins ago","16 Jan, 2026 11AM - 8PM"
"2988",="1073356335942525","CLL3MNE115657974","","LEX PH","Monde Nissin","Lazada Philippines (Monde Nissin Lazada)","15 Jan, 2026","51 mins ago","16 Jan, 2026 11AM - 8PM"
"2989",="1064991653476161","CLL3MNE115657977","","LEX","Monde Nissin","Lazada Philippines (Monde Nissin Lazada)","15 Jan, 2026","51 mins ago","16 Jan, 2026 11AM - 8PM"
"2990",="1073349586992033","CLL3MNE115657979 $","","LEX","Monde Nissin","Lazada Philippines (Monde Nissin Lazada)","15 Jan, 2026","51 mins ago","16 Jan, 2026 11AM - 8PM"
"2991",="582124107150820840","CLL3MNE115657981 $","","J&T Express","Monde Nissin","Tiktok Philippines (Monde Nissin Tiktok)","15 Jan, 2026","51 mins ago","16 Jan, 2026 11AM - 8PM"
"2992",="260115435WV5YP","CLL3MNE115657982 $","","SPX Express","Monde Nissin","Shopee Philippines (Monde Nissin Shopee)","15 Jan, 2026","51 mins ago","16 Jan, 2026 11AM - 8PM"
"2993",="26011543QFHRUW","CLL3MNE115657983","","SPX Express","Monde Nissin","Shopee Philippines (Monde Nissin Shopee)","15 Jan, 2026","51 mins ago","16 Jan, 2026 11AM - 8PM"
"2994",="260115442246SP","CLL3REB115657989","","SPX Express","Rebisco Marketplace Laguna","Shopee Philippines (Rebisco Shopee)","15 Jan, 2026","51 mins ago","16 Jan, 2026 11AM - 8PM"
"2995",="26011543920XMN","CLL3LGM115657993 $","","SPX Express","LAGUNA MAIN COMPANY","Shopee Philippines (Mogu Mogu Shopee)","15 Jan, 2026","51 mins ago","16 Jan, 2026 11AM - 8PM"
"2996",="26011544205KAE","CLL3ARA115657994","","SPX Express","ARLA PH","Shopee Philippines (Arla Shopee)","15 Jan, 2026","51 mins ago","16 Jan, 2026 11AM - 8PM"
"2997",="260115439URYUH","CLL3MNE115657999 $","","J&T","Monde Nissin","Shopee Philippines (Monde Nissin Shopee)","15 Jan, 2026","51 mins ago","16 Jan, 2026 11AM - 8PM"
"2998",="2601154392VXNV","CLL3MNE115657995 $","","SPX Express","Monde Nissin","Shopee Philippines (Monde Nissin Shopee)","15 Jan, 2026","51 mins ago","16 Jan, 2026 11AM - 8PM"
"2999",="26011543RTEUHV","CLL3ARA115658001","","SPX Express","ARLA PH","Shopee Philippines (Arla Shopee)","15 Jan, 2026","51 mins ago","16 Jan, 2026 11AM - 8PM"
"3000",="260115438NJQ3J","CLL3MNE115658002 $","","SPX Express","Monde Nissin","Shopee Philippines (Monde Nissin Shopee)","15 Jan, 2026","51 mins ago","16 Jan, 2026 11AM - 8PM"
"3001",="26011543TW8Q8V","CLL3MNE115658007","","SPX Express","Monde Nissin","Shopee Philippines (Monde Nissin Shopee)","15 Jan, 2026","51 mins ago","16 Jan, 2026 11AM - 8PM"
"3002",="2601154363JPRP","CLL3ARA115658016 $","","SPX Express","ARLA PH","Shopee Philippines (Arla Shopee)","15 Jan, 2026","51 mins ago","16 Jan, 2026 11AM - 8PM"
"3003",="26011543UEE3JD","CLL3LGM115658017","","SPX Express","LAGUNA MAIN COMPANY","Shopee Philippines (Mc Cormick Shopee)","15 Jan, 2026","51 mins ago","16 Jan, 2026 11AM - 8PM"
"3004",="260115445C0NBS","CLL3MNE115658019","","SPX Express","Monde Nissin","Shopee Philippines (Monde Nissin Shopee)","15 Jan, 2026","51 mins ago","16 Jan, 2026 11AM - 8PM"
"3005",="26011543KT8DWH","CLL3LGM115658023 $","","SPX Express","LAGUNA MAIN COMPANY","Shopee Philippines (Mc Cormick Shopee)","15 Jan, 2026","51 mins ago","16 Jan, 2026 11AM - 8PM"
"3006",="26011543TW79QQ","CLL3MNE115658028","","SPX Express","Monde Nissin","Shopee Philippines (Monde Nissin Shopee)","15 Jan, 2026","51 mins ago","16 Jan, 2026 11AM - 8PM"
"3007",="582124143312143637","CLL3REB115658030 $","","J&T Express","Rebisco Marketplace Laguna","Tiktok Philippines (Rebisco Tiktok)","15 Jan, 2026","51 mins ago","16 Jan, 2026 11AM - 8PM"
"3008",="26011543D1T3NN","CLL3MNE115658035 $","","SPX Express","Monde Nissin","Shopee Philippines (Monde Nissin Shopee)","15 Jan, 2026","51 mins ago","16 Jan, 2026 11AM - 8PM"
"3009",="26011543E0955C","CLL3MNE115658036 $","","SPX Express","Monde Nissin","Shopee Philippines (Monde Nissin Shopee)","15 Jan, 2026","51 mins ago","16 Jan, 2026 11AM - 8PM"
"3010",="26011543B2T8B1","CLL3MNE115658037 $","","SPX Express","Monde Nissin","Shopee Philippines (Monde Nissin Shopee)","15 Jan, 2026","51 mins ago","16 Jan, 2026 11AM - 8PM"
"3011",="260115445W5SCD","CLL3ARA115658038","","SPX Express","ARLA PH","Shopee Philippines (Arla Shopee)","15 Jan, 2026","51 mins ago","16 Jan, 2026 11AM - 8PM"
"3012",="582124138534897550","CLL3TYB115658040 $","","J&T Express","Tiny buds","Tiktok Philippines (Tiny Buds Tiktok)","15 Jan, 2026","51 mins ago","16 Jan, 2026 11AM - 8PM"
"3013",="260115344AB2DU","CLL3REB115658041","","SPX Express","Rebisco Marketplace Laguna","Shopee Philippines (Rebisco Shopee)","15 Jan, 2026","51 mins ago","16 Jan, 2026 11AM - 8PM"
"3014",="26011543YXBNK6","CLL3ARA115658042","","SPX Express","ARLA PH","Shopee Philippines (Arla Shopee)","15 Jan, 2026","51 mins ago","16 Jan, 2026 11AM - 8PM"
"3015",="26011543E70745","CLL3REB115658043 $","","SPX Express","Rebisco Marketplace Laguna","Shopee Philippines (Rebisco Shopee)","15 Jan, 2026","51 mins ago","16 Jan, 2026 11AM - 8PM"
"3016",="26011543BXGA47","CLL3MNE115658044 $","","SPX Express","Monde Nissin","Shopee Philippines (Monde Nissin Shopee)","15 Jan, 2026","51 mins ago","16 Jan, 2026 11AM - 8PM"
"3017",="26011543E0955Q","CLL3ARA115658054 $","","SPX Express","ARLA PH","Shopee Philippines (Arla Shopee)","15 Jan, 2026","51 mins ago","16 Jan, 2026 11AM - 8PM"
"3018",="26011543XV2CFY","CLL3MNE115658056","","SPX Express","Monde Nissin","Shopee Philippines (Monde Nissin Shopee)","15 Jan, 2026","51 mins ago","16 Jan, 2026 11AM - 8PM"
"3019",="26011543VAYEF2","CLL3REB115658058","","SPX Express","Rebisco Marketplace Laguna","Shopee Philippines (Rebisco Shopee)","15 Jan, 2026","51 mins ago","16 Jan, 2026 11AM - 8PM"
"3020",="26011543C562R4","CLL3LGM115658062 $","","SPX Express","LAGUNA MAIN COMPANY","Shopee Philippines (Mentholatum Shopee)","15 Jan, 2026","51 mins ago","16 Jan, 2026 11AM - 8PM"
"3021",="26011543E090XB","CLL3MNE115658063 $","","SPX Express","Monde Nissin","Shopee Philippines (Monde Nissin Shopee)","15 Jan, 2026","51 mins ago","16 Jan, 2026 11AM - 8PM"
"3022",="2601154406045C","CLL3ARA115658067","","SPX Express","ARLA PH","Shopee Philippines (Arla Shopee)","15 Jan, 2026","51 mins ago","16 Jan, 2026 11AM - 8PM"
"3023",="26011543W8KSWU","CLL3MNE115658068","","SPX Express","Monde Nissin","Shopee Philippines (Monde Nissin Shopee)","15 Jan, 2026","51 mins ago","16 Jan, 2026 11AM - 8PM"
"3024",="26011543C390DU","CLL3MNE115658069 $","","SPX Express","Monde Nissin","Shopee Philippines (Monde Nissin Shopee)","15 Jan, 2026","51 mins ago","16 Jan, 2026 11AM - 8PM"
"3025",="582124128561170156","CLL3MNE115658076 $","","J&T Express","Monde Nissin","Tiktok Philippines (Monde Nissin Tiktok)","15 Jan, 2026","50 mins ago","16 Jan, 2026 11AM - 8PM"
"3026",="2601154443X0TA","CLL3REB115658080","","SPX Express","Rebisco Marketplace Laguna","Shopee Philippines (Rebisco Shopee)","15 Jan, 2026","50 mins ago","16 Jan, 2026 11AM - 8PM"
"3027",="260115442YPEBP","CLL3MNE115658083","","SPX Express","Monde Nissin","Shopee Philippines (Monde Nissin Shopee)","15 Jan, 2026","50 mins ago","16 Jan, 2026 11AM - 8PM"
"3028",="582124076913624611","CLL3TYB115658089 $","","J&T Express","Tiny buds","Tiktok Philippines (Tiny Buds Tiktok)","15 Jan, 2026","50 mins ago","16 Jan, 2026 11AM - 8PM"
"3029",="26011543HHQW7R","CLL3ARA115658091 $","","SPX Express","ARLA PH","Shopee Philippines (Arla Shopee)","15 Jan, 2026","50 mins ago","16 Jan, 2026 11AM - 8PM"
"3030",="260115440T33NT","CLL3MNE115658092","","SPX Express","Monde Nissin","Shopee Philippines (Monde Nissin Shopee)","15 Jan, 2026","50 mins ago","16 Jan, 2026 11AM - 8PM"
"3031",="260115441VDU12","CLL3REB115658093","","SPX Express","Rebisco Marketplace Laguna","Shopee Philippines (Rebisco Shopee)","15 Jan, 2026","50 mins ago","16 Jan, 2026 11AM - 8PM"
"3032",="26011543K5A23D","CLL3MNE115658097 $","","SPX Express","Monde Nissin","Shopee Philippines (Monde Nissin Shopee)","15 Jan, 2026","50 mins ago","16 Jan, 2026 11AM - 8PM"
"3033",="260115441Y9JAU","CLL3MNE115658099","","SPX Express","Monde Nissin","Shopee Philippines (Monde Nissin Shopee)","15 Jan, 2026","50 mins ago","16 Jan, 2026 11AM - 8PM"
"3034",="26011543J3V6S8","CLL3MNE115658100 $","","SPX Express","Monde Nissin","Shopee Philippines (Monde Nissin Shopee)","15 Jan, 2026","50 mins ago","16 Jan, 2026 11AM - 8PM"
"3035",="26011543FKRN0U","CLL3MNE115658101 $","","SPX Express","Monde Nissin","Shopee Philippines (Monde Nissin Shopee)","15 Jan, 2026","50 mins ago","16 Jan, 2026 11AM - 8PM"
"3036",="582124076500354157","CLL3TYB115658102 $","","J&T Express","Tiny buds","Tiktok Philippines (Tiny Buds Tiktok)","15 Jan, 2026","50 mins ago","16 Jan, 2026 11AM - 8PM"
"3037",="26011543GDHSDV","CLL3MNE115658104 $","","SPX Express","Monde Nissin","Shopee Philippines (Monde Nissin Shopee)","15 Jan, 2026","50 mins ago","16 Jan, 2026 11AM - 8PM"
"3038",="26011543Y2R7AQ","CLL3MNE115658106","","SPX Express","Monde Nissin","Shopee Philippines (Monde Nissin Shopee)","15 Jan, 2026","50 mins ago","16 Jan, 2026 11AM - 8PM"
"3039",="26011543GFFKR6","CLL3MNE115658107 $","","SPX Express","Monde Nissin","Shopee Philippines (Monde Nissin Shopee)","15 Jan, 2026","50 mins ago","16 Jan, 2026 11AM - 8PM"
"3040",="260115443B4AXX","CLL3MNE115658108","","SPX Express","Monde Nissin","Shopee Philippines (Monde Nissin Shopee)","15 Jan, 2026","50 mins ago","16 Jan, 2026 11AM - 8PM"
"3041",="26011543HHS67A","CLL3MNE115658109 $","","SPX Express","Monde Nissin","Shopee Philippines (Monde Nissin Shopee)","15 Jan, 2026","50 mins ago","16 Jan, 2026 11AM - 8PM"
"3042",="26011543M7JHKQ","CLL3MNE115658110 $","","SPX Express","Monde Nissin","Shopee Philippines (Monde Nissin Shopee)","15 Jan, 2026","50 mins ago","16 Jan, 2026 11AM - 8PM"
"3043",="26011543KX3KX1","CLL3MNE115658111 $","","SPX Express","Monde Nissin","Shopee Philippines (Monde Nissin Shopee)","15 Jan, 2026","50 mins ago","16 Jan, 2026 11AM - 8PM"
"3044",="26011543GR1DEG","CLL3MNE115658114 $","","SPX Express","Monde Nissin","Shopee Philippines (Monde Nissin Shopee)","15 Jan, 2026","50 mins ago","16 Jan, 2026 11AM - 8PM"
"3045",="26011543ET0W4N","CLL3MNE115658115 $","","SPX Express","Monde Nissin","Shopee Philippines (Monde Nissin Shopee)","15 Jan, 2026","50 mins ago","16 Jan, 2026 11AM - 8PM"
"3046",="582124070279874242","CLL3TYB115658116","","J&T Express","Tiny buds","Tiktok Philippines (Tiny Buds Tiktok)","15 Jan, 2026","50 mins ago","16 Jan, 2026 11AM - 8PM"
"3047",="260115442HB3ND","CLL3MNE115658118","","SPX Express","Monde Nissin","Shopee Philippines (Monde Nissin Shopee)","15 Jan, 2026","50 mins ago","16 Jan, 2026 11AM - 8PM"
"3048",="26011543F3J45H","CLL3MNE115658121 $","","SPX Express","Monde Nissin","Shopee Philippines (Monde Nissin Shopee)","15 Jan, 2026","50 mins ago","16 Jan, 2026 11AM - 8PM"
"3049",="582124141786989569","CLL3TYB115658122 $","","J&T Express","Tiny buds","Tiktok Philippines (Tiny Buds Tiktok)","15 Jan, 2026","50 mins ago","16 Jan, 2026 11AM - 8PM"
"3050",="26011544AJTXUQ","CLL3ARA115658125","","Other logistics provider","ARLA PH","Shopee Philippines (Arla Shopee)","15 Jan, 2026","50 mins ago","16 Jan, 2026 11AM - 8PM"
"3051",="26011543HEWT31","CLL3MNE115658123 $","","SPX Express","Monde Nissin","Shopee Philippines (Monde Nissin Shopee)","15 Jan, 2026","50 mins ago","16 Jan, 2026 11AM - 8PM"
"3052",="582124069745428218","CLL3TYB115658127 $","","J&T Express","Tiny buds","Tiktok Philippines (Tiny Buds Tiktok)","15 Jan, 2026","50 mins ago","16 Jan, 2026 11AM - 8PM"
"3053",="26011543RE14DV","CLL3MNE115658129 $","","SPX Express","Monde Nissin","Shopee Philippines (Monde Nissin Shopee)","15 Jan, 2026","50 mins ago","16 Jan, 2026 11AM - 8PM"
"3054",="26011543QXUJKM","CLL3MNE115658132 $","","SPX Express","Monde Nissin","Shopee Philippines (Monde Nissin Shopee)","15 Jan, 2026","50 mins ago","16 Jan, 2026 11AM - 8PM"
"3055",="582124080968992097","CLL3TYB115658134","","J&T Express","Tiny buds","Tiktok Philippines (Tiny Buds Tiktok)","15 Jan, 2026","50 mins ago","16 Jan, 2026 11AM - 8PM"
"3056",="582124076505073379","CLL3TYB115658135 $","","J&T Express","Tiny buds","Tiktok Philippines (Tiny Buds Tiktok)","15 Jan, 2026","50 mins ago","16 Jan, 2026 11AM - 8PM"
"3057",="26011543XNC55J","CLL3MNE115658136","","SPX Express","Monde Nissin","Shopee Philippines (Monde Nissin Shopee)","15 Jan, 2026","50 mins ago","16 Jan, 2026 11AM - 8PM"
"3058",="26011543U4TMAE","CLL3MNE115658140","","SPX Express","Monde Nissin","Shopee Philippines (Monde Nissin Shopee)","15 Jan, 2026","50 mins ago","16 Jan, 2026 11AM - 8PM"
"3059",="26011543N38H05","CLL3MNE115658142 $","","SPX Express","Monde Nissin","Shopee Philippines (Monde Nissin Shopee)","15 Jan, 2026","50 mins ago","16 Jan, 2026 11AM - 8PM"
"3060",="582124100297786736","CLL3TYB115658143 $","","J&T Express","Tiny buds","Tiktok Philippines (Tiny Buds Tiktok)","15 Jan, 2026","50 mins ago","16 Jan, 2026 11AM - 8PM"
"3061",="582124075657692544","CLL3TYB115658144 $","","J&T Express","Tiny buds","Tiktok Philippines (Tiny Buds Tiktok)","15 Jan, 2026","50 mins ago","16 Jan, 2026 11AM - 8PM"
"3062",="26011543N657P6","CLL3REB115658145 $","","SPX Express","Rebisco Marketplace Laguna","Shopee Philippines (Rebisco Shopee)","15 Jan, 2026","50 mins ago","16 Jan, 2026 11AM - 8PM"
"3063",="26011544ATH0UW","CLL3MNE115658150","","SPX Express","Monde Nissin","Shopee Philippines (Monde Nissin Shopee)","15 Jan, 2026","49 mins ago","16 Jan, 2026 11AM - 8PM"
"3064",="26011543RMQH92","CLL3MNE115658151 $","","SPX Express","Monde Nissin","Shopee Philippines (Monde Nissin Shopee)","15 Jan, 2026","49 mins ago","16 Jan, 2026 11AM - 8PM"
"3065",="582124024144233829","CLL3MNE115658154 $","","Flash Express Philippines","Monde Nissin","Tiktok Philippines (Monde Nissin Tiktok)","15 Jan, 2026","49 mins ago","16 Jan, 2026 11AM - 8PM"
"3066",="26011543NCU9HC","CLL3MNE115658157 $","","SPX Express","Monde Nissin","Shopee Philippines (Monde Nissin Shopee)","15 Jan, 2026","49 mins ago","16 Jan, 2026 11AM - 8PM"
"3067",="2601153YCXTW25","CLL3ARA115658158","","SPX Express","ARLA PH","Shopee Philippines (Arla Shopee)","15 Jan, 2026","49 mins ago","16 Jan, 2026 11AM - 8PM"
"3068",="26011543TKQ2Q2","CLL3MNE115658159 $","","SPX Express","Monde Nissin","Shopee Philippines (Monde Nissin Shopee)","15 Jan, 2026","49 mins ago","16 Jan, 2026 11AM - 8PM"
"3069",="26011543SEGF98","CLL3MNE115658160 $","","SPX Express","Monde Nissin","Shopee Philippines (Monde Nissin Shopee)","15 Jan, 2026","49 mins ago","16 Jan, 2026 11AM - 8PM"
"3070",="26011543RGX74B","CLL3REB115658161 $","","SPX Express","Rebisco Marketplace Laguna","Shopee Philippines (Rebisco Shopee)","15 Jan, 2026","49 mins ago","16 Jan, 2026 11AM - 8PM"
"3071",="582124150223701432","CLL3TYB115658163 $","","J&T Express","Tiny buds","Tiktok Philippines (Tiny Buds Tiktok)","15 Jan, 2026","49 mins ago","16 Jan, 2026 11AM - 8PM"
"3072",="26011543TE08X1","CLL3MNE115658166 $","","SPX Express","Monde Nissin","Shopee Philippines (Monde Nissin Shopee)","15 Jan, 2026","48 mins ago","16 Jan, 2026 11AM - 8PM"
"3073",="26011543U11N9R","CLL3REB115658168 $","","SPX Express","Rebisco Marketplace Laguna","Shopee Philippines (Rebisco Shopee)","15 Jan, 2026","48 mins ago","16 Jan, 2026 11AM - 8PM"
"3074",="26011543NHH017","CLL3REB115658178 $","","SPX Express","Rebisco Marketplace Laguna","Shopee Philippines (Rebisco Shopee)","15 Jan, 2026","48 mins ago","16 Jan, 2026 11AM - 8PM"
"3075",="26011543PNRP9R","CLL3LGM115658180 $","","SPX Express","LAGUNA MAIN COMPANY","Shopee Philippines (Mc Cormick Shopee)","15 Jan, 2026","48 mins ago","16 Jan, 2026 11AM - 8PM"
"3076",="26011543QCPRHM","CLL3MNE115658181 $","","J&T","Monde Nissin","Shopee Philippines (Monde Nissin Shopee)","15 Jan, 2026","48 mins ago","16 Jan, 2026 11AM - 8PM"
"3077",="26011543P3PXEU","CLL3MNE115658183 $","","SPX Express","Monde Nissin","Shopee Philippines (Monde Nissin Shopee)","15 Jan, 2026","48 mins ago","16 Jan, 2026 11AM - 8PM"
"3078",="26011543W4Q19M","CLL3MNE115658188 $","","SPX Express","Monde Nissin","Shopee Philippines (Monde Nissin Shopee)","15 Jan, 2026","48 mins ago","16 Jan, 2026 11AM - 8PM"
"3079",="582124214773319614","CLL3MNE115658187","","J&T Express","Monde Nissin","Tiktok Philippines (Monde Nissin Tiktok)","15 Jan, 2026","48 mins ago","16 Jan, 2026 11AM - 8PM"
"3080",="26011543W9J6EW","CLL3MNE115658200 $","","SPX Express","Monde Nissin","Shopee Philippines (Monde Nissin Shopee)","15 Jan, 2026","47 mins ago","16 Jan, 2026 11AM - 8PM"
"3081",="26011543W4R3QC","CLL3MNE115658199 $","","SPX Express","Monde Nissin","Shopee Philippines (Monde Nissin Shopee)","15 Jan, 2026","47 mins ago","16 Jan, 2026 11AM - 8PM"
"3082",="26011543W8KD8K","CLL3MNE115658207 $","","SPX Express","Monde Nissin","Shopee Philippines (Monde Nissin Shopee)","15 Jan, 2026","47 mins ago","16 Jan, 2026 11AM - 8PM"
"3083",="26011543W7M0B1","CLL3MNE115658208 $","","SPX Express","Monde Nissin","Shopee Philippines (Monde Nissin Shopee)","15 Jan, 2026","47 mins ago","16 Jan, 2026 11AM - 8PM"
"3084",="26011544EX22CM","CLL3REB115658210","","SPX Express","Rebisco Marketplace Laguna","Shopee Philippines (Rebisco Shopee)","15 Jan, 2026","47 mins ago","16 Jan, 2026 11AM - 8PM"
"3085",="26011543URW400","CLL3REB115658213 $","","SPX Express","Rebisco Marketplace Laguna","Shopee Philippines (Rebisco Shopee)","15 Jan, 2026","46 mins ago","16 Jan, 2026 11AM - 8PM"
"3086",="26011543U1XVTQ","CLL3REB115658215 $","","SPX Express","Rebisco Marketplace Laguna","Shopee Philippines (Rebisco Shopee)","15 Jan, 2026","46 mins ago","16 Jan, 2026 11AM - 8PM"
"3087",="26011544HD94SQ","CLL3MNE115658217","","J&T Cargo","Monde Nissin","Shopee Philippines (Monde Nissin Shopee)","15 Jan, 2026","46 mins ago","16 Jan, 2026 11AM - 8PM"
"3088",="26011543XR8YDQ","CLL3MNE115658223 $","","SPX Express","Monde Nissin","Shopee Philippines (Monde Nissin Shopee)","15 Jan, 2026","46 mins ago","16 Jan, 2026 11AM - 8PM"
"3089",="26011543UJ5DB8","CLL3MNE115658227 $","","SPX Express","Monde Nissin","Shopee Philippines (Monde Nissin Shopee)","15 Jan, 2026","46 mins ago","16 Jan, 2026 11AM - 8PM"
"3090",="2601154484MBPX","CLL3REB115658232","","SPX Express","Rebisco Marketplace Laguna","Shopee Philippines (Rebisco Shopee)","15 Jan, 2026","46 mins ago","16 Jan, 2026 11AM - 8PM"
"3091",="26011543VB0HKR","CLL3MNE115658240 $","","SPX Express","Monde Nissin","Shopee Philippines (Monde Nissin Shopee)","15 Jan, 2026","46 mins ago","16 Jan, 2026 11AM - 8PM"
"3092",="26011543UXKRDN","CLL3LGM115658244 $","","SPX Express","LAGUNA MAIN COMPANY","Shopee Philippines (Mc Cormick Shopee)","15 Jan, 2026","46 mins ago","16 Jan, 2026 11AM - 8PM"
"3093",="26011544D9N5NY","CLL3MNE115658246","","J&T Cargo","Monde Nissin","Shopee Philippines (Monde Nissin Shopee)","15 Jan, 2026","46 mins ago","16 Jan, 2026 11AM - 8PM"
"3094",="26011543UFC44G","CLL3MNE115658247 $","","SPX Express","Monde Nissin","Shopee Philippines (Monde Nissin Shopee)","15 Jan, 2026","46 mins ago","16 Jan, 2026 11AM - 8PM"
"3095",="26011543U5S6KJ","CLL3MNE115658248 $","","SPX Express","Monde Nissin","Shopee Philippines (Monde Nissin Shopee)","15 Jan, 2026","45 mins ago","16 Jan, 2026 11AM - 8PM"
"3096",="1073354781209000","CLL3ARA115658267 $","","LEX PH","ARLA PH","Lazada Philippines (Arla Lazada)","15 Jan, 2026","44 mins ago","16 Jan, 2026 11AM - 8PM"
"3097",="1064987679524934","CLL3ARA115658269","","LEX PH","ARLA PH","Lazada Philippines (Arla Lazada)","15 Jan, 2026","44 mins ago","16 Jan, 2026 11AM - 8PM"
"3098",="2601154424XTYQ","CLL3MNE115658271 $","","SPX Express","Monde Nissin","Shopee Philippines (Monde Nissin Shopee)","15 Jan, 2026","44 mins ago","16 Jan, 2026 11AM - 8PM"
"3099",="260115443Y5WT0","CLL3MNE115658275 $","","SPX Express","Monde Nissin","Shopee Philippines (Monde Nissin Shopee)","15 Jan, 2026","44 mins ago","16 Jan, 2026 11AM - 8PM"
"3100",="1064989487008506","CLL3REB115658277 $","","LEX PH","Rebisco Marketplace Laguna","Lazada Philippines (Rebisco Lazada)","15 Jan, 2026","44 mins ago","16 Jan, 2026 11AM - 8PM"
"3101",="1073366307416265","CLL3REB115658278","","LEX PH","Rebisco Marketplace Laguna","Lazada Philippines (Rebisco Lazada)","15 Jan, 2026","44 mins ago","16 Jan, 2026 11AM - 8PM"
"3102",="26011544M9S5G8","CLL3LGM115658280","","SPX Express","LAGUNA MAIN COMPANY","Shopee Philippines (Mentholatum Shopee)","15 Jan, 2026","43 mins ago","16 Jan, 2026 11AM - 8PM"
"3103",="260115442P5J83","CLL3MNE115658281 $","","SPX Express","Monde Nissin","Shopee Philippines (Monde Nissin Shopee)","15 Jan, 2026","43 mins ago","16 Jan, 2026 11AM - 8PM"
"3104",="1064986694893332","CLL3MNE115658282 $","","LEX","Monde Nissin","Lazada Philippines (Monde Nissin Lazada)","15 Jan, 2026","43 mins ago","16 Jan, 2026 11AM - 8PM"
"3105",="1073352974952382","CLL3MNE115658283 $","","LEX PH","Monde Nissin","Lazada Philippines (Monde Nissin Lazada)","15 Jan, 2026","43 mins ago","16 Jan, 2026 11AM - 8PM"
"3106",="26011544JMCCW0","CLL3LGM115658284","","SPX Express","LAGUNA MAIN COMPANY","Shopee Philippines (Mogu Mogu Shopee)","15 Jan, 2026","43 mins ago","16 Jan, 2026 11AM - 8PM"
"3107",="26011544K3K29P","CLL3LGM115658288","","SPX Express","LAGUNA MAIN COMPANY","Shopee Philippines (Mentholatum Shopee)","15 Jan, 2026","43 mins ago","16 Jan, 2026 11AM - 8PM"
"3108",="260115440GFPYY","CLL3MNE115658299 $","","SPX Express","Monde Nissin","Shopee Philippines (Monde Nissin Shopee)","15 Jan, 2026","43 mins ago","16 Jan, 2026 11AM - 8PM"
"3109",="2601154448P7NK","CLL3MNE115658301 $","","SPX Express","Monde Nissin","Shopee Philippines (Monde Nissin Shopee)","15 Jan, 2026","43 mins ago","16 Jan, 2026 11AM - 8PM"
"3110",="26011544J0BMEB","CLL3LGM115658304","","SPX Express","LAGUNA MAIN COMPANY","Shopee Philippines (Mc Cormick Shopee)","15 Jan, 2026","43 mins ago","16 Jan, 2026 11AM - 8PM"
"3111",="26011544JKDG6S","CLL3MNE115658307","","SPX Express","Monde Nissin","Shopee Philippines (Monde Nissin Shopee)","15 Jan, 2026","43 mins ago","16 Jan, 2026 11AM - 8PM"
"3112",="2601142JUNEHH4","CLL3REB115658309","","SPX Express","Rebisco Marketplace Laguna","Shopee Philippines (Rebisco Shopee)","15 Jan, 2026","43 mins ago","16 Jan, 2026 11AM - 8PM"
"3113",="26011544K8B85H","CLL3MNE115658310","","SPX Express","Monde Nissin","Shopee Philippines (Monde Nissin Shopee)","15 Jan, 2026","43 mins ago","16 Jan, 2026 11AM - 8PM"
"3114",="26011544KQKPCQ","CLL3REB115658311","","SPX Express","Rebisco Marketplace Laguna","Shopee Philippines (Rebisco Shopee)","15 Jan, 2026","43 mins ago","16 Jan, 2026 11AM - 8PM"
"3115",="26011544KKUC60","CLL3MNE115658324","","SPX Express","Monde Nissin","Shopee Philippines (Monde Nissin Shopee)","15 Jan, 2026","42 mins ago","16 Jan, 2026 11AM - 8PM"
"3116",="26011544594MT1","CLL3MNE115658325 $","","SPX Express","Monde Nissin","Shopee Philippines (Monde Nissin Shopee)","15 Jan, 2026","42 mins ago","16 Jan, 2026 11AM - 8PM"
"3117",="26011542CP3MVH","CLL3MNE115658326","","SPX Express","Monde Nissin","Shopee Philippines (Monde Nissin Shopee)","15 Jan, 2026","42 mins ago","16 Jan, 2026 11AM - 8PM"
"3118",="260115442GETXV","CLL3MNE115658328 $","","SPX Express","Monde Nissin","Shopee Philippines (Monde Nissin Shopee)","15 Jan, 2026","42 mins ago","16 Jan, 2026 11AM - 8PM"
"3119",="26011544K4K5VC","CLL3MNE115658329","","SPX Express","Monde Nissin","Shopee Philippines (Monde Nissin Shopee)","15 Jan, 2026","42 mins ago","16 Jan, 2026 11AM - 8PM"
"3120",="260115440VX022","CLL3LGM115658330 $","","SPX Express","LAGUNA MAIN COMPANY","Shopee Philippines (Mc Cormick Shopee)","15 Jan, 2026","42 mins ago","16 Jan, 2026 11AM - 8PM"
"3121",="2601154413MNDU","CLL3MNE115658334 $","","SPX Express","Monde Nissin","Shopee Philippines (Monde Nissin Shopee)","15 Jan, 2026","42 mins ago","16 Jan, 2026 11AM - 8PM"
"3122",="26011544PH938F","CLL3REB115658338","","SPX Express","Rebisco Marketplace Laguna","Shopee Philippines (Rebisco Shopee)","15 Jan, 2026","42 mins ago","16 Jan, 2026 11AM - 8PM"
"3123",="26011544Q680SA","CLL3MNE115658339","","SPX Express","Monde Nissin","Shopee Philippines (Monde Nissin Shopee)","15 Jan, 2026","42 mins ago","16 Jan, 2026 11AM - 8PM"
"3124",="2601154427UTTD","CLL3ARA115658348 $","","SPX Express","ARLA PH","Shopee Philippines (Arla Shopee)","15 Jan, 2026","42 mins ago","16 Jan, 2026 11AM - 8PM"
"3125",="260115448NSRXY","CLL3REB115658359 $","","SPX Express","Rebisco Marketplace Laguna","Shopee Philippines (Rebisco Shopee)","15 Jan, 2026","41 mins ago","16 Jan, 2026 11AM - 8PM"
"3126",="2601154464STF2","CLL3REB115658361 $","","SPX Express","Rebisco Marketplace Laguna","Shopee Philippines (Rebisco Shopee)","15 Jan, 2026","40 mins ago","16 Jan, 2026 11AM - 8PM"
"3127",="26011544QCY6NK","CLL3MNE115658363","","SPX Express","Monde Nissin","Shopee Philippines (Monde Nissin Shopee)","15 Jan, 2026","40 mins ago","16 Jan, 2026 11AM - 8PM"
"3128",="260115448MU8GF","CLL3MNE115658365 $","","SPX Express","Monde Nissin","Shopee Philippines (Monde Nissin Shopee)","15 Jan, 2026","40 mins ago","16 Jan, 2026 11AM - 8PM"
"3129",="26011544SQC6VS","CLL3MNE115658366","","SPX Express","Monde Nissin","Shopee Philippines (Monde Nissin Shopee)","15 Jan, 2026","40 mins ago","16 Jan, 2026 11AM - 8PM"
"3130",="260115445YY1XR","CLL3ARA115658368 $","","SPX Express","ARLA PH","Shopee Philippines (Arla Shopee)","15 Jan, 2026","40 mins ago","16 Jan, 2026 11AM - 8PM"
"3131",="26011544A5HSD0","CLL3REB115658371 $","","SPX Express","Rebisco Marketplace Laguna","Shopee Philippines (Rebisco Shopee)","15 Jan, 2026","40 mins ago","16 Jan, 2026 11AM - 8PM"
"3132",="26011544A99GTJ","CLL3REB115658373 $","","SPX Express","Rebisco Marketplace Laguna","Shopee Philippines (Rebisco Shopee)","15 Jan, 2026","40 mins ago","16 Jan, 2026 11AM - 8PM"
"3133",="260115449XU61E","CLL3MNE115658374 $","","SPX Express","Monde Nissin","Shopee Philippines (Monde Nissin Shopee)","15 Jan, 2026","40 mins ago","16 Jan, 2026 11AM - 8PM"
"3134",="582124206032127297","CLL3TYB115658375","","J&T Express","Tiny buds","Tiktok Philippines (Tiny Buds Tiktok)","15 Jan, 2026","40 mins ago","16 Jan, 2026 11AM - 8PM"
"3135",="582124239436089205","CLL3TYB115658376 $","","J&T Express","Tiny buds","Tiktok Philippines (Tiny Buds Tiktok)","15 Jan, 2026","40 mins ago","16 Jan, 2026 11AM - 8PM"
"3136",="26011544XEXJVY","CLL3REB115658380","","Shopee Express","Rebisco Marketplace Laguna","Shopee Philippines (Rebisco Shopee)","15 Jan, 2026","40 mins ago","16 Jan, 2026 11AM - 8PM"
"3137",="582124238925170657","CLL3TYB115658383","","J&T Express","Tiny buds","Tiktok Philippines (Tiny Buds Tiktok)","15 Jan, 2026","40 mins ago","16 Jan, 2026 11AM - 8PM"
"3138",="582124095907136768","CLL3TYB115658395 $","","J&T Express","Tiny buds","Tiktok Philippines (Tiny Buds Tiktok)","15 Jan, 2026","40 mins ago","16 Jan, 2026 11AM - 8PM"
"3139",="260115449WUQMJ","CLL3MNE115658396 $","","SPX Express","Monde Nissin","Shopee Philippines (Monde Nissin Shopee)","15 Jan, 2026","40 mins ago","16 Jan, 2026 11AM - 8PM"
"3140",="26011544936VK1","CLL3MNE115658399 $","","SPX Express","Monde Nissin","Shopee Philippines (Monde Nissin Shopee)","15 Jan, 2026","39 mins ago","16 Jan, 2026 11AM - 8PM"
"3141",="26011544TG3KYM","CLL3REB115658400","","SPX Express","Rebisco Marketplace Laguna","Shopee Philippines (Rebisco Shopee)","15 Jan, 2026","39 mins ago","16 Jan, 2026 11AM - 8PM"
"3142",="26011544952G36","CLL3MNE115658403 $","","SPX Express","Monde Nissin","Shopee Philippines (Monde Nissin Shopee)","15 Jan, 2026","39 mins ago","16 Jan, 2026 11AM - 8PM"
"3143",="582124128014534098","CLL3TYB115658410 $","","J&T Express","Tiny buds","Tiktok Philippines (Tiny Buds Tiktok)","15 Jan, 2026","39 mins ago","16 Jan, 2026 11AM - 8PM"
"3144",="26011544R8KP9U","CLL3REB115658409","","SPX Express","Rebisco Marketplace Laguna","Shopee Philippines (Rebisco Shopee)","15 Jan, 2026","39 mins ago","16 Jan, 2026 11AM - 8PM"
"3145",="26011544M178AP","CLL3MNE115658414","","SPX Express","Monde Nissin","Shopee Philippines (Monde Nissin Shopee)","15 Jan, 2026","39 mins ago","16 Jan, 2026 11AM - 8PM"
"3146",="26011544N4FKDW","CLL3REB115658418","","SPX Express","Rebisco Marketplace Laguna","Shopee Philippines (Rebisco Shopee)","15 Jan, 2026","39 mins ago","16 Jan, 2026 11AM - 8PM"
"3147",="582124241245210520","CLL3MNE115658427 $","","J&T Express","Monde Nissin","Tiktok Philippines (Monde Nissin Tiktok)","15 Jan, 2026","38 mins ago","16 Jan, 2026 11AM - 8PM"
"3148",="582124210159191405","CLL3MNE115658428 $","","Flash Express Philippines","Monde Nissin","Tiktok Philippines (Monde Nissin Tiktok)","15 Jan, 2026","38 mins ago","16 Jan, 2026 11AM - 8PM"
"3149",="26011544JQ61NY","CLL3MNE115658433","","SPX Express","Monde Nissin","Shopee Philippines (Monde Nissin Shopee)","15 Jan, 2026","38 mins ago","16 Jan, 2026 11AM - 8PM"
"3150",="582124113759339699","CLL3MNE115658437","","J&T Express","Monde Nissin","Tiktok Philippines (Monde Nissin Tiktok)","15 Jan, 2026","38 mins ago","16 Jan, 2026 11AM - 8PM"
"3151",="26011544Y30M93","CLL3REB115658438","","SPX Express","Rebisco Marketplace Laguna","Shopee Philippines (Rebisco Shopee)","15 Jan, 2026","38 mins ago","16 Jan, 2026 11AM - 8PM"
"3152",="582124098904622764","CLL3TYB115658439","","J&T Express","Tiny buds","Tiktok Philippines (Tiny Buds Tiktok)","15 Jan, 2026","38 mins ago","16 Jan, 2026 11AM - 8PM"
"3153",="582124127472354490","CLL3TYB115658440 $","","J&T Express","Tiny buds","Tiktok Philippines (Tiny Buds Tiktok)","15 Jan, 2026","38 mins ago","16 Jan, 2026 11AM - 8PM"
"3154",="26011544DWMA11","CLL3MNE115658441 $","","SPX Express","Monde Nissin","Shopee Philippines (Monde Nissin Shopee)","15 Jan, 2026","38 mins ago","16 Jan, 2026 11AM - 8PM"
"3155",="26011544ST4V79","CLL3MNE115658442","","SPX Express","Monde Nissin","Shopee Philippines (Monde Nissin Shopee)","15 Jan, 2026","38 mins ago","16 Jan, 2026 11AM - 8PM"
"3156",="26011544YVQJXT","CLL3ARA115658444","","SPX Express","ARLA PH","Shopee Philippines (Arla Shopee)","15 Jan, 2026","38 mins ago","16 Jan, 2026 11AM - 8PM"
"3157",="582124219557905687","CLL3TYB115658446 $","","J&T Express","Tiny buds","Tiktok Philippines (Tiny Buds Tiktok)","15 Jan, 2026","38 mins ago","16 Jan, 2026 11AM - 8PM"
"3158",="582124111213200882","CLL3TYB115658445","","J&T Express","Tiny buds","Tiktok Philippines (Tiny Buds Tiktok)","15 Jan, 2026","38 mins ago","16 Jan, 2026 11AM - 8PM"
"3159",="582124238043056120","CLL3REB115658447 $","","J&T Express","Rebisco Marketplace Laguna","Tiktok Philippines (Rebisco Tiktok)","15 Jan, 2026","38 mins ago","16 Jan, 2026 11AM - 8PM"
"3160",="582124111015020534","CLL3TYB115658452 $","","J&T Express","Tiny buds","Tiktok Philippines (Tiny Buds Tiktok)","15 Jan, 2026","38 mins ago","16 Jan, 2026 11AM - 8PM"
"3161",="582124125757409100","CLL3TYB115658454 $","","J&T Express","Tiny buds","Tiktok Philippines (Tiny Buds Tiktok)","15 Jan, 2026","38 mins ago","16 Jan, 2026 11AM - 8PM"
"3162",="26011544Y6RNA2","CLL3MNE115658457","","SPX Express","Monde Nissin","Shopee Philippines (Monde Nissin Shopee)","15 Jan, 2026","38 mins ago","16 Jan, 2026 11AM - 8PM"
"3163",="582124279263299085","CLL3TYB115658458 $","","J&T Express","Tiny buds","Tiktok Philippines (Tiny Buds Tiktok)","15 Jan, 2026","38 mins ago","16 Jan, 2026 11AM - 8PM"
"3164",="26011544DTSH0D","CLL3MNE115658460 $","","SPX Express","Monde Nissin","Shopee Philippines (Monde Nissin Shopee)","15 Jan, 2026","37 mins ago","16 Jan, 2026 11AM - 8PM"
"3165",="582124168441137059","CLL3TYB115658461 $","","Flash Express Philippines","Tiny buds","Tiktok Philippines (Tiny Buds Tiktok)","15 Jan, 2026","37 mins ago","16 Jan, 2026 11AM - 8PM"
"3166",="26011544B9Q8NJ","CLL3LGM115658463 $","","SPX Express","LAGUNA MAIN COMPANY","Shopee Philippines (Mentholatum Shopee)","15 Jan, 2026","37 mins ago","16 Jan, 2026 11AM - 8PM"
"3167",="582124149566833943","CLL3TYB115658465 $","","J&T Express","Tiny buds","Tiktok Philippines (Tiny Buds Tiktok)","15 Jan, 2026","37 mins ago","16 Jan, 2026 11AM - 8PM"
"3168",="582124166470468777","CLL3TYB115658467 $","","Ninja Van Philippines","Tiny buds","Tiktok Philippines (Tiny Buds Tiktok)","15 Jan, 2026","37 mins ago","16 Jan, 2026 11AM - 8PM"
"3169",="582124191316018444","CLL3TYB115658469","","J&T Express","Tiny buds","Tiktok Philippines (Tiny Buds Tiktok)","15 Jan, 2026","37 mins ago","16 Jan, 2026 11AM - 8PM"
"3170",="26011544EU6GF8","CLL3MNE115658473 $","","SPX Express","Monde Nissin","Shopee Philippines (Monde Nissin Shopee)","15 Jan, 2026","37 mins ago","16 Jan, 2026 11AM - 8PM"
"3171",="26011544XHT54F","CLL3MNE115658475","","SPX Express","Monde Nissin","Shopee Philippines (Monde Nissin Shopee)","15 Jan, 2026","37 mins ago","16 Jan, 2026 11AM - 8PM"
"3172",="26011544BAP9UK","CLL3LGM115658476 $","","SPX Express","LAGUNA MAIN COMPANY","Shopee Philippines (Mc Cormick Shopee)","15 Jan, 2026","37 mins ago","16 Jan, 2026 11AM - 8PM"
"3173",="582124189090284793","CLL3TYB115658480","","J&T Express","Tiny buds","Tiktok Philippines (Tiny Buds Tiktok)","15 Jan, 2026","37 mins ago","16 Jan, 2026 11AM - 8PM"
"3174",="26011544WSY43P","CLL3MNE115658485","","SPX Express","Monde Nissin","Shopee Philippines (Monde Nissin Shopee)","15 Jan, 2026","37 mins ago","16 Jan, 2026 11AM - 8PM"
"3175",="582124146315068926","CLL3MNE115658489 $","","J&T Express","Monde Nissin","Tiktok Philippines (Monde Nissin Tiktok)","15 Jan, 2026","37 mins ago","16 Jan, 2026 11AM - 8PM"
"3176",="582124209864213622","CLL3TYB115658490 $","","J&T Express","Tiny buds","Tiktok Philippines (Tiny Buds Tiktok)","15 Jan, 2026","37 mins ago","16 Jan, 2026 11AM - 8PM"
"3177",="260115450EV3DV","CLL3ARA115658491","","SPX Express","ARLA PH","Shopee Philippines (Arla Shopee)","15 Jan, 2026","37 mins ago","16 Jan, 2026 11AM - 8PM"
"3178",="582124133242472150","CLL3TYB115658495 $","","J&T Express","Tiny buds","Tiktok Philippines (Tiny Buds Tiktok)","15 Jan, 2026","37 mins ago","16 Jan, 2026 11AM - 8PM"
"3179",="26011544B7SPV1","CLL3MNE115658498 $","","SPX Express","Monde Nissin","Shopee Philippines (Monde Nissin Shopee)","15 Jan, 2026","37 mins ago","16 Jan, 2026 11AM - 8PM"
"3180",="26011544FM2RMU","CLL3MNE115658499 $","","SPX Express","Monde Nissin","Shopee Philippines (Monde Nissin Shopee)","15 Jan, 2026","37 mins ago","16 Jan, 2026 11AM - 8PM"
"3181",="26011544YSTTMN","CLL3MNE115658501","","SPX Express","Monde Nissin","Shopee Philippines (Monde Nissin Shopee)","15 Jan, 2026","37 mins ago","16 Jan, 2026 11AM - 8PM"
"3182",="26011544CY4ATB","CLL3MNE115658502 $","","SPX Express","Monde Nissin","Shopee Philippines (Monde Nissin Shopee)","15 Jan, 2026","37 mins ago","16 Jan, 2026 11AM - 8PM"
"3183",="26011544X0MB2M","CLL3MNE115658503","","SPX Express","Monde Nissin","Shopee Philippines (Monde Nissin Shopee)","15 Jan, 2026","37 mins ago","16 Jan, 2026 11AM - 8PM"
"3184",="582124268455298986","CLL3GNC115658505","","J&T Express","Green Cross","Tiktok Philippines (Greencross Tiktok)","15 Jan, 2026","37 mins ago","16 Jan, 2026 11AM - 8PM"
"3185",="582124262769919040","CLL3GNC115658506 $","","J&T Express","Green Cross","Tiktok Philippines (Greencross Tiktok)","15 Jan, 2026","37 mins ago","16 Jan, 2026 11AM - 8PM"
"3186",="582124266501015543","CLL3GNC115658507 $","","J&T Express","Green Cross","Tiktok Philippines (Greencross Tiktok)","15 Jan, 2026","37 mins ago","16 Jan, 2026 11AM - 8PM"
"3187",="2601154516PGY0","CLL3ARA115658509","","SPX Express","ARLA PH","Shopee Philippines (Arla Shopee)","15 Jan, 2026","37 mins ago","16 Jan, 2026 11AM - 8PM"
"3188",="582124239350499057","CLL3ARA115658510 $","","J&T Express","ARLA PH","Tiktok Philippines (Arla Tiktok)","15 Jan, 2026","37 mins ago","16 Jan, 2026 11AM - 8PM"
"3189",="26011544XGWHEU","CLL3MNE115658514","","SPX Express","Monde Nissin","Shopee Philippines (Monde Nissin Shopee)","15 Jan, 2026","36 mins ago","16 Jan, 2026 11AM - 8PM"
"3190",="26011544BEHE61","CLL3MNE115658516 $","","SPX Express","Monde Nissin","Shopee Philippines (Monde Nissin Shopee)","15 Jan, 2026","36 mins ago","16 Jan, 2026 11AM - 8PM"
"3191",="26011544BR24XD","CLL3REB115658519 $","","SPX Express","Rebisco Marketplace Laguna","Shopee Philippines (Rebisco Shopee)","15 Jan, 2026","36 mins ago","16 Jan, 2026 11AM - 8PM"
"3192",="26011544WYQ291","CLL3MNE115658521","","SPX Express","Monde Nissin","Shopee Philippines (Monde Nissin Shopee)","15 Jan, 2026","36 mins ago","16 Jan, 2026 11AM - 8PM"
"3193",="26011544WAPG07","CLL3REB115658522","","SPX Express","Rebisco Marketplace Laguna","Shopee Philippines (Rebisco Shopee)","15 Jan, 2026","36 mins ago","16 Jan, 2026 11AM - 8PM"
"3194",="582124237083805628","CLL3REB115658526 $","","Flash Express Philippines","Rebisco Marketplace Laguna","Tiktok Philippines (Rebisco Tiktok)","15 Jan, 2026","36 mins ago","16 Jan, 2026 11AM - 8PM"
"3195",="582124160189564537","CLL3TYB115658527","","J&T Express","Tiny buds","Tiktok Philippines (Tiny Buds Tiktok)","15 Jan, 2026","36 mins ago","16 Jan, 2026 11AM - 8PM"
"3196",="1073368107730284","CLL3REB115658528","","LEX PH","Rebisco Marketplace Laguna","Lazada Philippines (Rebisco Lazada)","15 Jan, 2026","36 mins ago","16 Jan, 2026 11AM - 8PM"
"3197",="582124192166020673","CLL3TYB115658529 $","","J&T Express","Tiny buds","Tiktok Philippines (Tiny Buds Tiktok)","15 Jan, 2026","36 mins ago","16 Jan, 2026 11AM - 8PM"
"3198",="2601154551PP8P","CLL3MNE115658530","","Shopee Express","Monde Nissin","Shopee Philippines (Monde Nissin Shopee)","15 Jan, 2026","36 mins ago","16 Jan, 2026 11AM - 8PM"
"3199",="26011544WWTCMQ","CLL3REB115658531","","SPX Express","Rebisco Marketplace Laguna","Shopee Philippines (Rebisco Shopee)","15 Jan, 2026","36 mins ago","16 Jan, 2026 11AM - 8PM"
"3200",="582124284992194354","CLL3REB115658532 $","","J&T Express","Rebisco Marketplace Laguna","Tiktok Philippines (Rebisco Tiktok)","15 Jan, 2026","36 mins ago","16 Jan, 2026 11AM - 8PM"
"3201",="582124223710660495","CLL3MNE115658534","","J&T Express","Monde Nissin","Tiktok Philippines (Monde Nissin Tiktok)","15 Jan, 2026","36 mins ago","16 Jan, 2026 11AM - 8PM"
"3202",="582124290242151561","CLL3MNE115658536 $","","J&T Express","Monde Nissin","Tiktok Philippines (Monde Nissin Tiktok)","15 Jan, 2026","36 mins ago","16 Jan, 2026 11AM - 8PM"
"3203",="26011544FM2EBS","CLL3MNE115658537 $","","SPX Express","Monde Nissin","Shopee Philippines (Monde Nissin Shopee)","15 Jan, 2026","36 mins ago","16 Jan, 2026 11AM - 8PM"
"3204",="26011544D4TURW","CLL3ARA115658539 $","","SPX Express","ARLA PH","Shopee Philippines (Arla Shopee)","15 Jan, 2026","36 mins ago","16 Jan, 2026 11AM - 8PM"
"3205",="26011544G48K54","CLL3MNE115658540 $","","SPX Express","Monde Nissin","Shopee Philippines (Monde Nissin Shopee)","15 Jan, 2026","36 mins ago","16 Jan, 2026 11AM - 8PM"
"3206",="582124212372473402","CLL3REB115658541","","J&T Express","Rebisco Marketplace Laguna","Tiktok Philippines (Rebisco Tiktok)","15 Jan, 2026","36 mins ago","16 Jan, 2026 11AM - 8PM"
"3207",="582124174352877513","CLL3TYB115658543","","J&T Express","Tiny buds","Tiktok Philippines (Tiny Buds Tiktok)","15 Jan, 2026","36 mins ago","16 Jan, 2026 11AM - 8PM"
"3208",="26011544X2JJDC","CLL3MNE115658554","","SPX Express","Monde Nissin","Shopee Philippines (Monde Nissin Shopee)","15 Jan, 2026","36 mins ago","16 Jan, 2026 11AM - 8PM"
"3209",="26011544XFVAVY","CLL3MNE115658557","","SPX Express","Monde Nissin","Shopee Philippines (Monde Nissin Shopee)","15 Jan, 2026","36 mins ago","16 Jan, 2026 11AM - 8PM"
"3210",="26011544XF00AG","CLL3REB115658559","","SPX Express","Rebisco Marketplace Laguna","Shopee Philippines (Rebisco Shopee)","15 Jan, 2026","36 mins ago","16 Jan, 2026 11AM - 8PM"
"3211",="582124277711800193","CLL3TYB115658560 $","","J&T Express","Tiny buds","Tiktok Philippines (Tiny Buds Tiktok)","15 Jan, 2026","36 mins ago","16 Jan, 2026 11AM - 8PM"
"3212",="582124249696994547","CLL3TYB115658561 $","","J&T Express","Tiny buds","Tiktok Philippines (Tiny Buds Tiktok)","15 Jan, 2026","36 mins ago","16 Jan, 2026 11AM - 8PM"
"3213",="582124242609800822","CLL3TYB115658562 $","","J&T Express","Tiny buds","Tiktok Philippines (Tiny Buds Tiktok)","15 Jan, 2026","36 mins ago","16 Jan, 2026 11AM - 8PM"
"3214",="582124303859221711","CLL3TYB115658563 $","","Flash Express Philippines","Tiny buds","Tiktok Philippines (Tiny Buds Tiktok)","15 Jan, 2026","36 mins ago","16 Jan, 2026 11AM - 8PM"
"3215",="582124262921438774","CLL3TYB115658564 $","","J&T Express","Tiny buds","Tiktok Philippines (Tiny Buds Tiktok)","15 Jan, 2026","36 mins ago","16 Jan, 2026 11AM - 8PM"
"3216",="26011544GHJ37C","CLL3MNE115658566 $","","SPX Express","Monde Nissin","Shopee Philippines (Monde Nissin Shopee)","15 Jan, 2026","36 mins ago","16 Jan, 2026 11AM - 8PM"
"3217",="582124241935566129","CLL3TYB115658568 $","","J&T Express","Tiny buds","Tiktok Philippines (Tiny Buds Tiktok)","15 Jan, 2026","36 mins ago","16 Jan, 2026 11AM - 8PM"
"3218",="582124264659912156","CLL3TYB115658569 $","","J&T Express","Tiny buds","Tiktok Philippines (Tiny Buds Tiktok)","15 Jan, 2026","36 mins ago","16 Jan, 2026 11AM - 8PM"
"3219",="582124200715978413","CLL3TYB115658570 $","","J&T Express","Tiny buds","Tiktok Philippines (Tiny Buds Tiktok)","15 Jan, 2026","36 mins ago","16 Jan, 2026 11AM - 8PM"
"3220",="582124268869420094","CLL3TYB115658571","","J&T Express","Tiny buds","Tiktok Philippines (Tiny Buds Tiktok)","15 Jan, 2026","36 mins ago","16 Jan, 2026 11AM - 8PM"
"3221",="582124216188962071","CLL3TYB115658573","","J&T Express","Tiny buds","Tiktok Philippines (Tiny Buds Tiktok)","15 Jan, 2026","36 mins ago","16 Jan, 2026 11AM - 8PM"
"3222",="582124258385823001","CLL3TYB115658574 $","","J&T Express","Tiny buds","Tiktok Philippines (Tiny Buds Tiktok)","15 Jan, 2026","36 mins ago","16 Jan, 2026 11AM - 8PM"
"3223",="582124307823560533","CLL3TYB115658576 $","","Flash Express Philippines","Tiny buds","Tiktok Philippines (Tiny Buds Tiktok)","15 Jan, 2026","36 mins ago","16 Jan, 2026 11AM - 8PM"
"3224",="582124224116065649","CLL3TYB115658579 $","","J&T Express","Tiny buds","Tiktok Philippines (Tiny Buds Tiktok)","15 Jan, 2026","36 mins ago","16 Jan, 2026 11AM - 8PM"
"3225",="582124246967944279","CLL3TYB115658580 $","","J&T Express","Tiny buds","Tiktok Philippines (Tiny Buds Tiktok)","15 Jan, 2026","36 mins ago","16 Jan, 2026 11AM - 8PM"
"3226",="582124330222126694","CLL3TYB115658583 $","","J&T Express","Tiny buds","Tiktok Philippines (Tiny Buds Tiktok)","15 Jan, 2026","36 mins ago","16 Jan, 2026 11AM - 8PM"
"3227",="582124227662546292","CLL3TYB115658582 $","","J&T Express","Tiny buds","Tiktok Philippines (Tiny Buds Tiktok)","15 Jan, 2026","36 mins ago","16 Jan, 2026 11AM - 8PM"
"3228",="582124333977929481","CLL3TYB115658584 $","","J&T Express","Tiny buds","Tiktok Philippines (Tiny Buds Tiktok)","15 Jan, 2026","36 mins ago","16 Jan, 2026 11AM - 8PM"
"3229",="582124228614981081","CLL3TYB115658585 $","","J&T Express","Tiny buds","Tiktok Philippines (Tiny Buds Tiktok)","15 Jan, 2026","36 mins ago","16 Jan, 2026 11AM - 8PM"
"3230",="582124213029078455","CLL3TYB115658589 $","","J&T Express","Tiny buds","Tiktok Philippines (Tiny Buds Tiktok)","15 Jan, 2026","35 mins ago","16 Jan, 2026 11AM - 8PM"
"3231",="582124212628784496","CLL3MNE115658590 $","","Flash Express Philippines","Monde Nissin","Tiktok Philippines (Monde Nissin Tiktok)","15 Jan, 2026","35 mins ago","16 Jan, 2026 11AM - 8PM"
"3232",="26011544ST57BR","CLL3MNE115658592","","J&T Cargo","Monde Nissin","Shopee Philippines (Monde Nissin Shopee)","15 Jan, 2026","35 mins ago","16 Jan, 2026 11AM - 8PM"
"3233",="582124205085590672","CLL3TYB115658595 $","","J&T Express","Tiny buds","Tiktok Philippines (Tiny Buds Tiktok)","15 Jan, 2026","35 mins ago","16 Jan, 2026 11AM - 8PM"
"3234",="260115451RSX26","CLL3MNE115658597","","SPX Express","Monde Nissin","Shopee Philippines (Monde Nissin Shopee)","15 Jan, 2026","35 mins ago","16 Jan, 2026 11AM - 8PM"
"3235",="260115454R50XE","CLL3REB115658598","","SPX Express","Rebisco Marketplace Laguna","Shopee Philippines (Rebisco Shopee)","15 Jan, 2026","35 mins ago","16 Jan, 2026 11AM - 8PM"
"3236",="582124158843520349","CLL3TYB115658600","","J&T Express","Tiny buds","Tiktok Philippines (Tiny Buds Tiktok)","15 Jan, 2026","35 mins ago","16 Jan, 2026 11AM - 8PM"
"3237",="26011544U0C7DY","CLL3MNE115658601","","SPX Express","Monde Nissin","Shopee Philippines (Monde Nissin Shopee)","15 Jan, 2026","35 mins ago","16 Jan, 2026 11AM - 8PM"
"3238",="582124149727790647","CLL3TYB115658603","","J&T Express","Tiny buds","Tiktok Philippines (Tiny Buds Tiktok)","15 Jan, 2026","35 mins ago","16 Jan, 2026 11AM - 8PM"
"3239",="260115454VYW5T","CLL3ARA115658605","","J&T Cargo","ARLA PH","Shopee Philippines (Arla Shopee)","15 Jan, 2026","35 mins ago","16 Jan, 2026 11AM - 8PM"
"3240",="582124223589287152","CLL3TYB115658606 $","","Flash Express Philippines","Tiny buds","Tiktok Philippines (Tiny Buds Tiktok)","15 Jan, 2026","35 mins ago","16 Jan, 2026 11AM - 8PM"
"3241",="582124214816966510","CLL3TYB115658609 $","","J&T Express","Tiny buds","Tiktok Philippines (Tiny Buds Tiktok)","15 Jan, 2026","35 mins ago","16 Jan, 2026 11AM - 8PM"
"3242",="582124224219284621","CLL3REB115658610 $","","Flash Express Philippines","Rebisco Marketplace Laguna","Tiktok Philippines (Rebisco Tiktok)","15 Jan, 2026","34 mins ago","16 Jan, 2026 11AM - 8PM"
"3243",="26011544KHXD3C","CLL3MNE115658612 $","","SPX Express","Monde Nissin","Shopee Philippines (Monde Nissin Shopee)","15 Jan, 2026","34 mins ago","16 Jan, 2026 11AM - 8PM"
"3244",="26011544MM79JK","CLL3ARA115658614 $","","SPX Express","ARLA PH","Shopee Philippines (Arla Shopee)","15 Jan, 2026","34 mins ago","16 Jan, 2026 11AM - 8PM"
"3245",="582124127419532432","CLL3TYB115658615 $","","J&T Express","Tiny buds","Tiktok Philippines (Tiny Buds Tiktok)","15 Jan, 2026","34 mins ago","16 Jan, 2026 11AM - 8PM"
"3246",="260115454MBR4Q","CLL3MNE115658617","","SPX Express","Monde Nissin","Shopee Philippines (Monde Nissin Shopee)","15 Jan, 2026","34 mins ago","16 Jan, 2026 11AM - 8PM"
"3247",="26011544NA5EFA","CLL3MNE115658624 $","","SPX Express","Monde Nissin","Shopee Philippines (Monde Nissin Shopee)","15 Jan, 2026","34 mins ago","16 Jan, 2026 11AM - 8PM"
"3248",="260115455PQBMU","CLL3MNE115658625","","SPX Express","Monde Nissin","Shopee Philippines (Monde Nissin Shopee)","15 Jan, 2026","34 mins ago","16 Jan, 2026 11AM - 8PM"
"3249",="260115455QM7WS","CLL3MNE115658626","","SPX Express","Monde Nissin","Shopee Philippines (Monde Nissin Shopee)","15 Jan, 2026","34 mins ago","16 Jan, 2026 11AM - 8PM"
"3250",="26011544NW73Q5","CLL3MNE115658631 $","","SPX Express","Monde Nissin","Shopee Philippines (Monde Nissin Shopee)","15 Jan, 2026","34 mins ago","16 Jan, 2026 11AM - 8PM"
"3251",="260115451WJYFV","CLL3MNE115658633","","SPX Express","Monde Nissin","Shopee Philippines (Monde Nissin Shopee)","15 Jan, 2026","34 mins ago","16 Jan, 2026 11AM - 8PM"
"3252",="582124197207115077","CLL3TYB115658634 $","","J&T Express","Tiny buds","Tiktok Philippines (Tiny Buds Tiktok)","15 Jan, 2026","34 mins ago","16 Jan, 2026 11AM - 8PM"
"3253",="1064993470596653","CLL3REB115658635","","LEX PH","Rebisco Marketplace Laguna","Lazada Philippines (Rebisco Lazada)","15 Jan, 2026","34 mins ago","16 Jan, 2026 11AM - 8PM"
"3254",="2601154558BX0H","CLL3MNE115658636","","SPX Express","Monde Nissin","Shopee Philippines (Monde Nissin Shopee)","15 Jan, 2026","34 mins ago","16 Jan, 2026 11AM - 8PM"
"3255",="582124199958513066","CLL3TYB115658639","","J&T Express","Tiny buds","Tiktok Philippines (Tiny Buds Tiktok)","15 Jan, 2026","34 mins ago","16 Jan, 2026 11AM - 8PM"
"3256",="260115452DRYQ3","CLL3MNE115658646","","SPX Express","Monde Nissin","Shopee Philippines (Monde Nissin Shopee)","15 Jan, 2026","34 mins ago","16 Jan, 2026 11AM - 8PM"
"3257",="582124239016461879","CLL3TYB115658648","","J&T Express","Tiny buds","Tiktok Philippines (Tiny Buds Tiktok)","15 Jan, 2026","34 mins ago","16 Jan, 2026 11AM - 8PM"
"3258",="26011544JBRTR6","CLL3REB115658652 $","","SPX Express","Rebisco Marketplace Laguna","Shopee Philippines (Rebisco Shopee)","15 Jan, 2026","34 mins ago","16 Jan, 2026 11AM - 8PM"
"3259",="260115455QMXA8","CLL3TBY115658654","","SPX Express","The Body Shop","Shopee Philippines (The Body Shop Shopee)","15 Jan, 2026","34 mins ago","16 Jan, 2026 11AM - 8PM"
"3260",="2601154549TYJE","CLL3LGM115658655","","SPX Express","LAGUNA MAIN COMPANY","Shopee Philippines (Mc Cormick Shopee)","15 Jan, 2026","33 mins ago","16 Jan, 2026 11AM - 8PM"
"3261",="582124250417366319","CLL3LGM115658656","","J&T Express","LAGUNA MAIN COMPANY","Tiktok Philippines (Mentholatum Tiktok)","15 Jan, 2026","33 mins ago","16 Jan, 2026 11AM - 8PM"
"3262",="260115452S7K7R","CLL3REB115658658","","SPX Express","Rebisco Marketplace Laguna","Shopee Philippines (Rebisco Shopee)","15 Jan, 2026","33 mins ago","16 Jan, 2026 11AM - 8PM"
"3263",="582124053625407234","CLL3TYB115658661 $","","J&T Express","Tiny buds","Tiktok Philippines (Tiny Buds Tiktok)","15 Jan, 2026","33 mins ago","16 Jan, 2026 11AM - 8PM"
"3264",="26011544N2J0TX","CLL3ARA115658665 $","","SPX Express","ARLA PH","Shopee Philippines (Arla Shopee)","15 Jan, 2026","33 mins ago","16 Jan, 2026 11AM - 8PM"
"3265",="26011544HG2DAA","CLL3MNE115658666 $","","SPX Express","Monde Nissin","Shopee Philippines (Monde Nissin Shopee)","15 Jan, 2026","33 mins ago","16 Jan, 2026 11AM - 8PM"
"3266",="260115456WUF00","CLL3ARA115658668","","SPX Express","ARLA PH","Shopee Philippines (Arla Shopee)","15 Jan, 2026","33 mins ago","16 Jan, 2026 11AM - 8PM"
"3267",="26011544JHGPTP","CLL3MNE115658670 $","","SPX Express","Monde Nissin","Shopee Philippines (Monde Nissin Shopee)","15 Jan, 2026","33 mins ago","16 Jan, 2026 11AM - 8PM"
"3268",="582124407662151630","CLL3GNC115658686 $","","J&T Express","Green Cross","Tiktok Philippines (Greencross Tiktok)","15 Jan, 2026","33 mins ago","16 Jan, 2026 11AM - 8PM"
"3269",="260115454KE78P","CLL3LGM115658687","","SPX Express","LAGUNA MAIN COMPANY","Shopee Philippines (Mc Cormick Shopee)","15 Jan, 2026","33 mins ago","16 Jan, 2026 11AM - 8PM"
"3270",="582124405197539292","CLL3LGM115658689 $","","J&T Express","LAGUNA MAIN COMPANY","Tiktok Philippines (Mogu Mogu Tiktok)","15 Jan, 2026","33 mins ago","16 Jan, 2026 11AM - 8PM"
"3271",="1064993263944111","CLL3LGM115658688","","LEX","LAGUNA MAIN COMPANY","Lazada Philippines (Mc Cormick Lazada)","15 Jan, 2026","33 mins ago","16 Jan, 2026 11AM - 8PM"
"3272",="582124308252559283","CLL3GNC115658690 $","","J&T Express","Green Cross","Tiktok Philippines (Greencross Tiktok)","15 Jan, 2026","33 mins ago","16 Jan, 2026 11AM - 8PM"
"3273",="26011544JVY8GV","CLL3REB115658691 $","","SPX Express","Rebisco Marketplace Laguna","Shopee Philippines (Rebisco Shopee)","15 Jan, 2026","33 mins ago","16 Jan, 2026 11AM - 8PM"
"3274",="582124354146174895","CLL3LGM115658692 $","","J&T Express","LAGUNA MAIN COMPANY","Tiktok Philippines (Mogu Mogu Tiktok)","15 Jan, 2026","33 mins ago","16 Jan, 2026 11AM - 8PM"
"3275",="1064994444954382","CLL3REB115658693 $","","LEX PH","Rebisco Marketplace Laguna","Lazada Philippines (Rebisco Lazada)","15 Jan, 2026","33 mins ago","16 Jan, 2026 11AM - 8PM"
"3276",="1064993655904857","CLL3REB115658694 $","","LEX PH","Rebisco Marketplace Laguna","Lazada Philippines (Rebisco Lazada)","15 Jan, 2026","33 mins ago","16 Jan, 2026 11AM - 8PM"
"3277",="582124259658270265","CLL3MNE115658695 $","","Flash Express Philippines","Monde Nissin","Tiktok Philippines (Monde Nissin Tiktok)","15 Jan, 2026","32 mins ago","16 Jan, 2026 11AM - 8PM"
"3278",="582124104989050106","CLL3TYB115658696","","J&T Express","Tiny buds","Tiktok Philippines (Tiny Buds Tiktok)","15 Jan, 2026","32 mins ago","16 Jan, 2026 11AM - 8PM"
"3279",="582124394157541080","CLL3TYB115658697 $","","J&T Express","Tiny buds","Tiktok Philippines (Tiny Buds Tiktok)","15 Jan, 2026","32 mins ago","16 Jan, 2026 11AM - 8PM"
"3280",="582124230861948183","CLL3TYB115658698 $","","J&T Express","Tiny buds","Tiktok Philippines (Tiny Buds Tiktok)","15 Jan, 2026","32 mins ago","16 Jan, 2026 11AM - 8PM"
"3281",="582124109101565650","CLL3TYB115658699","","J&T Express","Tiny buds","Tiktok Philippines (Tiny Buds Tiktok)","15 Jan, 2026","32 mins ago","16 Jan, 2026 11AM - 8PM"
"3282",="582124229140055146","CLL3TYB115658700 $","","J&T Express","Tiny buds","Tiktok Philippines (Tiny Buds Tiktok)","15 Jan, 2026","32 mins ago","16 Jan, 2026 11AM - 8PM"
"3283",="582124360562869988","CLL3TYB115658701 $","","J&T Express","Tiny buds","Tiktok Philippines (Tiny Buds Tiktok)","15 Jan, 2026","32 mins ago","16 Jan, 2026 11AM - 8PM"
"3284",="582124341977057065","CLL3TYB115658702","","J&T Express","Tiny buds","Tiktok Philippines (Tiny Buds Tiktok)","15 Jan, 2026","32 mins ago","16 Jan, 2026 11AM - 8PM"
"3285",="582124234798171204","CLL3TYB115658704 $","","J&T Express","Tiny buds","Tiktok Philippines (Tiny Buds Tiktok)","15 Jan, 2026","32 mins ago","16 Jan, 2026 11AM - 8PM"
"3286",="582124360441562971","CLL3TYB115658707 $","","J&T Express","Tiny buds","Tiktok Philippines (Tiny Buds Tiktok)","15 Jan, 2026","32 mins ago","16 Jan, 2026 11AM - 8PM"
"3287",="582124314763232858","CLL3TYB115658710 $","","J&T Express","Tiny buds","Tiktok Philippines (Tiny Buds Tiktok)","15 Jan, 2026","32 mins ago","16 Jan, 2026 11AM - 8PM"
"3288",="582124420509959441","CLL3TYB115658713 $","","J&T Express","Tiny buds","Tiktok Philippines (Tiny Buds Tiktok)","15 Jan, 2026","32 mins ago","16 Jan, 2026 11AM - 8PM"
"3289",="1064993656204857","CLL3MNE115658712 $","","LEX PH","Monde Nissin","Lazada Philippines (Monde Nissin Lazada)","15 Jan, 2026","32 mins ago","16 Jan, 2026 11AM - 8PM"
"3290",="582124362601301667","CLL3TYB115658714 $","","J&T Express","Tiny buds","Tiktok Philippines (Tiny Buds Tiktok)","15 Jan, 2026","32 mins ago","16 Jan, 2026 11AM - 8PM"
"3291",="582124358805980926","CLL3MNE115658715 $","","J&T Express","Monde Nissin","Tiktok Philippines (Monde Nissin Tiktok)","15 Jan, 2026","32 mins ago","16 Jan, 2026 11AM - 8PM"
"3292",="582124384613139719","CLL3TYB115658716 $","","J&T Express","Tiny buds","Tiktok Philippines (Tiny Buds Tiktok)","15 Jan, 2026","32 mins ago","16 Jan, 2026 11AM - 8PM"
"3293",="582124218742507266","CLL3TYB115658717 $","","J&T Express","Tiny buds","Tiktok Philippines (Tiny Buds Tiktok)","15 Jan, 2026","32 mins ago","16 Jan, 2026 11AM - 8PM"
"3294",="582124315145504766","CLL3TYB115658718 $","","J&T Express","Tiny buds","Tiktok Philippines (Tiny Buds Tiktok)","15 Jan, 2026","32 mins ago","16 Jan, 2026 11AM - 8PM"
"3295",="582124398612481493","CLL3TYB115658720 $","","J&T Express","Tiny buds","Tiktok Philippines (Tiny Buds Tiktok)","15 Jan, 2026","32 mins ago","16 Jan, 2026 11AM - 8PM"
"3296",="582124335920481992","CLL3TYB115658719 $","","J&T Express","Tiny buds","Tiktok Philippines (Tiny Buds Tiktok)","15 Jan, 2026","32 mins ago","16 Jan, 2026 11AM - 8PM"
"3297",="1073356966840090","CLL3MNE115658721 $","","LEX","Monde Nissin","Lazada Philippines (Monde Nissin Lazada)","15 Jan, 2026","32 mins ago","16 Jan, 2026 11AM - 8PM"
"3298",="582124374046836010","CLL3TYB115658722 $","","J&T Express","Tiny buds","Tiktok Philippines (Tiny Buds Tiktok)","15 Jan, 2026","32 mins ago","16 Jan, 2026 11AM - 8PM"
"3299",="582124377338381512","CLL3TYB115658726 $","","J&T Express","Tiny buds","Tiktok Philippines (Tiny Buds Tiktok)","15 Jan, 2026","32 mins ago","16 Jan, 2026 11AM - 8PM"
"3300",="582124325850285216","CLL3MNE115658725 $","","J&T Express","Monde Nissin","Tiktok Philippines (Monde Nissin Tiktok)","15 Jan, 2026","32 mins ago","16 Jan, 2026 11AM - 8PM"
"3301",="1073354974655054","CLL3MNE115658728","","LEX","Monde Nissin","Lazada Philippines (Monde Nissin Lazada)","15 Jan, 2026","32 mins ago","16 Jan, 2026 11AM - 8PM"
"3302",="260115457NM76Q","CLL3ARA115658731","","SPX Express","ARLA PH","Shopee Philippines (Arla Shopee)","15 Jan, 2026","32 mins ago","16 Jan, 2026 11AM - 8PM"
"3303",="26011544RRS3N7","CLL3LGM115658732 $","","SPX Express","LAGUNA MAIN COMPANY","Shopee Philippines (Mc Cormick Shopee)","15 Jan, 2026","32 mins ago","16 Jan, 2026 11AM - 8PM"
"3304",="582124295160497169","CLL3TYB115658737 $","","J&T Express","Tiny buds","Tiktok Philippines (Tiny Buds Tiktok)","15 Jan, 2026","32 mins ago","16 Jan, 2026 11AM - 8PM"
"3305",="260115456TYCEY","CLL3MNE115658755","","SPX Express","Monde Nissin","Shopee Philippines (Monde Nissin Shopee)","15 Jan, 2026","32 mins ago","16 Jan, 2026 11AM - 8PM"
"3306",="26011544T0WD0K","CLL3REB115658756 $","","SPX Express","Rebisco Marketplace Laguna","Shopee Philippines (Rebisco Shopee)","15 Jan, 2026","32 mins ago","16 Jan, 2026 11AM - 8PM"
"3307",="260115451BGG30","CLL3MNE115658753","","SPX Express","Monde Nissin","Shopee Philippines (Monde Nissin Shopee)","15 Jan, 2026","32 mins ago","16 Jan, 2026 11AM - 8PM"
"3308",="582124270667203810","CLL3MNE115658758","","Flash Express Philippines","Monde Nissin","Tiktok Philippines (Monde Nissin Tiktok)","15 Jan, 2026","32 mins ago","16 Jan, 2026 11AM - 8PM"
"3309",="582124279730767551","CLL3TYB115658766","","J&T Express","Tiny buds","Tiktok Philippines (Tiny Buds Tiktok)","15 Jan, 2026","31 mins ago","16 Jan, 2026 11AM - 8PM"
"3310",="26011545AG7G6G","CLL3MNE115658765","","SPX Express","Monde Nissin","Shopee Philippines (Monde Nissin Shopee)","15 Jan, 2026","31 mins ago","16 Jan, 2026 11AM - 8PM"
"3311",="582124342118352009","CLL3TYB115658767 $","","J&T Express","Tiny buds","Tiktok Philippines (Tiny Buds Tiktok)","15 Jan, 2026","31 mins ago","16 Jan, 2026 11AM - 8PM"
"3312",="26011545AG8GRX","CLL3ARA115658768","","SPX Express","ARLA PH","Shopee Philippines (Arla Shopee)","15 Jan, 2026","31 mins ago","16 Jan, 2026 11AM - 8PM"
"3313",="582124331459118192","CLL3TYB115658770 $","","J&T Express","Tiny buds","Tiktok Philippines (Tiny Buds Tiktok)","15 Jan, 2026","31 mins ago","16 Jan, 2026 11AM - 8PM"
"3314",="582124292899178435","CLL3TYB115658771","","J&T Express","Tiny buds","Tiktok Philippines (Tiny Buds Tiktok)","15 Jan, 2026","31 mins ago","16 Jan, 2026 11AM - 8PM"
"3315",="26011544TWGK0Q","CLL3ARA115658772 $","","SPX Express","ARLA PH","Shopee Philippines (Arla Shopee)","15 Jan, 2026","31 mins ago","16 Jan, 2026 11AM - 8PM"
"3316",="26011544P7RFY9","CLL3LGM115658773 $","","SPX Express","LAGUNA MAIN COMPANY","Shopee Philippines (Mc Cormick Shopee)","15 Jan, 2026","31 mins ago","16 Jan, 2026 11AM - 8PM"
"3317",="26011544Q4CRRT","CLL3MNE115658774 $","","SPX Express","Monde Nissin","Shopee Philippines (Monde Nissin Shopee)","15 Jan, 2026","31 mins ago","16 Jan, 2026 11AM - 8PM"
"3318",="26011544S65JNE","CLL3MNE115658777 $","","SPX Express","Monde Nissin","Shopee Philippines (Monde Nissin Shopee)","15 Jan, 2026","31 mins ago","16 Jan, 2026 11AM - 8PM"
"3319",="2601154582XSMQ","CLL3MNE115658780","","J&T Cargo","Monde Nissin","Shopee Philippines (Monde Nissin Shopee)","15 Jan, 2026","31 mins ago","16 Jan, 2026 11AM - 8PM"
"3320",="26011545CVGAWY","CLL3ARA115658783","","SPX Express","ARLA PH","Shopee Philippines (Arla Shopee)","15 Jan, 2026","31 mins ago","16 Jan, 2026 11AM - 8PM"
"3321",="26011544T1UKFW","CLL3LGM115658787 $","","SPX Express","LAGUNA MAIN COMPANY","Shopee Philippines (Mogu Mogu Shopee)","15 Jan, 2026","30 mins ago","16 Jan, 2026 11AM - 8PM"
"3322",="26011544PQY50A","CLL3REB115658788 $","","SPX Express","Rebisco Marketplace Laguna","Shopee Philippines (Rebisco Shopee)","15 Jan, 2026","30 mins ago","16 Jan, 2026 11AM - 8PM"
"3323",="26011544RG7QPU","CLL3MNE115658794 $","","SPX Express","Monde Nissin","Shopee Philippines (Monde Nissin Shopee)","15 Jan, 2026","30 mins ago","16 Jan, 2026 11AM - 8PM"
"3324",="26011545BR9VB3","CLL3ARA115658796","","SPX Express","ARLA PH","Shopee Philippines (Arla Shopee)","15 Jan, 2026","30 mins ago","16 Jan, 2026 11AM - 8PM"
"3325",="26011544RG6RV8","CLL3MNE115658795 $","","SPX Express","Monde Nissin","Shopee Philippines (Monde Nissin Shopee)","15 Jan, 2026","30 mins ago","16 Jan, 2026 11AM - 8PM"
"3326",="26011544SWYXEC","CLL3ARA115658798 $","","SPX Express","ARLA PH","Shopee Philippines (Arla Shopee)","15 Jan, 2026","30 mins ago","16 Jan, 2026 11AM - 8PM"
"3327",="26011544PQY50B","CLL3MNE115658799 $","","SPX Express","Monde Nissin","Shopee Philippines (Monde Nissin Shopee)","15 Jan, 2026","30 mins ago","16 Jan, 2026 11AM - 8PM"
"3328",="26011544PQWG33","CLL3REB115658801 $","","SPX Express","Rebisco Marketplace Laguna","Shopee Philippines (Rebisco Shopee)","15 Jan, 2026","30 mins ago","16 Jan, 2026 11AM - 8PM"
"3329",="26011544TSPMDB","CLL3MNE115658802 $","","J&T Cargo","Monde Nissin","Shopee Philippines (Monde Nissin Shopee)","15 Jan, 2026","30 mins ago","16 Jan, 2026 11AM - 8PM"
"3330",="26011544R4SJC3","CLL3REB115658806 $","","SPX Express","Rebisco Marketplace Laguna","Shopee Philippines (Rebisco Shopee)","15 Jan, 2026","30 mins ago","16 Jan, 2026 11AM - 8PM"
"3331",="26011545A6QP1S","CLL3REB115658809","","SPX Express","Rebisco Marketplace Laguna","Shopee Philippines (Rebisco Shopee)","15 Jan, 2026","29 mins ago","16 Jan, 2026 11AM - 8PM"
"3332",="26011545CG52TS","CLL3MNE115658810","","SPX Express","Monde Nissin","Shopee Philippines (Monde Nissin Shopee)","15 Jan, 2026","29 mins ago","16 Jan, 2026 11AM - 8PM"
"3333",="582124370859361344","CLL3TYB115658811 $","","J&T Express","Tiny buds","Tiktok Philippines (Tiny Buds Tiktok)","15 Jan, 2026","29 mins ago","16 Jan, 2026 11AM - 8PM"
"3334",="260115459NHYDW","CLL3ARA115658816","","SPX Express","ARLA PH","Shopee Philippines (Arla Shopee)","15 Jan, 2026","29 mins ago","16 Jan, 2026 11AM - 8PM"
"3335",="260115457PM6GJ","CLL3REB115658825","","SPX Express","Rebisco Marketplace Laguna","Shopee Philippines (Rebisco Shopee)","15 Jan, 2026","29 mins ago","16 Jan, 2026 11AM - 8PM"
"3336",="26011545BT6C02","CLL3LGM115658827","","SPX Express","LAGUNA MAIN COMPANY","Shopee Philippines (Columbia Candies Shopee)","15 Jan, 2026","29 mins ago","16 Jan, 2026 11AM - 8PM"
"3337",="1073355391032248","CLL3ARA115658830 $","","LEX PH","ARLA PH","Lazada Philippines (Arla Lazada)","15 Jan, 2026","29 mins ago","16 Jan, 2026 11AM - 8PM"
"3338",="1064997046232248","CLL3ARA115658832 $","","LEX PH","ARLA PH","Lazada Philippines (Arla Lazada)","15 Jan, 2026","29 mins ago","16 Jan, 2026 11AM - 8PM"
"3339",="26011544WXSASF","CLL3REB115658838 $","","SPX Express","Rebisco Marketplace Laguna","Shopee Philippines (Rebisco Shopee)","15 Jan, 2026","29 mins ago","16 Jan, 2026 11AM - 8PM"
"3340",="582124412204713478","CLL3REB115658841 $","","Flash Express Philippines","Rebisco Marketplace Laguna","Tiktok Philippines (Rebisco Tiktok)","15 Jan, 2026","29 mins ago","16 Jan, 2026 11AM - 8PM"
"3341",="1065007202272087","CLL3REB115658844 $","","LEX PH","Rebisco Marketplace Laguna","Lazada Philippines (Rebisco Lazada)","15 Jan, 2026","29 mins ago","16 Jan, 2026 11AM - 8PM"
"3342",="1073359743864167","CLL3REB115658843","","LEX PH","Rebisco Marketplace Laguna","Lazada Philippines (Rebisco Lazada)","15 Jan, 2026","29 mins ago","16 Jan, 2026 11AM - 8PM"
"3343",="1073360353210841","CLL3REB115658845","","LEX PH","Rebisco Marketplace Laguna","Lazada Philippines (Rebisco Lazada)","15 Jan, 2026","29 mins ago","16 Jan, 2026 11AM - 8PM"
"3344",="582124392998340403","CLL3MNE115658846 $","","J&T Express","Monde Nissin","Tiktok Philippines (Monde Nissin Tiktok)","15 Jan, 2026","29 mins ago","16 Jan, 2026 11AM - 8PM"
"3345",="1065007809787496","CLL3REB115658847","","LEX PH","Rebisco Marketplace Laguna","Lazada Philippines (Rebisco Lazada)","15 Jan, 2026","29 mins ago","16 Jan, 2026 11AM - 8PM"
"3346",="582124459764712921","CLL3MNE115658848 $","","J&T Express","Monde Nissin","Tiktok Philippines (Monde Nissin Tiktok)","15 Jan, 2026","29 mins ago","16 Jan, 2026 11AM - 8PM"
"3347",="582124428933105288","CLL3MNE115658849 $","","J&T Express","Monde Nissin","Tiktok Philippines (Monde Nissin Tiktok)","15 Jan, 2026","28 mins ago","16 Jan, 2026 11AM - 8PM"
"3348",="582124378310543155","CLL3MNE115658850 $","","J&T Express","Monde Nissin","Tiktok Philippines (Monde Nissin Tiktok)","15 Jan, 2026","28 mins ago","16 Jan, 2026 11AM - 8PM"
"3349",="582124427757061465","CLL3TYB115658852 $","","J&T Express","Tiny buds","Tiktok Philippines (Tiny Buds Tiktok)","15 Jan, 2026","28 mins ago","16 Jan, 2026 11AM - 8PM"
"3350",="582124461404030444","CLL3TYB115658851 $","","J&T Express","Tiny buds","Tiktok Philippines (Tiny Buds Tiktok)","15 Jan, 2026","28 mins ago","16 Jan, 2026 11AM - 8PM"
"3351",="1064998437370810","CLL3MNE115658853 $","","LEX PH","Monde Nissin","Lazada Philippines (Monde Nissin Lazada)","15 Jan, 2026","28 mins ago","16 Jan, 2026 11AM - 8PM"
"3352",="1073364929968152","CLL3MNE115658855 $","","LEX","Monde Nissin","Lazada Philippines (Monde Nissin Lazada)","15 Jan, 2026","28 mins ago","16 Jan, 2026 11AM - 8PM"
"3353",="1073358797868420","CLL3MNE115658856 $","","LEX PH","Monde Nissin","Lazada Philippines (Monde Nissin Lazada)","15 Jan, 2026","28 mins ago","16 Jan, 2026 11AM - 8PM"
"3354",="582124442896532706","CLL3MNE115658857 $","","J&T Express","Monde Nissin","Tiktok Philippines (Monde Nissin Tiktok)","15 Jan, 2026","28 mins ago","16 Jan, 2026 11AM - 8PM"
"3355",="582124484942791922","CLL3TYB115658859 $","","J&T Express","Tiny buds","Tiktok Philippines (Tiny Buds Tiktok)","15 Jan, 2026","28 mins ago","16 Jan, 2026 11AM - 8PM"
"3356",="582124497478977473","CLL3TYB115658860 $","","J&T Express","Tiny buds","Tiktok Philippines (Tiny Buds Tiktok)","15 Jan, 2026","28 mins ago","16 Jan, 2026 11AM - 8PM"
"3357",="1073372508111660","CLL3MNE115658858","","LEX PH","Monde Nissin","Lazada Philippines (Monde Nissin Lazada)","15 Jan, 2026","28 mins ago","16 Jan, 2026 11AM - 8PM"
"3358",="582124424461125093","CLL3TYB115658862 $","","J&T Express","Tiny buds","Tiktok Philippines (Tiny Buds Tiktok)","15 Jan, 2026","28 mins ago","16 Jan, 2026 11AM - 8PM"
"3359",="582124390390269751","CLL3TYB115658863 $","","J&T Express","Tiny buds","Tiktok Philippines (Tiny Buds Tiktok)","15 Jan, 2026","28 mins ago","16 Jan, 2026 11AM - 8PM"
"3360",="26011545GHUS03","CLL3MNE115658861","","SPX Express","Monde Nissin","Shopee Philippines (Monde Nissin Shopee)","15 Jan, 2026","28 mins ago","16 Jan, 2026 11AM - 8PM"
"3361",="582124465944232998","CLL3TYB115658864 $","","J&T Express","Tiny buds","Tiktok Philippines (Tiny Buds Tiktok)","15 Jan, 2026","28 mins ago","16 Jan, 2026 11AM - 8PM"
"3362",="582124394884990866","CLL3TYB115658866 $","","J&T Express","Tiny buds","Tiktok Philippines (Tiny Buds Tiktok)","15 Jan, 2026","28 mins ago","16 Jan, 2026 11AM - 8PM"
"3363",="26011544W25KT9","CLL3ARA115658869 $","","SPX Express","ARLA PH","Shopee Philippines (Arla Shopee)","15 Jan, 2026","28 mins ago","16 Jan, 2026 11AM - 8PM"
"3364",="26011544VX9H2Y","CLL3REB115658871 $","","SPX Express","Rebisco Marketplace Laguna","Shopee Philippines (Rebisco Shopee)","15 Jan, 2026","28 mins ago","16 Jan, 2026 11AM - 8PM"
"3365",="582124287865881602","CLL3TYB115658873 $","","J&T Express","Tiny buds","Tiktok Philippines (Tiny Buds Tiktok)","15 Jan, 2026","28 mins ago","16 Jan, 2026 11AM - 8PM"
"3366",="26011544UU1SWT","CLL3ARA115658872 $","","SPX Express","ARLA PH","Shopee Philippines (Arla Shopee)","15 Jan, 2026","28 mins ago","16 Jan, 2026 11AM - 8PM"
"3367",="582124245276723107","CLL3TYB115658887","","J&T Express","Tiny buds","Tiktok Philippines (Tiny Buds Tiktok)","15 Jan, 2026","28 mins ago","16 Jan, 2026 11AM - 8PM"
"3368",="260115457MP3WT","CLL3MNE115658893","","SPX Express","Monde Nissin","Shopee Philippines (Monde Nissin Shopee)","15 Jan, 2026","28 mins ago","16 Jan, 2026 11AM - 8PM"
"3369",="26011544WQ3PWC","CLL3REB115658897 $","","SPX Express","Rebisco Marketplace Laguna","Shopee Philippines (Rebisco Shopee)","15 Jan, 2026","28 mins ago","16 Jan, 2026 11AM - 8PM"
"3370",="26011544Y4WUW4","CLL3REB115658898 $","","SPX Express","Rebisco Marketplace Laguna","Shopee Philippines (Rebisco Shopee)","15 Jan, 2026","28 mins ago","16 Jan, 2026 11AM - 8PM"
"3371",="26011544Y4WUW5","CLL3MNE115658899 $","","SPX Express","Monde Nissin","Shopee Philippines (Monde Nissin Shopee)","15 Jan, 2026","28 mins ago","16 Jan, 2026 11AM - 8PM"
"3372",="26011544XQJ0V3","CLL3REB115658901 $","","SPX Express","Rebisco Marketplace Laguna","Shopee Philippines (Rebisco Shopee)","15 Jan, 2026","28 mins ago","16 Jan, 2026 11AM - 8PM"
"3373",="26011545EKT854","CLL3ARA115658915","","SPX Express","ARLA PH","Shopee Philippines (Arla Shopee)","15 Jan, 2026","28 mins ago","16 Jan, 2026 11AM - 8PM"
"3374",="26011545FFF6UF","CLL3REB115658920","","SPX Express","Rebisco Marketplace Laguna","Shopee Philippines (Rebisco Shopee)","15 Jan, 2026","28 mins ago","16 Jan, 2026 11AM - 8PM"
"3375",="26011545FKBP1G","CLL3REB115658924","","SPX Express","Rebisco Marketplace Laguna","Shopee Philippines (Rebisco Shopee)","15 Jan, 2026","27 mins ago","16 Jan, 2026 11AM - 8PM"
"3376",="26011544V0QD6R","CLL3MNE115658925 $","","SPX Express","Monde Nissin","Shopee Philippines (Monde Nissin Shopee)","15 Jan, 2026","27 mins ago","16 Jan, 2026 11AM - 8PM"
"3377",="26011545GRGK25","CLL3MNE115658926","","SPX Express","Monde Nissin","Shopee Philippines (Monde Nissin Shopee)","15 Jan, 2026","27 mins ago","16 Jan, 2026 11AM - 8PM"
"3378",="582124236627805675","CLL3TYB115658929 $","","J&T Express","Tiny buds","Tiktok Philippines (Tiny Buds Tiktok)","15 Jan, 2026","27 mins ago","16 Jan, 2026 11AM - 8PM"
"3379",="582124312612734872","CLL3TYB115658932 $","","J&T Express","Tiny buds","Tiktok Philippines (Tiny Buds Tiktok)","15 Jan, 2026","27 mins ago","16 Jan, 2026 11AM - 8PM"
"3380",="26011544TSMUCT","CLL3MNE115658933 $","","SPX Express","Monde Nissin","Shopee Philippines (Monde Nissin Shopee)","15 Jan, 2026","27 mins ago","16 Jan, 2026 11AM - 8PM"
"3381",="26011544VUG5V4","CLL3MNE115658934 $","","SPX Express","Monde Nissin","Shopee Philippines (Monde Nissin Shopee)","15 Jan, 2026","27 mins ago","16 Jan, 2026 11AM - 8PM"
"3382",="26011544W06MS7","CLL3MNE115658935 $","","SPX Express","Monde Nissin","Shopee Philippines (Monde Nissin Shopee)","15 Jan, 2026","27 mins ago","16 Jan, 2026 11AM - 8PM"
"3383",="26011544W6VKKG","CLL3MNE115658936 $","","SPX Express","Monde Nissin","Shopee Philippines (Monde Nissin Shopee)","15 Jan, 2026","27 mins ago","16 Jan, 2026 11AM - 8PM"
"3384",="26011545G2J7Q2","CLL3MNE115658937","","SPX Express","Monde Nissin","Shopee Philippines (Monde Nissin Shopee)","15 Jan, 2026","27 mins ago","16 Jan, 2026 11AM - 8PM"
"3385",="582124206309934737","CLL3TYB115658938 $","","J&T Express","Tiny buds","Tiktok Philippines (Tiny Buds Tiktok)","15 Jan, 2026","27 mins ago","16 Jan, 2026 11AM - 8PM"
"3386",="582124264627143871","CLL3TYB115658940 $","","J&T Express","Tiny buds","Tiktok Philippines (Tiny Buds Tiktok)","15 Jan, 2026","26 mins ago","16 Jan, 2026 11AM - 8PM"
"3387",="26011544X4EBEN","CLL3MNE115658941 $","","SPX Express","Monde Nissin","Shopee Philippines (Monde Nissin Shopee)","15 Jan, 2026","26 mins ago","16 Jan, 2026 11AM - 8PM"
"3388",="582124326657623104","CLL3TYB115658942 $","","J&T Express","Tiny buds","Tiktok Philippines (Tiny Buds Tiktok)","15 Jan, 2026","26 mins ago","16 Jan, 2026 11AM - 8PM"
"3389",="582124194859025671","CLL3TYB115658943","","J&T Express","Tiny buds","Tiktok Philippines (Tiny Buds Tiktok)","15 Jan, 2026","26 mins ago","16 Jan, 2026 11AM - 8PM"
"3390",="582124323044623915","CLL3TYB115658944 $","","J&T Express","Tiny buds","Tiktok Philippines (Tiny Buds Tiktok)","15 Jan, 2026","26 mins ago","16 Jan, 2026 11AM - 8PM"
"3391",="582124157992928572","CLL3MNE115658946","","J&T Express","Monde Nissin","Tiktok Philippines (Monde Nissin Tiktok)","15 Jan, 2026","26 mins ago","16 Jan, 2026 11AM - 8PM"
"3392",="26011545GA7XY5","CLL3MNE115658947","","SPX Express","Monde Nissin","Shopee Philippines (Monde Nissin Shopee)","15 Jan, 2026","26 mins ago","16 Jan, 2026 11AM - 8PM"
"3393",="582124207706244146","CLL3TYB115658950 $","","J&T Express","Tiny buds","Tiktok Philippines (Tiny Buds Tiktok)","15 Jan, 2026","25 mins ago","16 Jan, 2026 11AM - 8PM"
"3394",="26011545KVN6E0","CLL3ARA115658952","","SPX Express","ARLA PH","Shopee Philippines (Arla Shopee)","15 Jan, 2026","25 mins ago","16 Jan, 2026 11AM - 8PM"
"3395",="26011545JCY1UX","CLL3MNE115658953","","SPX Express","Monde Nissin","Shopee Philippines (Monde Nissin Shopee)","15 Jan, 2026","25 mins ago","16 Jan, 2026 11AM - 8PM"
"3396",="26011545HQYDRS","CLL3MNE115658961","","SPX Express","Monde Nissin","Shopee Philippines (Monde Nissin Shopee)","15 Jan, 2026","25 mins ago","16 Jan, 2026 11AM - 8PM"
"3397",="582124283757299022","CLL3TYB115658968","","J&T Express","Tiny buds","Tiktok Philippines (Tiny Buds Tiktok)","15 Jan, 2026","25 mins ago","16 Jan, 2026 11AM - 8PM"
"3398",="1073375305594780","CLL3ARA115658969","","LEX PH","ARLA PH","Lazada Philippines (Arla Lazada)","15 Jan, 2026","25 mins ago","16 Jan, 2026 11AM - 8PM"
"3399",="1065005819940083","CLL3LGM115658972","","LEX PH","LAGUNA MAIN COMPANY","Lazada Philippines (Mc Cormick Lazada)","15 Jan, 2026","25 mins ago","16 Jan, 2026 11AM - 8PM"
"3400",="1064996844451065","CLL3REB115658974 $","","LEX PH","Rebisco Marketplace Laguna","Lazada Philippines (Rebisco Lazada)","15 Jan, 2026","25 mins ago","16 Jan, 2026 11AM - 8PM"
"3401",="1073370524826463","CLL3REB115658975","","LEX PH","Rebisco Marketplace Laguna","Lazada Philippines (Rebisco Lazada)","15 Jan, 2026","25 mins ago","16 Jan, 2026 11AM - 8PM"
"3402",="1073374509264167","CLL3REB115658973","","LEX PH","Rebisco Marketplace Laguna","Lazada Philippines (Rebisco Lazada)","15 Jan, 2026","25 mins ago","16 Jan, 2026 11AM - 8PM"
"3403",="582124368900162584","CLL3TYB115658978 $","","J&T Express","Tiny buds","Tiktok Philippines (Tiny Buds Tiktok)","15 Jan, 2026","25 mins ago","16 Jan, 2026 11AM - 8PM"
"3404",="2601154520G446","CLL3REB115658979 $","","SPX Express","Rebisco Marketplace Laguna","Shopee Philippines (Rebisco Shopee)","15 Jan, 2026","25 mins ago","16 Jan, 2026 11AM - 8PM"
"3405",="260115456APFW0","CLL3ARA115658980 $","","SPX Express","ARLA PH","Shopee Philippines (Arla Shopee)","15 Jan, 2026","25 mins ago","16 Jan, 2026 11AM - 8PM"
"3406",="582124168309212278","CLL3TYB115658981","","J&T Express","Tiny buds","Tiktok Philippines (Tiny Buds Tiktok)","15 Jan, 2026","25 mins ago","16 Jan, 2026 11AM - 8PM"
"3407",="1064997469818154","CLL3REB115658982","","LEX PH","Rebisco Marketplace Laguna","Lazada Philippines (Rebisco Lazada)","15 Jan, 2026","25 mins ago","16 Jan, 2026 11AM - 8PM"
"3408",="582124538699155135","CLL3TYB115658983 $","","J&T Express","Tiny buds","Tiktok Philippines (Tiny Buds Tiktok)","15 Jan, 2026","25 mins ago","16 Jan, 2026 11AM - 8PM"
"3409",="582124542566630634","CLL3TYB115658984 $","","J&T Express","Tiny buds","Tiktok Philippines (Tiny Buds Tiktok)","15 Jan, 2026","24 mins ago","16 Jan, 2026 11AM - 8PM"
"3410",="582124511764317897","CLL3TYB115658985 $","","J&T Express","Tiny buds","Tiktok Philippines (Tiny Buds Tiktok)","15 Jan, 2026","24 mins ago","16 Jan, 2026 11AM - 8PM"
"3411",="582124491132077486","CLL3TYB115658986 $","","J&T Express","Tiny buds","Tiktok Philippines (Tiny Buds Tiktok)","15 Jan, 2026","24 mins ago","16 Jan, 2026 11AM - 8PM"
"3412",="582124513989133968","CLL3TYB115658987 $","","J&T Express","Tiny buds","Tiktok Philippines (Tiny Buds Tiktok)","15 Jan, 2026","24 mins ago","16 Jan, 2026 11AM - 8PM"
"3413",="582124427404150307","CLL3TYB115658988","","J&T Express","Tiny buds","Tiktok Philippines (Tiny Buds Tiktok)","15 Jan, 2026","24 mins ago","16 Jan, 2026 11AM - 8PM"
"3414",="582124535748462127","CLL3TYB115658992 $","","J&T Express","Tiny buds","Tiktok Philippines (Tiny Buds Tiktok)","15 Jan, 2026","24 mins ago","16 Jan, 2026 11AM - 8PM"
"3415",="582124480734463665","CLL3TYB115658996 $","","J&T Express","Tiny buds","Tiktok Philippines (Tiny Buds Tiktok)","15 Jan, 2026","24 mins ago","16 Jan, 2026 11AM - 8PM"
"3416",="582124444599682771","CLL3TYB115658997 $","","J&T Express","Tiny buds","Tiktok Philippines (Tiny Buds Tiktok)","15 Jan, 2026","24 mins ago","16 Jan, 2026 11AM - 8PM"
"3417",="582124457375794818","CLL3TYB115658998 $","","J&T Express","Tiny buds","Tiktok Philippines (Tiny Buds Tiktok)","15 Jan, 2026","24 mins ago","16 Jan, 2026 11AM - 8PM"
"3418",="260115452V54BD","CLL3LGM115658999 $","","SPX Express","LAGUNA MAIN COMPANY","Shopee Philippines (Mc Cormick Shopee)","15 Jan, 2026","24 mins ago","16 Jan, 2026 11AM - 8PM"
"3419",="582124390451807929","CLL3GNC115659001 $","","J&T Express","Green Cross","Tiktok Philippines (Greencross Tiktok)","15 Jan, 2026","24 mins ago","16 Jan, 2026 11AM - 8PM"
"3420",="582124489650833255","CLL3MNE115659003 $","","Flash Express Philippines","Monde Nissin","Tiktok Philippines (Monde Nissin Tiktok)","15 Jan, 2026","24 mins ago","16 Jan, 2026 11AM - 8PM"
"3421",="1064998639290041","CLL3MNE115659008","","LEX","Monde Nissin","Lazada Philippines (Monde Nissin Lazada)","15 Jan, 2026","24 mins ago","16 Jan, 2026 11AM - 8PM"
"3422",="260115454GJVP7","CLL3MNE115659007 $","","SPX Express","Monde Nissin","Shopee Philippines (Monde Nissin Shopee)","15 Jan, 2026","24 mins ago","16 Jan, 2026 11AM - 8PM"
"3423",="1065007409371824","CLL3MNE115659011 $","","LEX","Monde Nissin","Lazada Philippines (Monde Nissin Lazada)","15 Jan, 2026","24 mins ago","16 Jan, 2026 11AM - 8PM"
"3424",="2601154521BR89","CLL3MNE115659012 $","","SPX Express","Monde Nissin","Shopee Philippines (Monde Nissin Shopee)","15 Jan, 2026","24 mins ago","16 Jan, 2026 11AM - 8PM"
"3425",="260115455XANRS","CLL3MNE115659014 $","","SPX Express","Monde Nissin","Shopee Philippines (Monde Nissin Shopee)","15 Jan, 2026","24 mins ago","16 Jan, 2026 11AM - 8PM"
"3426",="260115452GNYR9","CLL3REB115659015 $","","SPX Express","Rebisco Marketplace Laguna","Shopee Philippines (Rebisco Shopee)","15 Jan, 2026","24 mins ago","16 Jan, 2026 11AM - 8PM"
"3427",="260115451SR1J9","CLL3REB115659017 $","","SPX Express","Rebisco Marketplace Laguna","Shopee Philippines (Rebisco Shopee)","15 Jan, 2026","24 mins ago","16 Jan, 2026 11AM - 8PM"
"3428",="582124217727616566","CLL3TYB115659018 $","","J&T Express","Tiny buds","Tiktok Philippines (Tiny Buds Tiktok)","15 Jan, 2026","24 mins ago","16 Jan, 2026 11AM - 8PM"
"3429",="582124183043277952","CLL3TYB115659021 $","","J&T Express","Tiny buds","Tiktok Philippines (Tiny Buds Tiktok)","15 Jan, 2026","24 mins ago","16 Jan, 2026 11AM - 8PM"
"3430",="582124258297415082","CLL3TYB115659024 $","","J&T Express","Tiny buds","Tiktok Philippines (Tiny Buds Tiktok)","15 Jan, 2026","24 mins ago","16 Jan, 2026 11AM - 8PM"
"3431",="260115455PQBNC","CLL3MNE115659030 $","","J&T","Monde Nissin","Shopee Philippines (Monde Nissin Shopee)","15 Jan, 2026","24 mins ago","16 Jan, 2026 11AM - 8PM"
"3432",="260115450DVSP4","CLL3REB115659031 $","","SPX Express","Rebisco Marketplace Laguna","Shopee Philippines (Rebisco Shopee)","15 Jan, 2026","24 mins ago","16 Jan, 2026 11AM - 8PM"
"3433",="582124362075440806","CLL3TYB115659032 $","","J&T Express","Tiny buds","Tiktok Philippines (Tiny Buds Tiktok)","15 Jan, 2026","24 mins ago","16 Jan, 2026 11AM - 8PM"
"3434",="582124292127229520","CLL3LGM115659033","","J&T Express","LAGUNA MAIN COMPANY","Tiktok Philippines (Mentholatum Tiktok)","15 Jan, 2026","24 mins ago","16 Jan, 2026 11AM - 8PM"
"3435",="2601154534MXVJ","CLL3ARA115659035 $","","SPX Express","ARLA PH","Shopee Philippines (Arla Shopee)","15 Jan, 2026","24 mins ago","16 Jan, 2026 11AM - 8PM"
"3436",="26011545Q5JD4T","CLL3MNE115659040","","SPX Express","Monde Nissin","Shopee Philippines (Monde Nissin Shopee)","15 Jan, 2026","23 mins ago","16 Jan, 2026 11AM - 8PM"
"3437",="582124137912829416","CLL3MNE115659042 $","","J&T Express","Monde Nissin","Tiktok Philippines (Monde Nissin Tiktok)","15 Jan, 2026","23 mins ago","16 Jan, 2026 11AM - 8PM"
"3438",="26011545JA3D9U","CLL3MNE115659043","","SPX Express","Monde Nissin","Shopee Philippines (Monde Nissin Shopee)","15 Jan, 2026","23 mins ago","16 Jan, 2026 11AM - 8PM"
"3439",="582124091373684701","CLL3TYB115659049","","J&T Express","Tiny buds","Tiktok Philippines (Tiny Buds Tiktok)","15 Jan, 2026","23 mins ago","16 Jan, 2026 11AM - 8PM"
"3440",="582124248989795415","CLL3TYB115659050 $","","Ninja Van Philippines","Tiny buds","Tiktok Philippines (Tiny Buds Tiktok)","15 Jan, 2026","23 mins ago","16 Jan, 2026 11AM - 8PM"
"3441",="2601154566Y1AN","CLL3MNE115659051 $","","J&T Cargo","Monde Nissin","Shopee Philippines (Monde Nissin Shopee)","15 Jan, 2026","23 mins ago","16 Jan, 2026 11AM - 8PM"
"3442",="582124214543484891","CLL3MNE115659054 $","","Flash Express Philippines","Monde Nissin","Tiktok Philippines (Monde Nissin Tiktok)","15 Jan, 2026","23 mins ago","16 Jan, 2026 11AM - 8PM"
"3443",="582124323625862910","CLL3REB115659056","","Flash Express Philippines","Rebisco Marketplace Laguna","Tiktok Philippines (Rebisco Tiktok)","15 Jan, 2026","23 mins ago","16 Jan, 2026 11AM - 8PM"
"3444",="2601154538HN38","CLL3MNE115659057 $","","SPX Express","Monde Nissin","Shopee Philippines (Monde Nissin Shopee)","15 Jan, 2026","23 mins ago","16 Jan, 2026 11AM - 8PM"
"3445",="582124333541131912","CLL3TYB115659059 $","","J&T Express","Tiny buds","Tiktok Philippines (Tiny Buds Tiktok)","15 Jan, 2026","23 mins ago","16 Jan, 2026 11AM - 8PM"
"3446",="582124186578880065","CLL3MNE115659060 $","","J&T Express","Monde Nissin","Tiktok Philippines (Monde Nissin Tiktok)","15 Jan, 2026","23 mins ago","16 Jan, 2026 11AM - 8PM"
"3447",="582124324898571345","CLL3TYB115659062 $","","J&T Express","Tiny buds","Tiktok Philippines (Tiny Buds Tiktok)","15 Jan, 2026","23 mins ago","16 Jan, 2026 11AM - 8PM"
"3448",="582124192118899977","CLL3TYB115659065 $","","J&T Express","Tiny buds","Tiktok Philippines (Tiny Buds Tiktok)","15 Jan, 2026","22 mins ago","16 Jan, 2026 11AM - 8PM"
"3449",="260115459DVYK1","CLL3MNE115659069 $","","SPX Express","Monde Nissin","Shopee Philippines (Monde Nissin Shopee)","15 Jan, 2026","22 mins ago","16 Jan, 2026 11AM - 8PM"
"3450",="582124190729471021","CLL3TYB115659070 $","","J&T Express","Tiny buds","Tiktok Philippines (Tiny Buds Tiktok)","15 Jan, 2026","22 mins ago","16 Jan, 2026 11AM - 8PM"
"3451",="2601142URCSFGX","CLL3MNE115659072","","SPX Express","Monde Nissin","Shopee Philippines (Monde Nissin Shopee)","15 Jan, 2026","22 mins ago","16 Jan, 2026 11AM - 8PM"
"3452",="582124384372360526","CLL3TYB115659074 $","","J&T Express","Tiny buds","Tiktok Philippines (Tiny Buds Tiktok)","15 Jan, 2026","22 mins ago","16 Jan, 2026 11AM - 8PM"
"3453",="26011545AN008E","CLL3MNE115659075 $","","SPX Express","Monde Nissin","Shopee Philippines (Monde Nissin Shopee)","15 Jan, 2026","22 mins ago","16 Jan, 2026 11AM - 8PM"
"3454",="260115456VTEW5","CLL3MNE115659076 $","","SPX Express","Monde Nissin","Shopee Philippines (Monde Nissin Shopee)","15 Jan, 2026","22 mins ago","16 Jan, 2026 11AM - 8PM"
"3455",="26011545UGRMHW","CLL3MNE115659077","","SPX Express","Monde Nissin","Shopee Philippines (Monde Nissin Shopee)","15 Jan, 2026","22 mins ago","16 Jan, 2026 11AM - 8PM"
"3456",="582124167497156297","CLL3GNC115659078 $","","J&T Express","Green Cross","Tiktok Philippines (Greencross Tiktok)","15 Jan, 2026","22 mins ago","16 Jan, 2026 11AM - 8PM"
"3457",="582124265551595393","CLL3TYB115659079","","J&T Express","Tiny buds","Tiktok Philippines (Tiny Buds Tiktok)","15 Jan, 2026","22 mins ago","16 Jan, 2026 11AM - 8PM"
"3458",="582124374378055614","CLL3REB115659081","","J&T Express","Rebisco Marketplace Laguna","Tiktok Philippines (Rebisco Tiktok)","15 Jan, 2026","22 mins ago","16 Jan, 2026 11AM - 8PM"
"3459",="582124192015484331","CLL3TYB115659082 $","","J&T Express","Tiny buds","Tiktok Philippines (Tiny Buds Tiktok)","15 Jan, 2026","22 mins ago","16 Jan, 2026 11AM - 8PM"
"3460",="582124194488092492","CLL3LGM115659083","","J&T Express","LAGUNA MAIN COMPANY","Tiktok Philippines (Mentholatum Tiktok)","15 Jan, 2026","22 mins ago","16 Jan, 2026 11AM - 8PM"
"3461",="582124268271601134","CLL3TYB115659084 $","","J&T Express","Tiny buds","Tiktok Philippines (Tiny Buds Tiktok)","15 Jan, 2026","22 mins ago","16 Jan, 2026 11AM - 8PM"
"3462",="26011545BT6VNX","CLL3ARA115659086 $","","SPX Express","ARLA PH","Shopee Philippines (Arla Shopee)","15 Jan, 2026","22 mins ago","16 Jan, 2026 11AM - 8PM"
"3463",="26011545T14Y86","CLL3ARA115659088","","SPX Express","ARLA PH","Shopee Philippines (Arla Shopee)","15 Jan, 2026","22 mins ago","16 Jan, 2026 11AM - 8PM"
"3464",="26011545RYPSKA","CLL3ARA115659089","","SPX Express","ARLA PH","Shopee Philippines (Arla Shopee)","15 Jan, 2026","22 mins ago","16 Jan, 2026 11AM - 8PM"
"3465",="582124233836234591","CLL3TYB115659093 $","","J&T Express","Tiny buds","Tiktok Philippines (Tiny Buds Tiktok)","15 Jan, 2026","22 mins ago","16 Jan, 2026 11AM - 8PM"
"3466",="582124349923755218","CLL3TYB115659094 $","","Ninja Van Philippines","Tiny buds","Tiktok Philippines (Tiny Buds Tiktok)","15 Jan, 2026","22 mins ago","16 Jan, 2026 11AM - 8PM"
"3467",="582124237093832453","CLL3TYB115659095 $","","J&T Express","Tiny buds","Tiktok Philippines (Tiny Buds Tiktok)","15 Jan, 2026","21 mins ago","16 Jan, 2026 11AM - 8PM"
"3468",="582124233879947084","CLL3TYB115659097 $","","J&T Express","Tiny buds","Tiktok Philippines (Tiny Buds Tiktok)","15 Jan, 2026","21 mins ago","16 Jan, 2026 11AM - 8PM"
"3469",="26011545V4SNWJ","CLL3ARA115659100","","SPX Express","ARLA PH","Shopee Philippines (Arla Shopee)","15 Jan, 2026","21 mins ago","16 Jan, 2026 11AM - 8PM"
"3470",="582124373363098868","CLL3TYB115659101 $","","J&T Express","Tiny buds","Tiktok Philippines (Tiny Buds Tiktok)","15 Jan, 2026","21 mins ago","16 Jan, 2026 11AM - 8PM"
"3471",="26011545T9PXJV","CLL3MNE115659103","","SPX Express","Monde Nissin","Shopee Philippines (Monde Nissin Shopee)","15 Jan, 2026","21 mins ago","16 Jan, 2026 11AM - 8PM"
"3472",="26011545SQM26U","CLL3MNE115659104","","SPX Express","Monde Nissin","Shopee Philippines (Monde Nissin Shopee)","15 Jan, 2026","21 mins ago","16 Jan, 2026 11AM - 8PM"
"3473",="26011545BQB84Q","CLL3MNE115659106 $","","SPX Express","Monde Nissin","Shopee Philippines (Monde Nissin Shopee)","15 Jan, 2026","21 mins ago","16 Jan, 2026 11AM - 8PM"
"3474",="26011545V3U7CS","CLL3MNE115659108","","SPX Express","Monde Nissin","Shopee Philippines (Monde Nissin Shopee)","15 Jan, 2026","21 mins ago","16 Jan, 2026 11AM - 8PM"
"3475",="582124371843122318","CLL3TYB115659112 $","","J&T Express","Tiny buds","Tiktok Philippines (Tiny Buds Tiktok)","15 Jan, 2026","21 mins ago","16 Jan, 2026 11AM - 8PM"
"3476",="582124256368822160","CLL3TYB115659113 $","","J&T Express","Tiny buds","Tiktok Philippines (Tiny Buds Tiktok)","15 Jan, 2026","21 mins ago","16 Jan, 2026 11AM - 8PM"
"3477",="260115457GWA5K","CLL3MNE115659114 $","","SPX Express","Monde Nissin","Shopee Philippines (Monde Nissin Shopee)","15 Jan, 2026","21 mins ago","16 Jan, 2026 11AM - 8PM"
"3478",="26011545BJKHXX","CLL3MNE115659116 $","","SPX Express","Monde Nissin","Shopee Philippines (Monde Nissin Shopee)","15 Jan, 2026","21 mins ago","16 Jan, 2026 11AM - 8PM"
"3479",="260115458CJ3QC","CLL3MNE115659117 $","","SPX Express","Monde Nissin","Shopee Philippines (Monde Nissin Shopee)","15 Jan, 2026","21 mins ago","16 Jan, 2026 11AM - 8PM"
"3480",="582124377061754301","CLL3TYB115659119 $","","J&T Express","Tiny buds","Tiktok Philippines (Tiny Buds Tiktok)","15 Jan, 2026","21 mins ago","16 Jan, 2026 11AM - 8PM"
"3481",="260115458BHX5F","CLL3REB115659120 $","","SPX Express","Rebisco Marketplace Laguna","Shopee Philippines (Rebisco Shopee)","15 Jan, 2026","21 mins ago","16 Jan, 2026 11AM - 8PM"
"3482",="26011545UX645W","CLL3REB115659121","","SPX Express","Rebisco Marketplace Laguna","Shopee Philippines (Rebisco Shopee)","15 Jan, 2026","21 mins ago","16 Jan, 2026 11AM - 8PM"
"3483",="26011545T8RS8H","CLL3MNE115659122","","SPX Express","Monde Nissin","Shopee Philippines (Monde Nissin Shopee)","15 Jan, 2026","21 mins ago","16 Jan, 2026 11AM - 8PM"
"3484",="260115456S1VNT","CLL3MNE115659126 $","","SPX Express","Monde Nissin","Shopee Philippines (Monde Nissin Shopee)","15 Jan, 2026","21 mins ago","16 Jan, 2026 11AM - 8PM"
"3485",="2601154593EMVV","CLL3MNE115659128 $","","SPX Express","Monde Nissin","Shopee Philippines (Monde Nissin Shopee)","15 Jan, 2026","21 mins ago","16 Jan, 2026 11AM - 8PM"
"3486",="582124413854254868","CLL3TYB115659130","","J&T Express","Tiny buds","Tiktok Philippines (Tiny Buds Tiktok)","15 Jan, 2026","21 mins ago","16 Jan, 2026 11AM - 8PM"
"3487",="582124561468261422","CLL3ARA115659133 $","","J&T Express","ARLA PH","Tiktok Philippines (Arla Tiktok)","15 Jan, 2026","21 mins ago","16 Jan, 2026 11AM - 8PM"
"3488",="582124531080070545","CLL3ARA115659134","","J&T Express","ARLA PH","Tiktok Philippines (Arla Tiktok)","15 Jan, 2026","21 mins ago","16 Jan, 2026 11AM - 8PM"
"3489",="582124531943901148","CLL3LGM115659136 $","","J&T Express","LAGUNA MAIN COMPANY","Tiktok Philippines (Mogu Mogu Tiktok)","15 Jan, 2026","21 mins ago","16 Jan, 2026 11AM - 8PM"
"3490",="582124574865393289","CLL3ARA115659138 $","","J&T Express","ARLA PH","Tiktok Philippines (Arla Tiktok)","15 Jan, 2026","21 mins ago","16 Jan, 2026 11AM - 8PM"
"3491",="582124580221519606","CLL3GNC115659140 $","","J&T Express","Green Cross","Tiktok Philippines (Greencross Tiktok)","15 Jan, 2026","21 mins ago","16 Jan, 2026 11AM - 8PM"
"3492",="582124577098204242","CLL3REB115659144 $","","J&T Express","Rebisco Marketplace Laguna","Tiktok Philippines (Rebisco Tiktok)","15 Jan, 2026","21 mins ago","16 Jan, 2026 11AM - 8PM"
"3493",="582124555250140618","CLL3REB115659145 $","","J&T Express","Rebisco Marketplace Laguna","Tiktok Philippines (Rebisco Tiktok)","15 Jan, 2026","21 mins ago","16 Jan, 2026 11AM - 8PM"
"3494",="582124527071954467","CLL3TYB115659147","","J&T Express","Tiny buds","Tiktok Philippines (Tiny Buds Tiktok)","15 Jan, 2026","20 mins ago","16 Jan, 2026 11AM - 8PM"
"3495",="582124562339497849","CLL3TYB115659150 $","","J&T Express","Tiny buds","Tiktok Philippines (Tiny Buds Tiktok)","15 Jan, 2026","20 mins ago","16 Jan, 2026 11AM - 8PM"
"3496",="582124562307057370","CLL3TYB115659151 $","","J&T Express","Tiny buds","Tiktok Philippines (Tiny Buds Tiktok)","15 Jan, 2026","20 mins ago","16 Jan, 2026 11AM - 8PM"
"3497",="582124542051911202","CLL3TYB115659152 $","","J&T Express","Tiny buds","Tiktok Philippines (Tiny Buds Tiktok)","15 Jan, 2026","20 mins ago","16 Jan, 2026 11AM - 8PM"
"3498",="582124592117941757","CLL3TYB115659153 $","","J&T Express","Tiny buds","Tiktok Philippines (Tiny Buds Tiktok)","15 Jan, 2026","20 mins ago","16 Jan, 2026 11AM - 8PM"
"3499",="582124567124019077","CLL3TYB115659154 $","","J&T Express","Tiny buds","Tiktok Philippines (Tiny Buds Tiktok)","15 Jan, 2026","20 mins ago","16 Jan, 2026 11AM - 8PM"
"3500",="582124589282068410","CLL3TYB115659155 $","","J&T Express","Tiny buds","Tiktok Philippines (Tiny Buds Tiktok)","15 Jan, 2026","20 mins ago","16 Jan, 2026 11AM - 8PM"
"3501",="260115458WNXXD","CLL3REB115659157 $","","SPX Express","Rebisco Marketplace Laguna","Shopee Philippines (Rebisco Shopee)","15 Jan, 2026","20 mins ago","16 Jan, 2026 11AM - 8PM"
"3502",="26011545Q2QM61","CLL3MNE115659167","","SPX Express","Monde Nissin","Shopee Philippines (Monde Nissin Shopee)","15 Jan, 2026","20 mins ago","16 Jan, 2026 11AM - 8PM"
"3503",="26011545F17UJR","CLL3REB115659169 $","","SPX Express","Rebisco Marketplace Laguna","Shopee Philippines (Rebisco Shopee)","15 Jan, 2026","20 mins ago","16 Jan, 2026 11AM - 8PM"
"3504",="26011545DV03C6","CLL3REB115659175 $","","SPX Express","Rebisco Marketplace Laguna","Shopee Philippines (Rebisco Shopee)","15 Jan, 2026","20 mins ago","16 Jan, 2026 11AM - 8PM"
"3505",="26011545R07BGJ","CLL3MNE115659174","","SPX Express","Monde Nissin","Shopee Philippines (Monde Nissin Shopee)","15 Jan, 2026","20 mins ago","16 Jan, 2026 11AM - 8PM"
"3506",="26011545YHGEXF","CLL3REB115659176","","SPX Express","Rebisco Marketplace Laguna","Shopee Philippines (Rebisco Shopee)","15 Jan, 2026","19 mins ago","16 Jan, 2026 11AM - 8PM"
"3507",="26011545F2441S","CLL3MNE115659178 $","","SPX Express","Monde Nissin","Shopee Philippines (Monde Nissin Shopee)","15 Jan, 2026","19 mins ago","16 Jan, 2026 11AM - 8PM"
"3508",="26011545FKC36V","CLL3MNE115659179 $","","SPX Express","Monde Nissin","Shopee Philippines (Monde Nissin Shopee)","15 Jan, 2026","19 mins ago","16 Jan, 2026 11AM - 8PM"
"3509",="26011545FN6WNP","CLL3MNE115659181 $","","J&T Cargo","Monde Nissin","Shopee Philippines (Monde Nissin Shopee)","15 Jan, 2026","19 mins ago","16 Jan, 2026 11AM - 8PM"
"3510",="260115462HUKAF","CLL3ARA115659182","","SPX Express","ARLA PH","Shopee Philippines (Arla Shopee)","15 Jan, 2026","19 mins ago","16 Jan, 2026 11AM - 8PM"
"3511",="26011545X7KPF4","CLL3MNE115659184","","SPX Express","Monde Nissin","Shopee Philippines (Monde Nissin Shopee)","15 Jan, 2026","19 mins ago","16 Jan, 2026 11AM - 8PM"
"3512",="260115460QQ20X","CLL3LGM115659190","","SPX Express","LAGUNA MAIN COMPANY","Shopee Philippines (Mentholatum Shopee)","15 Jan, 2026","19 mins ago","16 Jan, 2026 11AM - 8PM"
"3513",="260115460SJJFQ","CLL3MNE115659193","","SPX Express","Monde Nissin","Shopee Philippines (Monde Nissin Shopee)","15 Jan, 2026","19 mins ago","16 Jan, 2026 11AM - 8PM"
"3514",="26011545DEM2G0","CLL3ARA115659194 $","","SPX Express","ARLA PH","Shopee Philippines (Arla Shopee)","15 Jan, 2026","19 mins ago","16 Jan, 2026 11AM - 8PM"
"3515",="26011545DMDRG6","CLL3LGM115659195 $","","SPX Express","LAGUNA MAIN COMPANY","Shopee Philippines (Mc Cormick Shopee)","15 Jan, 2026","19 mins ago","16 Jan, 2026 11AM - 8PM"
"3516",="26011546141NJR","CLL3MNE115659197","","SPX Express","Monde Nissin","Shopee Philippines (Monde Nissin Shopee)","15 Jan, 2026","19 mins ago","16 Jan, 2026 11AM - 8PM"
"3517",="26011546143NYM","CLL3ARA115659198","","SPX Express","ARLA PH","Shopee Philippines (Arla Shopee)","15 Jan, 2026","19 mins ago","16 Jan, 2026 11AM - 8PM"
"3518",="26011545XXFC63","CLL3MNE115659199","","SPX Express","Monde Nissin","Shopee Philippines (Monde Nissin Shopee)","15 Jan, 2026","19 mins ago","16 Jan, 2026 11AM - 8PM"
"3519",="582124304203876045","CLL3GNC115659200 $","","J&T Express","Green Cross","Tiktok Philippines (Greencross Tiktok)","15 Jan, 2026","18 mins ago","16 Jan, 2026 11AM - 8PM"
"3520",="26011545CPUW6U","CLL3LGM115659204 $","","SPX Express","LAGUNA MAIN COMPANY","Shopee Philippines (Mogu Mogu Shopee)","15 Jan, 2026","18 mins ago","16 Jan, 2026 11AM - 8PM"
"3521",="26011546299G13","CLL3ARA115659207","","SPX Express","ARLA PH","Shopee Philippines (Arla Shopee)","15 Jan, 2026","18 mins ago","16 Jan, 2026 11AM - 8PM"
"3522",="26011545W1DFUA","CLL3MNE115659210","","SPX Express","Monde Nissin","Shopee Philippines (Monde Nissin Shopee)","15 Jan, 2026","18 mins ago","16 Jan, 2026 11AM - 8PM"
"3523",="26011545EGYC1T","CLL3MNE115659211 $","","SPX Express","Monde Nissin","Shopee Philippines (Monde Nissin Shopee)","15 Jan, 2026","18 mins ago","16 Jan, 2026 11AM - 8PM"
"3524",="26011545ENSFWJ","CLL3MNE115659212 $","","SPX Express","Monde Nissin","Shopee Philippines (Monde Nissin Shopee)","15 Jan, 2026","18 mins ago","16 Jan, 2026 11AM - 8PM"
"3525",="582124293034182415","CLL3TYB115659214 $","","J&T Express","Tiny buds","Tiktok Philippines (Tiny Buds Tiktok)","15 Jan, 2026","18 mins ago","16 Jan, 2026 11AM - 8PM"
"3526",="26011545C9F8BM","CLL3MNE115659216 $","","J&T","Monde Nissin","Shopee Philippines (Monde Nissin Shopee)","15 Jan, 2026","18 mins ago","16 Jan, 2026 11AM - 8PM"
"3527",="582124362017900356","CLL3MNE115659218 $","","J&T Express","Monde Nissin","Tiktok Philippines (Monde Nissin Tiktok)","15 Jan, 2026","18 mins ago","16 Jan, 2026 11AM - 8PM"
"3528",="582124277897332211","CLL3TYB115659222","","J&T Express","Tiny buds","Tiktok Philippines (Tiny Buds Tiktok)","15 Jan, 2026","18 mins ago","16 Jan, 2026 11AM - 8PM"
"3529",="582124329752757405","CLL3TYB115659224","","J&T Express","Tiny buds","Tiktok Philippines (Tiny Buds Tiktok)","15 Jan, 2026","18 mins ago","16 Jan, 2026 11AM - 8PM"
"3530",="2601154626EAWY","CLL3ARA115659226","","SPX Express","ARLA PH","Shopee Philippines (Arla Shopee)","15 Jan, 2026","18 mins ago","16 Jan, 2026 11AM - 8PM"
"3531",="260115460G3990","CLL3MNE115659228","","J&T","Monde Nissin","Shopee Philippines (Monde Nissin Shopee)","15 Jan, 2026","18 mins ago","16 Jan, 2026 11AM - 8PM"
"3532",="26011545HM5RSU","CLL3MNE115659229 $","","SPX Express","Monde Nissin","Shopee Philippines (Monde Nissin Shopee)","15 Jan, 2026","18 mins ago","16 Jan, 2026 11AM - 8PM"
"3533",="26011545W1DFUB","CLL3REB115659231","","SPX Express","Rebisco Marketplace Laguna","Shopee Philippines (Rebisco Shopee)","15 Jan, 2026","18 mins ago","16 Jan, 2026 11AM - 8PM"
"3534",="26011545F7UWSE","CLL3ARA115659234 $","","SPX Express","ARLA PH","Shopee Philippines (Arla Shopee)","15 Jan, 2026","18 mins ago","16 Jan, 2026 11AM - 8PM"
"3535",="582124442426574102","CLL3GNC115659236 $","","J&T Express","Green Cross","Tiktok Philippines (Greencross Tiktok)","15 Jan, 2026","18 mins ago","16 Jan, 2026 11AM - 8PM"
"3536",="26011545HEDPY4","CLL3MNE115659238 $","","SPX Express","Monde Nissin","Shopee Philippines (Monde Nissin Shopee)","15 Jan, 2026","18 mins ago","16 Jan, 2026 11AM - 8PM"
"3537",="582124162054129651","CLL3MNE115659239 $","","J&T Express","Monde Nissin","Tiktok Philippines (Monde Nissin Tiktok)","15 Jan, 2026","18 mins ago","16 Jan, 2026 11AM - 8PM"
"3538",="2601154636U29K","CLL3MNE115659241","","SPX Express","Monde Nissin","Shopee Philippines (Monde Nissin Shopee)","15 Jan, 2026","18 mins ago","16 Jan, 2026 11AM - 8PM"
"3539",="582124470190179860","CLL3TYB115659243","","J&T Express","Tiny buds","Tiktok Philippines (Tiny Buds Tiktok)","15 Jan, 2026","17 mins ago","16 Jan, 2026 11AM - 8PM"
"3540",="582124298818127553","CLL3TYB115659246 $","","J&T Express","Tiny buds","Tiktok Philippines (Tiny Buds Tiktok)","15 Jan, 2026","17 mins ago","16 Jan, 2026 11AM - 8PM"
"3541",="582124121354503761","CLL3MNE115659247 $","","J&T Express","Monde Nissin","Tiktok Philippines (Monde Nissin Tiktok)","15 Jan, 2026","17 mins ago","16 Jan, 2026 11AM - 8PM"
"3542",="582124561785063246","CLL3TYB115659251 $","","J&T Express","Tiny buds","Tiktok Philippines (Tiny Buds Tiktok)","15 Jan, 2026","17 mins ago","16 Jan, 2026 11AM - 8PM"
"3543",="582124362401350796","CLL3TYB115659252 $","","J&T Express","Tiny buds","Tiktok Philippines (Tiny Buds Tiktok)","15 Jan, 2026","17 mins ago","16 Jan, 2026 11AM - 8PM"
"3544",="582124609262356316","CLL3GNC115659257 $","","J&T Express","Green Cross","Tiktok Philippines (Greencross Tiktok)","15 Jan, 2026","17 mins ago","16 Jan, 2026 11AM - 8PM"
"3545",="1073372911524970","CLL3ARA115659259","","LEX PH","ARLA PH","Lazada Philippines (Arla Lazada)","15 Jan, 2026","17 mins ago","16 Jan, 2026 11AM - 8PM"
"3546",="582124465188472736","CLL3TYB115659260 $","","J&T Express","Tiny buds","Tiktok Philippines (Tiny Buds Tiktok)","15 Jan, 2026","17 mins ago","16 Jan, 2026 11AM - 8PM"
"3547",="582124682133341266","CLL3ARA115659261 $","","J&T Express","ARLA PH","Tiktok Philippines (Arla Tiktok)","15 Jan, 2026","17 mins ago","16 Jan, 2026 11AM - 8PM"
"3548",="582124132810065360","CLL3MNE115659262 $","","Flash Express Philippines","Monde Nissin","Tiktok Philippines (Monde Nissin Tiktok)","15 Jan, 2026","17 mins ago","16 Jan, 2026 11AM - 8PM"
"3549",="582124593248896709","CLL3TYB115659263 $","","J&T Express","Tiny buds","Tiktok Philippines (Tiny Buds Tiktok)","15 Jan, 2026","17 mins ago","16 Jan, 2026 11AM - 8PM"
"3550",="582124571643184190","CLL3TYB115659264 $","","J&T Express","Tiny buds","Tiktok Philippines (Tiny Buds Tiktok)","15 Jan, 2026","17 mins ago","16 Jan, 2026 11AM - 8PM"
"3551",="582124655728690752","CLL3TYB115659265 $","","J&T Express","Tiny buds","Tiktok Philippines (Tiny Buds Tiktok)","15 Jan, 2026","17 mins ago","16 Jan, 2026 11AM - 8PM"
"3552",="582124607241750038","CLL3TYB115659267 $","","J&T Express","Tiny buds","Tiktok Philippines (Tiny Buds Tiktok)","15 Jan, 2026","17 mins ago","16 Jan, 2026 11AM - 8PM"
"3553",="582124681817195803","CLL3TYB115659268 $","","J&T Express","Tiny buds","Tiktok Philippines (Tiny Buds Tiktok)","15 Jan, 2026","17 mins ago","16 Jan, 2026 11AM - 8PM"
"3554",="1064993899316850","CLL3MNE115659269 $","","LEX PH","Monde Nissin","Lazada Philippines (Monde Nissin Lazada)","15 Jan, 2026","17 mins ago","16 Jan, 2026 11AM - 8PM"
"3555",="1073377100752403","CLL3MNE115659270 $","","LEX PH","Monde Nissin","Lazada Philippines (Monde Nissin Lazada)","15 Jan, 2026","17 mins ago","16 Jan, 2026 11AM - 8PM"
"3556",="1064995288616850","CLL3MNE115659271 $","","LEX PH","Monde Nissin","Lazada Philippines (Monde Nissin Lazada)","15 Jan, 2026","17 mins ago","16 Jan, 2026 11AM - 8PM"
"3557",="582124138367714780","CLL3TYB115659274 $","","J&T Express","Tiny buds","Tiktok Philippines (Tiny Buds Tiktok)","15 Jan, 2026","17 mins ago","16 Jan, 2026 11AM - 8PM"
"3558",="582124491416700218","CLL3TYB115659273","","Ninja Van Philippines","Tiny buds","Tiktok Philippines (Tiny Buds Tiktok)","15 Jan, 2026","17 mins ago","16 Jan, 2026 11AM - 8PM"
"3559",="26011545W0EPNA","CLL3REB115659275","","SPX Express","Rebisco Marketplace Laguna","Shopee Philippines (Rebisco Shopee)","15 Jan, 2026","17 mins ago","16 Jan, 2026 11AM - 8PM"
"3560",="582124448497828916","CLL3TYB115659286 $","","J&T Express","Tiny buds","Tiktok Philippines (Tiny Buds Tiktok)","15 Jan, 2026","16 mins ago","16 Jan, 2026 11AM - 8PM"
"3561",="26011546684UX4","CLL3ARA115659288","","SPX Express","ARLA PH","Shopee Philippines (Arla Shopee)","15 Jan, 2026","16 mins ago","16 Jan, 2026 11AM - 8PM"
"3562",="582124364440568916","CLL3MNE115659289","","J&T Express","Monde Nissin","Tiktok Philippines (Monde Nissin Tiktok)","15 Jan, 2026","16 mins ago","16 Jan, 2026 11AM - 8PM"
"3563",="582124500681262921","CLL3TYB115659296 $","","J&T Express","Tiny buds","Tiktok Philippines (Tiny Buds Tiktok)","15 Jan, 2026","16 mins ago","16 Jan, 2026 11AM - 8PM"
"3564",="26011545W83M66","CLL3MNE115659297","","SPX Express","Monde Nissin","Shopee Philippines (Monde Nissin Shopee)","15 Jan, 2026","16 mins ago","16 Jan, 2026 11AM - 8PM"
"3565",="582124433407706636","CLL3TYB115659298 $","","J&T Express","Tiny buds","Tiktok Philippines (Tiny Buds Tiktok)","15 Jan, 2026","16 mins ago","16 Jan, 2026 11AM - 8PM"
"3566",="582124189330409441","CLL3TYB115659301 $","","J&T Express","Tiny buds","Tiktok Philippines (Tiny Buds Tiktok)","15 Jan, 2026","16 mins ago","16 Jan, 2026 11AM - 8PM"
"3567",="26011545VAH3NE","CLL3MNE115659302","","SPX Express","Monde Nissin","Shopee Philippines (Monde Nissin Shopee)","15 Jan, 2026","16 mins ago","16 Jan, 2026 11AM - 8PM"
"3568",="260115467AEDSH","CLL3MNE115659304","","SPX Express","Monde Nissin","Shopee Philippines (Monde Nissin Shopee)","15 Jan, 2026","16 mins ago","16 Jan, 2026 11AM - 8PM"
"3569",="260115464UAGS6","CLL3TBY115659305","","SPX Express","The Body Shop","Shopee Philippines (The Body Shop Shopee)","15 Jan, 2026","16 mins ago","16 Jan, 2026 11AM - 8PM"
"3570",="260115466916BV","CLL3MNE115659307","","J&T Cargo","Monde Nissin","Shopee Philippines (Monde Nissin Shopee)","15 Jan, 2026","16 mins ago","16 Jan, 2026 11AM - 8PM"
"3571",="26011545PT2S5A","CLL3MNE115659308 $","","SPX Express","Monde Nissin","Shopee Philippines (Monde Nissin Shopee)","15 Jan, 2026","16 mins ago","16 Jan, 2026 11AM - 8PM"
"3572",="26011545JQDTC4","CLL3REB115659309 $","","SPX Express","Rebisco Marketplace Laguna","Shopee Philippines (Rebisco Shopee)","15 Jan, 2026","16 mins ago","16 Jan, 2026 11AM - 8PM"
"3573",="260115467008VD","CLL3REB115659313","","SPX Express","Rebisco Marketplace Laguna","Shopee Philippines (Rebisco Shopee)","15 Jan, 2026","15 mins ago","16 Jan, 2026 11AM - 8PM"
"3574",="260115466GPBSU","CLL3ARA115659315","","SPX Express","ARLA PH","Shopee Philippines (Arla Shopee)","15 Jan, 2026","15 mins ago","16 Jan, 2026 11AM - 8PM"
"3575",="582124113758749875","CLL3REB115659316","","J&T Express","Rebisco Marketplace Laguna","Tiktok Philippines (Rebisco Tiktok)","15 Jan, 2026","15 mins ago","16 Jan, 2026 11AM - 8PM"
"3576",="26011545P55VX6","CLL3MNE115659320 $","","SPX Express","Monde Nissin","Shopee Philippines (Monde Nissin Shopee)","15 Jan, 2026","15 mins ago","16 Jan, 2026 11AM - 8PM"
"3577",="26011545J685WR","CLL3MNE115659322 $","","J&T","Monde Nissin","Shopee Philippines (Monde Nissin Shopee)","15 Jan, 2026","15 mins ago","16 Jan, 2026 11AM - 8PM"
"3578",="26011545PFMWK8","CLL3MNE115659324 $","","SPX Express","Monde Nissin","Shopee Philippines (Monde Nissin Shopee)","15 Jan, 2026","15 mins ago","16 Jan, 2026 11AM - 8PM"
"3579",="26011545HYKMDH","CLL3MNE115659325 $","","SPX Express","Monde Nissin","Shopee Philippines (Monde Nissin Shopee)","15 Jan, 2026","15 mins ago","16 Jan, 2026 11AM - 8PM"
"3580",="582124503074833810","CLL3TYB115659327 $","","J&T Express","Tiny buds","Tiktok Philippines (Tiny Buds Tiktok)","15 Jan, 2026","15 mins ago","16 Jan, 2026 11AM - 8PM"
"3581",="26011545NMV9ET","CLL3REB115659328 $","","SPX Express","Rebisco Marketplace Laguna","Shopee Philippines (Rebisco Shopee)","15 Jan, 2026","15 mins ago","16 Jan, 2026 11AM - 8PM"
"3582",="260115466MHN5A","CLL3MNE115659334","","SPX Express","Monde Nissin","Shopee Philippines (Monde Nissin Shopee)","15 Jan, 2026","15 mins ago","16 Jan, 2026 11AM - 8PM"
"3583",="26011546890D52","CLL3REB115659337","","SPX Express","Rebisco Marketplace Laguna","Shopee Philippines (Rebisco Shopee)","15 Jan, 2026","15 mins ago","16 Jan, 2026 11AM - 8PM"
"3584",="26011545M49NUK","CLL3REB115659338 $","","SPX Express","Rebisco Marketplace Laguna","Shopee Philippines (Rebisco Shopee)","15 Jan, 2026","15 mins ago","16 Jan, 2026 11AM - 8PM"
"3585",="2601154634W9R5","CLL3LGM115659340","","SPX Express","LAGUNA MAIN COMPANY","Shopee Philippines (Mc Cormick Shopee)","15 Jan, 2026","15 mins ago","16 Jan, 2026 11AM - 8PM"
"3586",="260115465M44Y4","CLL3MNE115659341","","SPX Express","Monde Nissin","Shopee Philippines (Monde Nissin Shopee)","15 Jan, 2026","15 mins ago","16 Jan, 2026 11AM - 8PM"
"3587",="26011545P61YT0","CLL3LGM115659342 $","","SPX Express","LAGUNA MAIN COMPANY","Shopee Philippines (Mc Cormick Shopee)","15 Jan, 2026","15 mins ago","16 Jan, 2026 11AM - 8PM"
"3588",="582124394122216673","CLL3ARA115659343","","J&T Express","ARLA PH","Tiktok Philippines (Arla Tiktok)","15 Jan, 2026","15 mins ago","16 Jan, 2026 11AM - 8PM"
"3589",="26011545JEU344","CLL3MNE115659347 $","","SPX Express","Monde Nissin","Shopee Philippines (Monde Nissin Shopee)","15 Jan, 2026","15 mins ago","16 Jan, 2026 11AM - 8PM"
"3590",="26011545Q4K8Y7","CLL3MNE115659348 $","","SPX Express","Monde Nissin","Shopee Philippines (Monde Nissin Shopee)","15 Jan, 2026","15 mins ago","16 Jan, 2026 11AM - 8PM"
"3591",="26011545PGJSCR","CLL3MNE115659349 $","","SPX Express","Monde Nissin","Shopee Philippines (Monde Nissin Shopee)","15 Jan, 2026","15 mins ago","16 Jan, 2026 11AM - 8PM"
"3592",="582124466707137794","CLL3TYB115659352 $","","Ninja Van Philippines","Tiny buds","Tiktok Philippines (Tiny Buds Tiktok)","15 Jan, 2026","14 mins ago","16 Jan, 2026 11AM - 8PM"
"3593",="582124428339676455","CLL3TYB115659357","","J&T Express","Tiny buds","Tiktok Philippines (Tiny Buds Tiktok)","15 Jan, 2026","14 mins ago","16 Jan, 2026 11AM - 8PM"
"3594",="26011545Q5HYNK","CLL3LGM115659361 $","","SPX Express","LAGUNA MAIN COMPANY","Shopee Philippines (Mc Cormick Shopee)","15 Jan, 2026","14 mins ago","16 Jan, 2026 11AM - 8PM"
"3595",="582124450016887956","CLL3REB115659363 $","","J&T Express","Rebisco Marketplace Laguna","Tiktok Philippines (Rebisco Tiktok)","15 Jan, 2026","14 mins ago","16 Jan, 2026 11AM - 8PM"
"3596",="26011545UY3TRY","CLL3MNE115659366 $","","SPX Express","Monde Nissin","Shopee Philippines (Monde Nissin Shopee)","15 Jan, 2026","14 mins ago","16 Jan, 2026 11AM - 8PM"
"3597",="582124402639865247","CLL3GNC115659367 $","","J&T Express","Green Cross","Tiktok Philippines (Greencross Tiktok)","15 Jan, 2026","14 mins ago","16 Jan, 2026 11AM - 8PM"
"3598",="582124467739788754","CLL3GNC115659368","","J&T Express","Green Cross","Tiktok Philippines (Greencross Tiktok)","15 Jan, 2026","14 mins ago","16 Jan, 2026 11AM - 8PM"
"3599",="582124203308713569","CLL3TYB115659369 $","","Ninja Van Philippines","Tiny buds","Tiktok Philippines (Tiny Buds Tiktok)","15 Jan, 2026","14 mins ago","16 Jan, 2026 11AM - 8PM"
"3600",="582124319733155820","CLL3MNE115659370 $","","Flash Express Philippines","Monde Nissin","Tiktok Philippines (Monde Nissin Tiktok)","15 Jan, 2026","14 mins ago","16 Jan, 2026 11AM - 8PM"
"3601",="582124382654465515","CLL3TYB115659372 $","","J&T Express","Tiny buds","Tiktok Philippines (Tiny Buds Tiktok)","15 Jan, 2026","14 mins ago","16 Jan, 2026 11AM - 8PM"
"3602",="582124343515776497","CLL3TYB115659374 $","","J&T Express","Tiny buds","Tiktok Philippines (Tiny Buds Tiktok)","15 Jan, 2026","14 mins ago","16 Jan, 2026 11AM - 8PM"
"3603",="582124301551174880","CLL3TYB115659375 $","","J&T Express","Tiny buds","Tiktok Philippines (Tiny Buds Tiktok)","15 Jan, 2026","14 mins ago","16 Jan, 2026 11AM - 8PM"
"3604",="26011545TM6R02","CLL3MNE115659376 $","","SPX Express","Monde Nissin","Shopee Philippines (Monde Nissin Shopee)","15 Jan, 2026","13 mins ago","16 Jan, 2026 11AM - 8PM"
"3605",="582124296632436218","CLL3REB115659377","","Flash Express Philippines","Rebisco Marketplace Laguna","Tiktok Philippines (Rebisco Tiktok)","15 Jan, 2026","13 mins ago","16 Jan, 2026 11AM - 8PM"
"3606",="582124417666942772","CLL3TYB115659378 $","","J&T Express","Tiny buds","Tiktok Philippines (Tiny Buds Tiktok)","15 Jan, 2026","13 mins ago","16 Jan, 2026 11AM - 8PM"
"3607",="582124442734986772","CLL3TYB115659379 $","","J&T Express","Tiny buds","Tiktok Philippines (Tiny Buds Tiktok)","15 Jan, 2026","13 mins ago","16 Jan, 2026 11AM - 8PM"
"3608",="582124499669386995","CLL3TYB115659380","","J&T Express","Tiny buds","Tiktok Philippines (Tiny Buds Tiktok)","15 Jan, 2026","13 mins ago","16 Jan, 2026 11AM - 8PM"
"3609",="582124307809667053","CLL3MNE115659383 $","","J&T Express","Monde Nissin","Tiktok Philippines (Monde Nissin Tiktok)","15 Jan, 2026","13 mins ago","16 Jan, 2026 11AM - 8PM"
"3610",="582124504008460144","CLL3TYB115659384 $","","J&T Express","Tiny buds","Tiktok Philippines (Tiny Buds Tiktok)","15 Jan, 2026","13 mins ago","16 Jan, 2026 11AM - 8PM"
"3611",="26011545RTXN1T","CLL3REB115659389 $","","SPX Express","Rebisco Marketplace Laguna","Shopee Philippines (Rebisco Shopee)","15 Jan, 2026","13 mins ago","16 Jan, 2026 11AM - 8PM"
"3612",="26011545VBHDPA","CLL3MNE115659390 $","","SPX Express","Monde Nissin","Shopee Philippines (Monde Nissin Shopee)","15 Jan, 2026","13 mins ago","16 Jan, 2026 11AM - 8PM"
"3613",="582124178391336870","CLL3TYB115659392 $","","J&T Express","Tiny buds","Tiktok Philippines (Tiny Buds Tiktok)","15 Jan, 2026","13 mins ago","16 Jan, 2026 11AM - 8PM"
"3614",="582124436241810496","CLL3TYB115659393","","J&T Express","Tiny buds","Tiktok Philippines (Tiny Buds Tiktok)","15 Jan, 2026","13 mins ago","16 Jan, 2026 11AM - 8PM"
"3615",="26011545RHDVE9","CLL3MNE115659394 $","","SPX Express","Monde Nissin","Shopee Philippines (Monde Nissin Shopee)","15 Jan, 2026","13 mins ago","16 Jan, 2026 11AM - 8PM"
"3616",="260115469E5DDK","CLL3MNE115659395","","SPX Express","Monde Nissin","Shopee Philippines (Monde Nissin Shopee)","15 Jan, 2026","13 mins ago","16 Jan, 2026 11AM - 8PM"
"3617",="582124673007453464","CLL3GNC115659397 $","","J&T Express","Green Cross","Tiktok Philippines (Greencross Tiktok)","15 Jan, 2026","13 mins ago","16 Jan, 2026 11AM - 8PM"
"3618",="1073362166744592","CLL3REB115659407 $","","LEX PH","Rebisco Marketplace Laguna","Lazada Philippines (Rebisco Lazada)","15 Jan, 2026","13 mins ago","16 Jan, 2026 11AM - 8PM"
"3619",="1064999255813003","CLL3REB115659410 $","","LEX PH","Rebisco Marketplace Laguna","Lazada Philippines (Rebisco Lazada)","15 Jan, 2026","13 mins ago","16 Jan, 2026 11AM - 8PM"
"3620",="582124649274967856","CLL3REB115659411 $","","J&T Express","Rebisco Marketplace Laguna","Tiktok Philippines (Rebisco Tiktok)","15 Jan, 2026","13 mins ago","16 Jan, 2026 11AM - 8PM"
"3621",="582124599137174945","CLL3LGM115659412 $","","J&T Express","LAGUNA MAIN COMPANY","Tiktok Philippines (Mogu Mogu Tiktok)","15 Jan, 2026","13 mins ago","16 Jan, 2026 11AM - 8PM"
"3622",="1065002629983971","CLL3LGM115659413","","LEX","LAGUNA MAIN COMPANY","Lazada Philippines (Mc Cormick Lazada)","15 Jan, 2026","13 mins ago","16 Jan, 2026 11AM - 8PM"
"3623",="582124599996221039","CLL3TYB115659415 $","","Ninja Van Philippines","Tiny buds","Tiktok Philippines (Tiny Buds Tiktok)","15 Jan, 2026","13 mins ago","16 Jan, 2026 11AM - 8PM"
"3624",="582124682848470941","CLL3TYB115659414 $","","J&T Express","Tiny buds","Tiktok Philippines (Tiny Buds Tiktok)","15 Jan, 2026","13 mins ago","16 Jan, 2026 11AM - 8PM"
"3625",="582124587162895811","CLL3TYB115659417 $","","J&T Express","Tiny buds","Tiktok Philippines (Tiny Buds Tiktok)","15 Jan, 2026","13 mins ago","16 Jan, 2026 11AM - 8PM"
"3626",="582124638685923315","CLL3TYB115659418 $","","Ninja Van Philippines","Tiny buds","Tiktok Philippines (Tiny Buds Tiktok)","15 Jan, 2026","13 mins ago","16 Jan, 2026 11AM - 8PM"
"3627",="582124659656787313","CLL3TYB115659419 $","","J&T Express","Tiny buds","Tiktok Philippines (Tiny Buds Tiktok)","15 Jan, 2026","13 mins ago","16 Jan, 2026 11AM - 8PM"
"3628",="582124599302391215","CLL3TYB115659420 $","","J&T Express","Tiny buds","Tiktok Philippines (Tiny Buds Tiktok)","15 Jan, 2026","13 mins ago","16 Jan, 2026 11AM - 8PM"
"3629",="582124587779064846","CLL3TYB115659421 $","","J&T Express","Tiny buds","Tiktok Philippines (Tiny Buds Tiktok)","15 Jan, 2026","13 mins ago","16 Jan, 2026 11AM - 8PM"
"3630",="582124644871799867","CLL3TYB115659422 $","","J&T Express","Tiny buds","Tiktok Philippines (Tiny Buds Tiktok)","15 Jan, 2026","13 mins ago","16 Jan, 2026 11AM - 8PM"
"3631",="582124608791806976","CLL3TYB115659423 $","","Flash Express Philippines","Tiny buds","Tiktok Philippines (Tiny Buds Tiktok)","15 Jan, 2026","13 mins ago","16 Jan, 2026 11AM - 8PM"
"3632",="582124669118416689","CLL3TYB115659425 $","","J&T Express","Tiny buds","Tiktok Philippines (Tiny Buds Tiktok)","15 Jan, 2026","13 mins ago","16 Jan, 2026 11AM - 8PM"
"3633",="582124658911315829","CLL3TYB115659426 $","","J&T Express","Tiny buds","Tiktok Philippines (Tiny Buds Tiktok)","15 Jan, 2026","13 mins ago","16 Jan, 2026 11AM - 8PM"
"3634",="582124662044067085","CLL3TYB115659427 $","","J&T Express","Tiny buds","Tiktok Philippines (Tiny Buds Tiktok)","15 Jan, 2026","13 mins ago","16 Jan, 2026 11AM - 8PM"
"3635",="26011545SD3HAH","CLL3MNE115659428 $","","SPX Express","Monde Nissin","Shopee Philippines (Monde Nissin Shopee)","15 Jan, 2026","13 mins ago","16 Jan, 2026 11AM - 8PM"
"3636",="582124682106603384","CLL3TYB115659429 $","","J&T Express","Tiny buds","Tiktok Philippines (Tiny Buds Tiktok)","15 Jan, 2026","13 mins ago","16 Jan, 2026 11AM - 8PM"
"3637",="582124710435391105","CLL3TYB115659430 $","","J&T Express","Tiny buds","Tiktok Philippines (Tiny Buds Tiktok)","15 Jan, 2026","13 mins ago","16 Jan, 2026 11AM - 8PM"
"3638",="582124646296290304","CLL3TYB115659431","","J&T Express","Tiny buds","Tiktok Philippines (Tiny Buds Tiktok)","15 Jan, 2026","13 mins ago","16 Jan, 2026 11AM - 8PM"
"3639",="582124650349692147","CLL3TYB115659432 $","","J&T Express","Tiny buds","Tiktok Philippines (Tiny Buds Tiktok)","15 Jan, 2026","13 mins ago","16 Jan, 2026 11AM - 8PM"
"3640",="26011545RN8U90","CLL3LGM115659436 $","","SPX Express","LAGUNA MAIN COMPANY","Shopee Philippines (Mc Cormick Shopee)","15 Jan, 2026","13 mins ago","16 Jan, 2026 11AM - 8PM"
"3641",="26011545S4F05F","CLL3MNE115659435 $","","SPX Express","Monde Nissin","Shopee Philippines (Monde Nissin Shopee)","15 Jan, 2026","13 mins ago","16 Jan, 2026 11AM - 8PM"
"3642",="26011545T06B94","CLL3ARA115659437 $","","SPX Express","ARLA PH","Shopee Philippines (Arla Shopee)","15 Jan, 2026","13 mins ago","16 Jan, 2026 11AM - 8PM"
"3643",="26011535A0PFVD","CLL3ORN115659438","","J&T Cargo","Orocan","Shopee Philippines (Orocan Shopee)","15 Jan, 2026","13 mins ago","16 Jan, 2026 11AM - 8PM"
"3644",="26011545UV8QVM","CLL3MNE115659440 $","","SPX Express","Monde Nissin","Shopee Philippines (Monde Nissin Shopee)","15 Jan, 2026","13 mins ago","16 Jan, 2026 11AM - 8PM"
"3645",="582124645163960289","CLL3MNE115659441 $","","J&T Express","Monde Nissin","Tiktok Philippines (Monde Nissin Tiktok)","15 Jan, 2026","13 mins ago","16 Jan, 2026 11AM - 8PM"
"3646",="26011546DD18EG","CLL3TBY115659442","","SPX Express","The Body Shop","Shopee Philippines (The Body Shop Shopee)","15 Jan, 2026","12 mins ago","16 Jan, 2026 11AM - 8PM"
"3647",="260115467QSE4U","CLL3MNE115659444","","SPX Express","Monde Nissin","Shopee Philippines (Monde Nissin Shopee)","15 Jan, 2026","12 mins ago","16 Jan, 2026 11AM - 8PM"
"3648",="582124654697219878","CLL3MNE115659445 $","","J&T Express","Monde Nissin","Tiktok Philippines (Monde Nissin Tiktok)","15 Jan, 2026","12 mins ago","16 Jan, 2026 11AM - 8PM"
"3649",="1065006621992103","CLL3MNE115659448 $","","LEX","Monde Nissin","Lazada Philippines (Monde Nissin Lazada)","15 Jan, 2026","12 mins ago","16 Jan, 2026 11AM - 8PM"
"3650",="1065004844268152","CLL3MNE115659447 $","","LEX","Monde Nissin","Lazada Philippines (Monde Nissin Lazada)","15 Jan, 2026","12 mins ago","16 Jan, 2026 11AM - 8PM"
"3651",="26011545RHCG1B","CLL3REB115659451 $","","SPX Express","Rebisco Marketplace Laguna","Shopee Philippines (Rebisco Shopee)","15 Jan, 2026","12 mins ago","16 Jan, 2026 11AM - 8PM"
"3652",="582124350954243591","CLL3TYB115659452 $","","Ninja Van Philippines","Tiny buds","Tiktok Philippines (Tiny Buds Tiktok)","15 Jan, 2026","12 mins ago","16 Jan, 2026 11AM - 8PM"
"3653",="26011546G4RBWY","CLL3MNE115659453","","Shopee Express","Monde Nissin","Shopee Philippines (Monde Nissin Shopee)","15 Jan, 2026","12 mins ago","16 Jan, 2026 11AM - 8PM"
"3654",="582124678442682113","CLL3MNE115659454","","J&T Express","Monde Nissin","Tiktok Philippines (Monde Nissin Tiktok)","15 Jan, 2026","12 mins ago","16 Jan, 2026 11AM - 8PM"
"3655",="582124647805650743","CLL3MNE115659457 $","","J&T Express","Monde Nissin","Tiktok Philippines (Monde Nissin Tiktok)","15 Jan, 2026","12 mins ago","16 Jan, 2026 11AM - 8PM"
"3656",="582124709501240600","CLL3MNE115659455 $","","J&T Express","Monde Nissin","Tiktok Philippines (Monde Nissin Tiktok)","15 Jan, 2026","12 mins ago","16 Jan, 2026 11AM - 8PM"
"3657",="26011545S98RA0","CLL3MNE115659459 $","","SPX Express","Monde Nissin","Shopee Philippines (Monde Nissin Shopee)","15 Jan, 2026","12 mins ago","16 Jan, 2026 11AM - 8PM"
"3658",="26011545U96U55","CLL3REB115659460 $","","SPX Express","Rebisco Marketplace Laguna","Shopee Philippines (Rebisco Shopee)","15 Jan, 2026","12 mins ago","16 Jan, 2026 11AM - 8PM"
"3659",="582124397108234016","CLL3TYB115659461 $","","J&T Express","Tiny buds","Tiktok Philippines (Tiny Buds Tiktok)","15 Jan, 2026","12 mins ago","16 Jan, 2026 11AM - 8PM"
"3660",="26011545UU9A2X","CLL3REB115659462 $","","SPX Express","Rebisco Marketplace Laguna","Shopee Philippines (Rebisco Shopee)","15 Jan, 2026","12 mins ago","16 Jan, 2026 11AM - 8PM"
"3661",="26011546ADKEUJ","CLL3MNE115659463","","J&T","Monde Nissin","Shopee Philippines (Monde Nissin Shopee)","15 Jan, 2026","12 mins ago","16 Jan, 2026 11AM - 8PM"
"3662",="26011546CHAPUM","CLL3MNE115659464","","SPX Express","Monde Nissin","Shopee Philippines (Monde Nissin Shopee)","15 Jan, 2026","12 mins ago","16 Jan, 2026 11AM - 8PM"
"3663",="582124398678345365","CLL3TYB115659465 $","","Ninja Van Philippines","Tiny buds","Tiktok Philippines (Tiny Buds Tiktok)","15 Jan, 2026","12 mins ago","16 Jan, 2026 11AM - 8PM"
"3664",="26011546CJ8VH8","CLL3MNE115659468","","SPX Express","Monde Nissin","Shopee Philippines (Monde Nissin Shopee)","15 Jan, 2026","12 mins ago","16 Jan, 2026 11AM - 8PM"
"3665",="582124128034915467","CLL3TYB115659469","","J&T Express","Tiny buds","Tiktok Philippines (Tiny Buds Tiktok)","15 Jan, 2026","12 mins ago","16 Jan, 2026 11AM - 8PM"
"3666",="582124550598395754","CLL3REB115659470","","Flash Express Philippines","Rebisco Marketplace Laguna","Tiktok Philippines (Rebisco Tiktok)","15 Jan, 2026","12 mins ago","16 Jan, 2026 11AM - 8PM"
"3667",="582124535826777195","CLL3TYB115659471 $","","J&T Express","Tiny buds","Tiktok Philippines (Tiny Buds Tiktok)","15 Jan, 2026","12 mins ago","16 Jan, 2026 11AM - 8PM"
"3668",="582124563555124933","CLL3TYB115659473 $","","J&T Express","Tiny buds","Tiktok Philippines (Tiny Buds Tiktok)","15 Jan, 2026","12 mins ago","16 Jan, 2026 11AM - 8PM"
"3669",="26011545UTAWQU","CLL3LGM115659475 $","","SPX Express","LAGUNA MAIN COMPANY","Shopee Philippines (Mc Cormick Shopee)","15 Jan, 2026","12 mins ago","16 Jan, 2026 11AM - 8PM"
"3670",="582124520360740812","CLL3TYB115659476 $","","J&T Express","Tiny buds","Tiktok Philippines (Tiny Buds Tiktok)","15 Jan, 2026","12 mins ago","16 Jan, 2026 11AM - 8PM"
"3671",="582124462613431369","CLL3MNE115659478 $","","J&T Express","Monde Nissin","Tiktok Philippines (Monde Nissin Tiktok)","15 Jan, 2026","12 mins ago","16 Jan, 2026 11AM - 8PM"
"3672",="260115464PG7CH","CLL3MNE115659479","","SPX Express","Monde Nissin","Shopee Philippines (Monde Nissin Shopee)","15 Jan, 2026","12 mins ago","16 Jan, 2026 11AM - 8PM"
"3673",="582124251833861760","CLL3TYB115659480","","J&T Express","Tiny buds","Tiktok Philippines (Tiny Buds Tiktok)","15 Jan, 2026","12 mins ago","16 Jan, 2026 11AM - 8PM"
"3674",="582124486350112574","CLL3TYB115659482 $","","J&T Express","Tiny buds","Tiktok Philippines (Tiny Buds Tiktok)","15 Jan, 2026","12 mins ago","16 Jan, 2026 11AM - 8PM"
"3675",="26011546AXSVSJ","CLL3MNE115659481","","SPX Express","Monde Nissin","Shopee Philippines (Monde Nissin Shopee)","15 Jan, 2026","12 mins ago","16 Jan, 2026 11AM - 8PM"
"3676",="26011545UU83D2","CLL3ARA115659484 $","","SPX Express","ARLA PH","Shopee Philippines (Arla Shopee)","15 Jan, 2026","12 mins ago","16 Jan, 2026 11AM - 8PM"
"3677",="2601154673RMBP","CLL3LGM115659486","","SPX Express","LAGUNA MAIN COMPANY","Shopee Philippines (Mentholatum Shopee)","15 Jan, 2026","12 mins ago","16 Jan, 2026 11AM - 8PM"
"3678",="26011546EAHXWU","CLL3REB115659488","","SPX Express","Rebisco Marketplace Laguna","Shopee Philippines (Rebisco Shopee)","15 Jan, 2026","12 mins ago","16 Jan, 2026 11AM - 8PM"
"3679",="582124351463130130","CLL3TYB115659489","","J&T Express","Tiny buds","Tiktok Philippines (Tiny Buds Tiktok)","15 Jan, 2026","12 mins ago","16 Jan, 2026 11AM - 8PM"
"3680",="582124362626140012","CLL3TYB115659490 $","","J&T Express","Tiny buds","Tiktok Philippines (Tiny Buds Tiktok)","15 Jan, 2026","12 mins ago","16 Jan, 2026 11AM - 8PM"
"3681",="260115465QXKU8","CLL3MNE115659491","","SPX Express","Monde Nissin","Shopee Philippines (Monde Nissin Shopee)","15 Jan, 2026","12 mins ago","16 Jan, 2026 11AM - 8PM"
"3682",="26011546BJV05U","CLL3REB115659492","","SPX Express","Rebisco Marketplace Laguna","Shopee Philippines (Rebisco Shopee)","15 Jan, 2026","12 mins ago","16 Jan, 2026 11AM - 8PM"
"3683",="260115467XFSPG","CLL3MNE115659495","","SPX Express","Monde Nissin","Shopee Philippines (Monde Nissin Shopee)","15 Jan, 2026","12 mins ago","16 Jan, 2026 11AM - 8PM"
"3684",="582124548225271284","CLL3LGM115659500 $","","J&T Express","LAGUNA MAIN COMPANY","Tiktok Philippines (Mccormick Tiktok)","15 Jan, 2026","11 mins ago","16 Jan, 2026 11AM - 8PM"
"3685",="582124393903129905","CLL3TYB115659501 $","","J&T Express","Tiny buds","Tiktok Philippines (Tiny Buds Tiktok)","15 Jan, 2026","11 mins ago","16 Jan, 2026 11AM - 8PM"
"3686",="582124545039762487","CLL3MNE115659506 $","","J&T Express","Monde Nissin","Tiktok Philippines (Monde Nissin Tiktok)","15 Jan, 2026","11 mins ago","16 Jan, 2026 11AM - 8PM"
"3687",="582124351803065995","CLL3TYB115659507 $","","J&T Express","Tiny buds","Tiktok Philippines (Tiny Buds Tiktok)","15 Jan, 2026","11 mins ago","16 Jan, 2026 11AM - 8PM"
"3688",="582124397663061249","CLL3TYB115659508","","J&T Express","Tiny buds","Tiktok Philippines (Tiny Buds Tiktok)","15 Jan, 2026","11 mins ago","16 Jan, 2026 11AM - 8PM"
"3689",="582124593712235567","CLL3TYB115659509 $","","J&T Express","Tiny buds","Tiktok Philippines (Tiny Buds Tiktok)","15 Jan, 2026","11 mins ago","16 Jan, 2026 11AM - 8PM"
"3690",="582124591471100968","CLL3ARA115659511","","J&T Express","ARLA PH","Tiktok Philippines (Arla Tiktok)","15 Jan, 2026","11 mins ago","16 Jan, 2026 11AM - 8PM"
"3691",="26011545YFNX5E","CLL3MNE115659516 $","","SPX Express","Monde Nissin","Shopee Philippines (Monde Nissin Shopee)","15 Jan, 2026","10 mins ago","16 Jan, 2026 11AM - 8PM"
"3692",="2601154633XDSS","CLL3ARA115659517","","SPX Express","ARLA PH","Shopee Philippines (Arla Shopee)","15 Jan, 2026","10 mins ago","16 Jan, 2026 11AM - 8PM"
"3693",="26011545Y44Y9N","CLL3MNE115659518 $","","SPX Express","Monde Nissin","Shopee Philippines (Monde Nissin Shopee)","15 Jan, 2026","10 mins ago","16 Jan, 2026 11AM - 8PM"
"3694",="26011546HGJBNR","CLL3LGM115659520","","SPX Express","LAGUNA MAIN COMPANY","Shopee Philippines (Mc Cormick Shopee)","15 Jan, 2026","10 mins ago","16 Jan, 2026 11AM - 8PM"
"3695",="26011546B8ASVE","CLL3ARA115659521","","SPX Express","ARLA PH","Shopee Philippines (Arla Shopee)","15 Jan, 2026","10 mins ago","16 Jan, 2026 11AM - 8PM"
"3696",="582124569701090778","CLL3TYB115659524 $","","J&T Express","Tiny buds","Tiktok Philippines (Tiny Buds Tiktok)","15 Jan, 2026","10 mins ago","16 Jan, 2026 11AM - 8PM"
"3697",="582124563013207475","CLL3TYB115659525 $","","Ninja Van Philippines","Tiny buds","Tiktok Philippines (Tiny Buds Tiktok)","15 Jan, 2026","10 mins ago","16 Jan, 2026 11AM - 8PM"
"3698",="582124405475543020","CLL3LGM115659528","","J&T Express","LAGUNA MAIN COMPANY","Tiktok Philippines (Mentholatum Tiktok)","15 Jan, 2026","10 mins ago","16 Jan, 2026 11AM - 8PM"
"3699",="26011546HS6TGD","CLL3MNE115659531","","SPX Express","Monde Nissin","Shopee Philippines (Monde Nissin Shopee)","15 Jan, 2026","10 mins ago","16 Jan, 2026 11AM - 8PM"
"3700",="26011546HP9YFS","CLL3MNE115659533","","SPX Express","Monde Nissin","Shopee Philippines (Monde Nissin Shopee)","15 Jan, 2026","10 mins ago","16 Jan, 2026 11AM - 8PM"
"3701",="260115460NR357","CLL3REB115659534 $","","SPX Express","Rebisco Marketplace Laguna","Shopee Philippines (Rebisco Shopee)","15 Jan, 2026","10 mins ago","16 Jan, 2026 11AM - 8PM"
"3702",="26011545VUNDQU","CLL3MNE115659535 $","","SPX Express","Monde Nissin","Shopee Philippines (Monde Nissin Shopee)","15 Jan, 2026","10 mins ago","16 Jan, 2026 11AM - 8PM"
"3703",="26011545YKD9Y1","CLL3MNE115659539 $","","SPX Express","Monde Nissin","Shopee Philippines (Monde Nissin Shopee)","15 Jan, 2026","10 mins ago","16 Jan, 2026 11AM - 8PM"
"3704",="26011546H9VVA7","CLL3ARA115659541","","SPX Express","ARLA PH","Shopee Philippines (Arla Shopee)","15 Jan, 2026","10 mins ago","16 Jan, 2026 11AM - 8PM"
"3705",="26011545YV20FW","CLL3REB115659542 $","","SPX Express","Rebisco Marketplace Laguna","Shopee Philippines (Rebisco Shopee)","15 Jan, 2026","10 mins ago","16 Jan, 2026 11AM - 8PM"
"3706",="260115460E40Y6","CLL3REB115659544 $","","SPX Express","Rebisco Marketplace Laguna","Shopee Philippines (Rebisco Shopee)","15 Jan, 2026","10 mins ago","16 Jan, 2026 11AM - 8PM"
"3707",="582124540546155754","CLL3TYB115659545 $","","J&T Express","Tiny buds","Tiktok Philippines (Tiny Buds Tiktok)","15 Jan, 2026","10 mins ago","16 Jan, 2026 11AM - 8PM"
"3708",="26011546C6UX0K","CLL3REB115659549","","SPX Express","Rebisco Marketplace Laguna","Shopee Philippines (Rebisco Shopee)","15 Jan, 2026","10 mins ago","16 Jan, 2026 11AM - 8PM"
"3709",="26011546HFNNNT","CLL3LGM115659548","","SPX Express","LAGUNA MAIN COMPANY","Shopee Philippines (Mogu Mogu Shopee)","15 Jan, 2026","10 mins ago","16 Jan, 2026 11AM - 8PM"
"3710",="26011545YBUUK3","CLL3REB115659550 $","","SPX Express","Rebisco Marketplace Laguna","Shopee Philippines (Rebisco Shopee)","15 Jan, 2026","10 mins ago","16 Jan, 2026 11AM - 8PM"
"3711",="26011545W768JG","CLL3ARA115659554 $","","SPX Express","ARLA PH","Shopee Philippines (Arla Shopee)","15 Jan, 2026","9 mins ago","16 Jan, 2026 11AM - 8PM"
"3712",="26011545YR707G","CLL3MNE115659557 $","","SPX Express","Monde Nissin","Shopee Philippines (Monde Nissin Shopee)","15 Jan, 2026","9 mins ago","16 Jan, 2026 11AM - 8PM"
"3713",="26011546FQCVGG","CLL3ARA115659559","","SPX Express","ARLA PH","Shopee Philippines (Arla Shopee)","15 Jan, 2026","9 mins ago","16 Jan, 2026 11AM - 8PM"
"3714",="26011546FT8CR2","CLL3LGM115659561","","SPX Express","LAGUNA MAIN COMPANY","Shopee Philippines (Mc Cormick Shopee)","15 Jan, 2026","9 mins ago","16 Jan, 2026 11AM - 8PM"
"3715",="582124453207311467","CLL3TYB115659562 $","","J&T Express","Tiny buds","Tiktok Philippines (Tiny Buds Tiktok)","15 Jan, 2026","9 mins ago","16 Jan, 2026 11AM - 8PM"
"3716",="260115460JWCHK","CLL3REB115659563 $","","SPX Express","Rebisco Marketplace Laguna","Shopee Philippines (Rebisco Shopee)","15 Jan, 2026","9 mins ago","16 Jan, 2026 11AM - 8PM"
"3717",="26011546H73R7A","CLL3MNE115659565","","SPX Express","Monde Nissin","Shopee Philippines (Monde Nissin Shopee)","15 Jan, 2026","9 mins ago","16 Jan, 2026 11AM - 8PM"
"3718",="582124408890557500","CLL3MNE115659567","","Flash Express Philippines","Monde Nissin","Tiktok Philippines (Monde Nissin Tiktok)","15 Jan, 2026","9 mins ago","16 Jan, 2026 11AM - 8PM"
"3719",="582124518660211831","CLL3TYB115659571 $","","J&T Express","Tiny buds","Tiktok Philippines (Tiny Buds Tiktok)","15 Jan, 2026","9 mins ago","16 Jan, 2026 11AM - 8PM"
"3720",="582124538996426523","CLL3TYB115659572","","J&T Express","Tiny buds","Tiktok Philippines (Tiny Buds Tiktok)","15 Jan, 2026","9 mins ago","16 Jan, 2026 11AM - 8PM"
"3721",="26011545X4R8EJ","CLL3MNE115659574 $","","SPX Express","Monde Nissin","Shopee Philippines (Monde Nissin Shopee)","15 Jan, 2026","9 mins ago","16 Jan, 2026 11AM - 8PM"
"3722",="26011545VXJ9NW","CLL3MNE115659575 $","","SPX Express","Monde Nissin","Shopee Philippines (Monde Nissin Shopee)","15 Jan, 2026","9 mins ago","16 Jan, 2026 11AM - 8PM"
"3723",="582124452968433610","CLL3TYB115659576","","J&T Express","Tiny buds","Tiktok Philippines (Tiny Buds Tiktok)","15 Jan, 2026","9 mins ago","16 Jan, 2026 11AM - 8PM"
"3724",="26011545W73R0Y","CLL3REB115659577 $","","SPX Express","Rebisco Marketplace Laguna","Shopee Philippines (Rebisco Shopee)","15 Jan, 2026","9 mins ago","16 Jan, 2026 11AM - 8PM"
"3725",="2601154625EAHJ","CLL3REB115659580 $","","SPX Express","Rebisco Marketplace Laguna","Shopee Philippines (Rebisco Shopee)","15 Jan, 2026","9 mins ago","16 Jan, 2026 11AM - 8PM"
"3726",="26011546FGNDTK","CLL3REB115659581","","SPX Express","Rebisco Marketplace Laguna","Shopee Philippines (Rebisco Shopee)","15 Jan, 2026","9 mins ago","16 Jan, 2026 11AM - 8PM"
"3727",="260115461MAXR3","CLL3MNE115659583 $","","SPX Express","Monde Nissin","Shopee Philippines (Monde Nissin Shopee)","15 Jan, 2026","9 mins ago","16 Jan, 2026 11AM - 8PM"
"3728",="582124603792787304","CLL3MNE115659582 $","","Flash Express Philippines","Monde Nissin","Tiktok Philippines (Monde Nissin Tiktok)","15 Jan, 2026","9 mins ago","16 Jan, 2026 11AM - 8PM"
"3729",="260115461CMRGE","CLL3MNE115659585 $","","SPX Express","Monde Nissin","Shopee Philippines (Monde Nissin Shopee)","15 Jan, 2026","9 mins ago","16 Jan, 2026 11AM - 8PM"
"3730",="582124451875358590","CLL3TYB115659586","","J&T Express","Tiny buds","Tiktok Philippines (Tiny Buds Tiktok)","15 Jan, 2026","9 mins ago","16 Jan, 2026 11AM - 8PM"
"3731",="582124652494685649","CLL3ORN115659588 $","","J&T Express","Orocan","Tiktok Philippines (Orocan Tiktok)","15 Jan, 2026","9 mins ago","16 Jan, 2026 11AM - 8PM"
"3732",="26011546HV24QV","CLL3MNE115659589","","SPX Express","Monde Nissin","Shopee Philippines (Monde Nissin Shopee)","15 Jan, 2026","9 mins ago","16 Jan, 2026 11AM - 8PM"
"3733",="1073360199026033","CLL3REB115659590 $","","LEX PH","Rebisco Marketplace Laguna","Lazada Philippines (Rebisco Lazada)","15 Jan, 2026","9 mins ago","16 Jan, 2026 11AM - 8PM"
"3734",="26011545WJKXC5","CLL3MNE115659593 $","","SPX Express","Monde Nissin","Shopee Philippines (Monde Nissin Shopee)","15 Jan, 2026","9 mins ago","16 Jan, 2026 11AM - 8PM"
"3735",="26011545Y38QGS","CLL3MNE115659595 $","","SPX Express","Monde Nissin","Shopee Philippines (Monde Nissin Shopee)","15 Jan, 2026","9 mins ago","16 Jan, 2026 11AM - 8PM"
"3736",="26011545WU5H8J","CLL3MNE115659596 $","","SPX Express","Monde Nissin","Shopee Philippines (Monde Nissin Shopee)","15 Jan, 2026","9 mins ago","16 Jan, 2026 11AM - 8PM"
"3737",="582124679944701617","CLL3TYB115659598 $","","J&T Express","Tiny buds","Tiktok Philippines (Tiny Buds Tiktok)","15 Jan, 2026","9 mins ago","16 Jan, 2026 11AM - 8PM"
"3738",="26011546EN3809","CLL3MNE115659597","","SPX Express","Monde Nissin","Shopee Philippines (Monde Nissin Shopee)","15 Jan, 2026","9 mins ago","16 Jan, 2026 11AM - 8PM"
"3739",="582124739900245650","CLL3TYB115659600 $","","J&T Express","Tiny buds","Tiktok Philippines (Tiny Buds Tiktok)","15 Jan, 2026","9 mins ago","16 Jan, 2026 11AM - 8PM"
"3740",="582124691131499576","CLL3MNE115659599 $","","J&T Express","Monde Nissin","Tiktok Philippines (Monde Nissin Tiktok)","15 Jan, 2026","9 mins ago","16 Jan, 2026 11AM - 8PM"
"3741",="582124691434538883","CLL3TYB115659601","","J&T Express","Tiny buds","Tiktok Philippines (Tiny Buds Tiktok)","15 Jan, 2026","9 mins ago","16 Jan, 2026 11AM - 8PM"
"3742",="582124762902857063","CLL3TYB115659602 $","","J&T Express","Tiny buds","Tiktok Philippines (Tiny Buds Tiktok)","15 Jan, 2026","9 mins ago","16 Jan, 2026 11AM - 8PM"
"3743",="582124717808387208","CLL3TYB115659604 $","","J&T Express","Tiny buds","Tiktok Philippines (Tiny Buds Tiktok)","15 Jan, 2026","9 mins ago","16 Jan, 2026 11AM - 8PM"
"3744",="582124613529470104","CLL3TYB115659615","","J&T Express","Tiny buds","Tiktok Philippines (Tiny Buds Tiktok)","15 Jan, 2026","8 mins ago","16 Jan, 2026 11AM - 8PM"
"3745",="26011546CGBWUA","CLL3REB115659616","","SPX Express","Rebisco Marketplace Laguna","Shopee Philippines (Rebisco Shopee)","15 Jan, 2026","8 mins ago","16 Jan, 2026 11AM - 8PM"
"3746",="582124493108118958","CLL3TYB115659617 $","","J&T Express","Tiny buds","Tiktok Philippines (Tiny Buds Tiktok)","15 Jan, 2026","8 mins ago","16 Jan, 2026 11AM - 8PM"
"3747",="582124509106243434","CLL3TYB115659620","","J&T Express","Tiny buds","Tiktok Philippines (Tiny Buds Tiktok)","15 Jan, 2026","8 mins ago","16 Jan, 2026 11AM - 8PM"
"3748",="582124437531231600","CLL3TYB115659621 $","","J&T Express","Tiny buds","Tiktok Philippines (Tiny Buds Tiktok)","15 Jan, 2026","8 mins ago","16 Jan, 2026 11AM - 8PM"
"3749",="26011546PHSFA1","CLL3MNE115659623","","SPX Express","Monde Nissin","Shopee Philippines (Monde Nissin Shopee)","15 Jan, 2026","8 mins ago","16 Jan, 2026 11AM - 8PM"
"3750",="582124474531284726","CLL3TYB115659625 $","","J&T Express","Tiny buds","Tiktok Philippines (Tiny Buds Tiktok)","15 Jan, 2026","8 mins ago","16 Jan, 2026 11AM - 8PM"
"3751",="26011546C7UCR1","CLL3MNE115659627","","SPX Express","Monde Nissin","Shopee Philippines (Monde Nissin Shopee)","15 Jan, 2026","7 mins ago","16 Jan, 2026 11AM - 8PM"
"3752",="582124517638571346","CLL3TYB115659628 $","","J&T Express","Tiny buds","Tiktok Philippines (Tiny Buds Tiktok)","15 Jan, 2026","7 mins ago","16 Jan, 2026 11AM - 8PM"
"3753",="26011546QFABAK","CLL3ARA115659630","","J&T Cargo","ARLA PH","Shopee Philippines (Arla Shopee)","15 Jan, 2026","7 mins ago","16 Jan, 2026 11AM - 8PM"
"3754",="582124489212593460","CLL3ARA115659631 $","","J&T Express","ARLA PH","Tiktok Philippines (Arla Tiktok)","15 Jan, 2026","7 mins ago","16 Jan, 2026 11AM - 8PM"
"3755",="582124449720927999","CLL3TYB115659634 $","","J&T Express","Tiny buds","Tiktok Philippines (Tiny Buds Tiktok)","15 Jan, 2026","7 mins ago","16 Jan, 2026 11AM - 8PM"
"3756",="582124412976530588","CLL3TYB115659636 $","","Ninja Van Philippines","Tiny buds","Tiktok Philippines (Tiny Buds Tiktok)","15 Jan, 2026","7 mins ago","16 Jan, 2026 11AM - 8PM"
"3757",="26011546N4XE1V","CLL3REB115659637","","SPX Express","Rebisco Marketplace Laguna","Shopee Philippines (Rebisco Shopee)","15 Jan, 2026","7 mins ago","16 Jan, 2026 11AM - 8PM"
"3758",="582124588799133434","CLL3TYB115659638 $","","J&T Express","Tiny buds","Tiktok Philippines (Tiny Buds Tiktok)","15 Jan, 2026","7 mins ago","16 Jan, 2026 11AM - 8PM"
"3759",="26011546RA03K7","CLL3ARA115659639","","J&T Cargo","ARLA PH","Shopee Philippines (Arla Shopee)","15 Jan, 2026","7 mins ago","16 Jan, 2026 11AM - 8PM"
"3760",="2601154657NV5V","CLL3LGM115659641 $","","SPX Express","LAGUNA MAIN COMPANY","Shopee Philippines (Mogu Mogu Shopee)","15 Jan, 2026","7 mins ago","16 Jan, 2026 11AM - 8PM"
"3761",="582124423926679466","CLL3REB115659642","","J&T Express","Rebisco Marketplace Laguna","Tiktok Philippines (Rebisco Tiktok)","15 Jan, 2026","7 mins ago","16 Jan, 2026 11AM - 8PM"
"3762",="26011546PRDJ4U","CLL3MNE115659645","","SPX Express","Monde Nissin","Shopee Philippines (Monde Nissin Shopee)","15 Jan, 2026","7 mins ago","16 Jan, 2026 11AM - 8PM"
"3763",="260115465CDVN7","CLL3LGM115659647 $","","SPX Express","LAGUNA MAIN COMPANY","Shopee Philippines (Mc Cormick Shopee)","15 Jan, 2026","7 mins ago","16 Jan, 2026 11AM - 8PM"
"3764",="26011546Q7QKQH","CLL3MNE115659649","","SPX Express","Monde Nissin","Shopee Philippines (Monde Nissin Shopee)","15 Jan, 2026","7 mins ago","16 Jan, 2026 11AM - 8PM"
"3765",="260115466T98RK","CLL3REB115659652 $","","SPX Express","Rebisco Marketplace Laguna","Shopee Philippines (Rebisco Shopee)","15 Jan, 2026","7 mins ago","16 Jan, 2026 11AM - 8PM"
"3766",="582124621156812350","CLL3TYB115659656","","J&T Express","Tiny buds","Tiktok Philippines (Tiny Buds Tiktok)","15 Jan, 2026","6 mins ago","16 Jan, 2026 11AM - 8PM"
"3767",="582124512102418071","CLL3TYB115659657 $","","J&T Express","Tiny buds","Tiktok Philippines (Tiny Buds Tiktok)","15 Jan, 2026","6 mins ago","16 Jan, 2026 11AM - 8PM"
"3768",="260115465H8ETS","CLL3MNE115659659 $","","SPX Express","Monde Nissin","Shopee Philippines (Monde Nissin Shopee)","15 Jan, 2026","6 mins ago","16 Jan, 2026 11AM - 8PM"
"3769",="26011546MX8AFQ","CLL3LGM115659661","","SPX Express","LAGUNA MAIN COMPANY","Shopee Philippines (Columbia Candies Shopee)","15 Jan, 2026","6 mins ago","16 Jan, 2026 11AM - 8PM"
"3770",="582124597373863313","CLL3MNE115659664 $","","J&T Express","Monde Nissin","Tiktok Philippines (Monde Nissin Tiktok)","15 Jan, 2026","6 mins ago","16 Jan, 2026 11AM - 8PM"
"3771",="582124629770143406","CLL3TYB115659668","","J&T Express","Tiny buds","Tiktok Philippines (Tiny Buds Tiktok)","15 Jan, 2026","6 mins ago","16 Jan, 2026 11AM - 8PM"
"3772",="26011546KTYRAA","CLL3ARA115659672","","SPX Express","ARLA PH","Shopee Philippines (Arla Shopee)","15 Jan, 2026","6 mins ago","16 Jan, 2026 11AM - 8PM"
"3773",="26011546N5X1NX","CLL3MNE115659673","","SPX Express","Monde Nissin","Shopee Philippines (Monde Nissin Shopee)","15 Jan, 2026","6 mins ago","16 Jan, 2026 11AM - 8PM"
"3774",="2601154633XDSK","CLL3REB115659674 $","","SPX Express","Rebisco Marketplace Laguna","Shopee Philippines (Rebisco Shopee)","15 Jan, 2026","5 mins ago","16 Jan, 2026 11AM - 8PM"
"3775",="260115466JM28J","CLL3ARA115659675 $","","SPX Express","ARLA PH","Shopee Philippines (Arla Shopee)","15 Jan, 2026","5 mins ago","16 Jan, 2026 11AM - 8PM"
"3776",="260115467PTE4A","CLL3BAN115659680 $","","SPX Express","Lego","Shopee Philippines (Lego Shopee)","15 Jan, 2026","5 mins ago","02 Feb, 2026 11AM - 8PM"
"3777",="260115462JUPYP","CLL3LGM115659685 $","","SPX Express","LAGUNA MAIN COMPANY","Shopee Philippines (Mc Cormick Shopee)","15 Jan, 2026","5 mins ago","16 Jan, 2026 11AM - 8PM"
"3778",="2601154643F4K1","CLL3MNE115659687 $","","SPX Express","Monde Nissin","Shopee Philippines (Monde Nissin Shopee)","15 Jan, 2026","5 mins ago","16 Jan, 2026 11AM - 8PM"
"3779",="260115467G4X1A","CLL3LGM115659697 $","","SPX Express","LAGUNA MAIN COMPANY","Shopee Philippines (Mogu Mogu Shopee)","15 Jan, 2026","5 mins ago","16 Jan, 2026 11AM - 8PM"
"3780",="260115463DGNC8","CLL3MNE115659704 $","","SPX Express","Monde Nissin","Shopee Philippines (Monde Nissin Shopee)","15 Jan, 2026","5 mins ago","16 Jan, 2026 11AM - 8PM"
"3781",="582124583473743599","CLL3TYB115659705 $","","J&T Express","Tiny buds","Tiktok Philippines (Tiny Buds Tiktok)","15 Jan, 2026","5 mins ago","16 Jan, 2026 11AM - 8PM"
"3782",="582124419534325182","CLL3TYB115659706 $","","J&T Express","Tiny buds","Tiktok Philippines (Tiny Buds Tiktok)","15 Jan, 2026","5 mins ago","16 Jan, 2026 11AM - 8PM"
"3783",="1065010034687128","CLL3ARA115659710","","LEX PH","ARLA PH","Lazada Philippines (Arla Lazada)","15 Jan, 2026","5 mins ago","16 Jan, 2026 11AM - 8PM"
"3784",="1073366573198814","CLL3TBY115659711","","LEX PH","The Body Shop","Lazada Philippines (The Body Shop Lazada)","15 Jan, 2026","5 mins ago","16 Jan, 2026 11AM - 8PM"
"3785",="582124731211351530","CLL3ARA115659712 $","","J&T Express","ARLA PH","Tiktok Philippines (Arla Tiktok)","15 Jan, 2026","5 mins ago","16 Jan, 2026 11AM - 8PM"
"3786",="582124781652641121","CLL3REB115659713 $","","Flash Express Philippines","Rebisco Marketplace Laguna","Tiktok Philippines (Rebisco Tiktok)","15 Jan, 2026","5 mins ago","16 Jan, 2026 11AM - 8PM"
"3787",="1073374148496684","CLL3REB115659714 $","","LEX PH","Rebisco Marketplace Laguna","Lazada Philippines (Rebisco Lazada)","15 Jan, 2026","5 mins ago","16 Jan, 2026 11AM - 8PM"
"3788",="1065012202746914","CLL3REB115659715","","LEX PH","Rebisco Marketplace Laguna","Lazada Philippines (Rebisco Lazada)","15 Jan, 2026","5 mins ago","16 Jan, 2026 11AM - 8PM"
"3789",="1064993687300403","CLL3LGM115659718","","LEX","LAGUNA MAIN COMPANY","Lazada Philippines (Mc Cormick Lazada)","15 Jan, 2026","5 mins ago","16 Jan, 2026 11AM - 8PM"
"3790",="1073376720148357","CLL3LGM115659720","","LEX","LAGUNA MAIN COMPANY","Lazada Philippines (Mc Cormick Lazada)","15 Jan, 2026","5 mins ago","16 Jan, 2026 11AM - 8PM"
"3791",="1073377319147030","CLL3MNE115659721","","LEX","Monde Nissin","Lazada Philippines (Monde Nissin Lazada)","15 Jan, 2026","5 mins ago","16 Jan, 2026 11AM - 8PM"
"3792",="582124527009630163","CLL3TYB115659722 $","","J&T Express","Tiny buds","Tiktok Philippines (Tiny Buds Tiktok)","15 Jan, 2026","5 mins ago","16 Jan, 2026 11AM - 8PM"
"3793",="582124563632260267","CLL3TYB115659728 $","","J&T Express","Tiny buds","Tiktok Philippines (Tiny Buds Tiktok)","15 Jan, 2026","5 mins ago","16 Jan, 2026 11AM - 8PM"
"3794",="26011546BVCEX0","CLL3REB115659735 $","","SPX Express","Rebisco Marketplace Laguna","Shopee Philippines (Rebisco Shopee)","15 Jan, 2026","4 mins ago","16 Jan, 2026 11AM - 8PM"
"3795",="582124742443893853","CLL3TYB115659737 $","","J&T Express","Tiny buds","Tiktok Philippines (Tiny Buds Tiktok)","15 Jan, 2026","4 mins ago","16 Jan, 2026 11AM - 8PM"
"3796",="582124729165841990","CLL3TYB115659738 $","","J&T Express","Tiny buds","Tiktok Philippines (Tiny Buds Tiktok)","15 Jan, 2026","4 mins ago","16 Jan, 2026 11AM - 8PM"
"3797",="582124778494788706","CLL3TYB115659740 $","","J&T Express","Tiny buds","Tiktok Philippines (Tiny Buds Tiktok)","15 Jan, 2026","4 mins ago","16 Jan, 2026 11AM - 8PM"
"3798",="26011546W9BFFA","CLL3MNE115659741","","SPX Express","Monde Nissin","Shopee Philippines (Monde Nissin Shopee)","15 Jan, 2026","4 mins ago","16 Jan, 2026 11AM - 8PM"
"3799",="26011546BA83FX","CLL3REB115659743 $","","SPX Express","Rebisco Marketplace Laguna","Shopee Philippines (Rebisco Shopee)","15 Jan, 2026","4 mins ago","16 Jan, 2026 11AM - 8PM"
"3800",="26011546JPSQRU","CLL3LGM115659745","","SPX Express","LAGUNA MAIN COMPANY","Shopee Philippines (Mc Cormick Shopee)","15 Jan, 2026","4 mins ago","16 Jan, 2026 11AM - 8PM"
"3801",="582124540177843268","CLL3MNE115659752 $","","J&T Express","Monde Nissin","Tiktok Philippines (Monde Nissin Tiktok)","15 Jan, 2026","4 mins ago","16 Jan, 2026 11AM - 8PM"
"3802",="26011546WX8AH9","CLL3MNE115659753","","J&T Cargo","Monde Nissin","Shopee Philippines (Monde Nissin Shopee)","15 Jan, 2026","4 mins ago","16 Jan, 2026 11AM - 8PM"
"3803",="26011546ADMYQ0","CLL3REB115659754 $","","SPX Express","Rebisco Marketplace Laguna","Shopee Philippines (Rebisco Shopee)","15 Jan, 2026","4 mins ago","16 Jan, 2026 11AM - 8PM"
"3804",="26011546BFYA2W","CLL3REB115659757 $","","SPX Express","Rebisco Marketplace Laguna","Shopee Philippines (Rebisco Shopee)","15 Jan, 2026","4 mins ago","16 Jan, 2026 11AM - 8PM"
"3805",="26011546B1PMRJ","CLL3MNE115659759 $","","SPX Express","Monde Nissin","Shopee Philippines (Monde Nissin Shopee)","15 Jan, 2026","4 mins ago","16 Jan, 2026 11AM - 8PM"
"3806",="582124587058627964","CLL3MNE115659760 $","","J&T Express","Monde Nissin","Tiktok Philippines (Monde Nissin Tiktok)","15 Jan, 2026","4 mins ago","16 Jan, 2026 11AM - 8PM"
"3807",="26011546AWU3DJ","CLL3REB115659762 $","","SPX Express","Rebisco Marketplace Laguna","Shopee Philippines (Rebisco Shopee)","15 Jan, 2026","4 mins ago","16 Jan, 2026 11AM - 8PM"
"3808",="582124584592508639","CLL3TYB115659763 $","","J&T Express","Tiny buds","Tiktok Philippines (Tiny Buds Tiktok)","15 Jan, 2026","4 mins ago","16 Jan, 2026 11AM - 8PM"
"3809",="26011546VWUW62","CLL3ARA115659764","","SPX Express","ARLA PH","Shopee Philippines (Arla Shopee)","15 Jan, 2026","4 mins ago","16 Jan, 2026 11AM - 8PM"
"3810",="582124519070140390","CLL3GNC115659767 $","","J&T Express","Green Cross","Tiktok Philippines (Greencross Tiktok)","15 Jan, 2026","4 mins ago","16 Jan, 2026 11AM - 8PM"
"3811",="26011546AYQ83B","CLL3MNE115659772 $","","SPX Express","Monde Nissin","Shopee Philippines (Monde Nissin Shopee)","15 Jan, 2026","4 mins ago","16 Jan, 2026 11AM - 8PM"
"3812",="582124543809718192","CLL3TYB115659776 $","","J&T Express","Tiny buds","Tiktok Philippines (Tiny Buds Tiktok)","15 Jan, 2026","4 mins ago","16 Jan, 2026 11AM - 8PM"
"3813",="582124510235100502","CLL3TYB115659779 $","","J&T Express","Tiny buds","Tiktok Philippines (Tiny Buds Tiktok)","15 Jan, 2026","4 mins ago","16 Jan, 2026 11AM - 8PM"
"3814",="26011546AHEMGX","CLL3LGM115659780 $","","SPX Express","LAGUNA MAIN COMPANY","Shopee Philippines (Mc Cormick Shopee)","15 Jan, 2026","4 mins ago","16 Jan, 2026 11AM - 8PM"
"3815",="26011546C4WAJ6","CLL3REB115659781 $","","SPX Express","Rebisco Marketplace Laguna","Shopee Philippines (Rebisco Shopee)","15 Jan, 2026","4 mins ago","16 Jan, 2026 11AM - 8PM"
"3816",="26011546D88YKD","CLL3MNE115659783 $","","SPX Express","Monde Nissin","Shopee Philippines (Monde Nissin Shopee)","15 Jan, 2026","3 mins ago","16 Jan, 2026 11AM - 8PM"
"3817",="26011546CJ9G0S","CLL3MNE115659784 $","","SPX Express","Monde Nissin","Shopee Philippines (Monde Nissin Shopee)","15 Jan, 2026","3 mins ago","16 Jan, 2026 11AM - 8PM"
"3818",="582124575660606473","CLL3TYB115659786 $","","J&T Express","Tiny buds","Tiktok Philippines (Tiny Buds Tiktok)","15 Jan, 2026","3 mins ago","16 Jan, 2026 11AM - 8PM"
"3819",="582124533169424235","CLL3TYB115659787","","J&T Express","Tiny buds","Tiktok Philippines (Tiny Buds Tiktok)","15 Jan, 2026","3 mins ago","16 Jan, 2026 11AM - 8PM"
"3820",="260115468YV5YH","CLL3LGM115659788 $","","SPX Express","LAGUNA MAIN COMPANY","Shopee Philippines (Mc Cormick Shopee)","15 Jan, 2026","3 mins ago","16 Jan, 2026 11AM - 8PM"
"3821",="260115469RP8N1","CLL3MNE115659789 $","","SPX Express","Monde Nissin","Shopee Philippines (Monde Nissin Shopee)","15 Jan, 2026","3 mins ago","16 Jan, 2026 11AM - 8PM"
"3822",="582124642687681707","CLL3TYB115659791 $","","J&T Express","Tiny buds","Tiktok Philippines (Tiny Buds Tiktok)","15 Jan, 2026","3 mins ago","16 Jan, 2026 11AM - 8PM"
"3823",="2601154694JNRS","CLL3MNE115659792 $","","SPX Express","Monde Nissin","Shopee Philippines (Monde Nissin Shopee)","15 Jan, 2026","3 mins ago","16 Jan, 2026 11AM - 8PM"
"3824",="260115467WG6JQ","CLL3BAN115659794 $","","SPX Express","Lego","Shopee Philippines (Lego Shopee)","15 Jan, 2026","3 mins ago","16 Jan, 2026 11AM - 8PM"
"3825",="260115468BTCS7","CLL3MNE115659793 $","","SPX Express","Monde Nissin","Shopee Philippines (Monde Nissin Shopee)","15 Jan, 2026","3 mins ago","16 Jan, 2026 11AM - 8PM"
"3826",="26011546T8YVXU","CLL3MNE115659796","","SPX Express","Monde Nissin","Shopee Philippines (Monde Nissin Shopee)","15 Jan, 2026","3 mins ago","16 Jan, 2026 11AM - 8PM"
"3827",="26011546U5J1H0","CLL3MNE115659797","","SPX Express","Monde Nissin","Shopee Philippines (Monde Nissin Shopee)","15 Jan, 2026","3 mins ago","16 Jan, 2026 11AM - 8PM"
"3828",="26011546VYRU8U","CLL3LGM115659798","","SPX Express","LAGUNA MAIN COMPANY","Shopee Philippines (Mentholatum Shopee)","15 Jan, 2026","3 mins ago","16 Jan, 2026 11AM - 8PM"
"3829",="26011546C077CQ","CLL3REB115659799 $","","SPX Express","Rebisco Marketplace Laguna","Shopee Philippines (Rebisco Shopee)","15 Jan, 2026","3 mins ago","16 Jan, 2026 11AM - 8PM"
"3830",="582124543368660322","CLL3TYB115659800 $","","J&T Express","Tiny buds","Tiktok Philippines (Tiny Buds Tiktok)","15 Jan, 2026","3 mins ago","16 Jan, 2026 11AM - 8PM"
"3831",="26011546TT5831","CLL3MNE115659801","","SPX Express","Monde Nissin","Shopee Philippines (Monde Nissin Shopee)","15 Jan, 2026","3 mins ago","16 Jan, 2026 11AM - 8PM"
"3832",="26011546XKA5F7","CLL3MNE115659802","","SPX Express","Monde Nissin","Shopee Philippines (Monde Nissin Shopee)","15 Jan, 2026","3 mins ago","16 Jan, 2026 11AM - 8PM"
"3833",="26011546CVTND6","CLL3MNE115659803 $","","SPX Express","Monde Nissin","Shopee Philippines (Monde Nissin Shopee)","15 Jan, 2026","3 mins ago","16 Jan, 2026 11AM - 8PM"
"3834",="26011546U7HJAE","CLL3MNE115659804","","SPX Express","Monde Nissin","Shopee Philippines (Monde Nissin Shopee)","15 Jan, 2026","3 mins ago","16 Jan, 2026 11AM - 8PM"
"3835",="2601142KA8NBWQ","CLL3BAN115636406","","SPX Express","Lego","Shopee Philippines (Lego Shopee)","14 Jan, 2026","15 hrs ago","30 Jan, 2026 11AM - 8PM"
"3836",="582124559714124981","CLL3TYB115659806","","J&T Express","Tiny buds","Tiktok Philippines (Tiny Buds Tiktok)","15 Jan, 2026","3 mins ago","16 Jan, 2026 11AM - 8PM"
"3837",="26011546C077CR","CLL3MNE115659809 $","","SPX Express","Monde Nissin","Shopee Philippines (Monde Nissin Shopee)","15 Jan, 2026","3 mins ago","16 Jan, 2026 11AM - 8PM"
"3838",="582124507546485832","CLL3TYB115659813 $","","J&T Express","Tiny buds","Tiktok Philippines (Tiny Buds Tiktok)","15 Jan, 2026","3 mins ago","16 Jan, 2026 11AM - 8PM"
"3839",="582124544039814890","CLL3TYB115659818","","J&T Express","Tiny buds","Tiktok Philippines (Tiny Buds Tiktok)","15 Jan, 2026","3 mins ago","16 Jan, 2026 11AM - 8PM"
"3840",="260115469WES1N","CLL3MNE115659820 $","","SPX Express","Monde Nissin","Shopee Philippines (Monde Nissin Shopee)","15 Jan, 2026","3 mins ago","16 Jan, 2026 11AM - 8PM"
"3841",="582124503659087700","CLL3TYB115659823 $","","Ninja Van Philippines","Tiny buds","Tiktok Philippines (Tiny Buds Tiktok)","15 Jan, 2026","3 mins ago","16 Jan, 2026 11AM - 8PM"
"3842",="582124645869258682","CLL3TYB115659825 $","","J&T Express","Tiny buds","Tiktok Philippines (Tiny Buds Tiktok)","15 Jan, 2026","2 mins ago","16 Jan, 2026 11AM - 8PM"
"3843",="26011546UD7K6S","CLL3BNE115659827","","SPX Express","Gundam","Shopee Philippines (Gundam Shopee)","15 Jan, 2026","2 mins ago","16 Jan, 2026 11AM - 8PM"
"3844",="582124532060620515","CLL3TYB115659833","","J&T Express","Tiny buds","Tiktok Philippines (Tiny Buds Tiktok)","15 Jan, 2026","2 mins ago","16 Jan, 2026 11AM - 8PM"
"3845",="582124623561786821","CLL3MNE115659835 $","","J&T Express","Monde Nissin","Tiktok Philippines (Monde Nissin Tiktok)","15 Jan, 2026","2 mins ago","16 Jan, 2026 11AM - 8PM"
"3846",="582124599539500540","CLL3TYB115659836 $","","J&T Express","Tiny buds","Tiktok Philippines (Tiny Buds Tiktok)","15 Jan, 2026","2 mins ago","16 Jan, 2026 11AM - 8PM"
"3847",="582124597605074069","CLL3MNE115659838","","Flash Express Philippines","Monde Nissin","Tiktok Philippines (Monde Nissin Tiktok)","15 Jan, 2026","2 mins ago","16 Jan, 2026 11AM - 8PM"
"3848",="582124634274694770","CLL3TYB115659839 $","","J&T Express","Tiny buds","Tiktok Philippines (Tiny Buds Tiktok)","15 Jan, 2026","2 mins ago","16 Jan, 2026 11AM - 8PM"
"3849",="582124628486358407","CLL3TYB115659840 $","","J&T Express","Tiny buds","Tiktok Philippines (Tiny Buds Tiktok)","15 Jan, 2026","2 mins ago","16 Jan, 2026 11AM - 8PM"
"3850",="582124709171529034","CLL3TYB115659841 $","","J&T Express","Tiny buds","Tiktok Philippines (Tiny Buds Tiktok)","15 Jan, 2026","1 mins ago","16 Jan, 2026 11AM - 8PM"
"3851",="582124619980834709","CLL3TYB115659842 $","","J&T Express","Tiny buds","Tiktok Philippines (Tiny Buds Tiktok)","15 Jan, 2026","1 mins ago","16 Jan, 2026 11AM - 8PM"
"3852",="582124609723336100","CLL3MNE115659844","","J&T Express","Monde Nissin","Tiktok Philippines (Monde Nissin Tiktok)","15 Jan, 2026","1 mins ago","16 Jan, 2026 11AM - 8PM"
"3853",="582124609883833347","CLL3TYB115659845","","J&T Express","Tiny buds","Tiktok Philippines (Tiny Buds Tiktok)","15 Jan, 2026","1 mins ago","16 Jan, 2026 11AM - 8PM"
"3854",="582124589719455450","CLL3TYB115659847 $","","J&T Express","Tiny buds","Tiktok Philippines (Tiny Buds Tiktok)","15 Jan, 2026","1 mins ago","16 Jan, 2026 11AM - 8PM"
"3855",="582124005316069254","CLL3REB115659850 $","","Flash Express Philippines","Rebisco Marketplace Laguna","Tiktok Philippines (Rebisco Tiktok)","15 Jan, 2026","1 mins ago","16 Jan, 2026 11AM - 8PM"
"3856",="26011546EWM5M7","CLL3LGM115659851 $","","SPX Express","LAGUNA MAIN COMPANY","Shopee Philippines (Mentholatum Shopee)","15 Jan, 2026","1 mins ago","16 Jan, 2026 11AM - 8PM"
"3857",="582124597895922719","CLL3TYB115659852 $","","J&T Express","Tiny buds","Tiktok Philippines (Tiny Buds Tiktok)","15 Jan, 2026","1 mins ago","16 Jan, 2026 11AM - 8PM"
"3858",="582124661761017659","CLL3MNE115659853 $","","J&T Express","Monde Nissin","Tiktok Philippines (Monde Nissin Tiktok)","15 Jan, 2026","1 mins ago","16 Jan, 2026 11AM - 8PM"